{
  "status": "matched_context_only",
  "source_id": "colorado-springs-construction-fees-atlas-directed",
  "query": "PPRBD",
  "evidence_verified": true,
  "source": {
    "source_id": "colorado-springs-construction-fees-atlas-directed",
    "historical_review_source_id": "SD014-02",
    "authority_id": "CO-MUNICIPAL-COLORADO_SPRINGS",
    "issuer": "Colorado Springs Fire Department, Division of the Fire Marshal",
    "collector_qualification": "The City fire department issues this schedule. The complete Construction Plan Check Fee definition identifies Pikes Peak Regional Building Department (PPRBD) as the collector through its plan portal; this does not reassign the issuing authority. Accela submission is separately described for the fire-system plan-check fee.",
    "source_role": "fee_schedule_as_received",
    "pdf": {
      "path": "/Users/mcoors/Documents/Project Geode/MasterLegalDatabase/research/local_review/colorado-springs-construction-fees-qa-2026-09-12/source/original.pdf",
      "sha256": "e35de501a011fe55f03140bf91aef54226997d896fec0b6308a2eac9bd40909a",
      "size_bytes": 258393
    },
    "review": {
      "path": "/Users/mcoors/Documents/Project Geode/MasterLegalDatabase/research/local_review/colorado-springs-construction-fees-qa-2026-09-12/SOURCE_QA.json",
      "sha256": "cb27452624c2b1be332a4eb241bee03520046466f95f696dee3a59cd7e94dc70",
      "size_bytes": 339600
    },
    "manifest": {
      "path": "/Users/mcoors/Documents/Project Geode/MasterLegalDatabase/research/local_review/colorado-springs-construction-fees-qa-2026-09-12/FINAL_MANIFEST.json",
      "sha256": "9b691fafa9c734adc5b7be1f475ae2946826111b5ac569b45c22e023fdf320b5",
      "size_bytes": 14731
    },
    "acceptance": {
      "path": "/Users/mcoors/Documents/Project Geode/MasterLegalDatabase/docs/audits/FOUR_HOUR_RUN_2026-09-12/COLORADO_SPRINGS_CONSTRUCTION_QA/ACCEPTANCE.json",
      "sha256": "7c415b46fb5e2c0a317bb9071c9f58c21405564b92360791cb3aa617c1a2c659",
      "size_bytes": 1817
    },
    "official_url": "https://coloradosprings.gov/system/files/2026-07/2026%20Fee%20Schedule%20Construction%20Services.pdf",
    "request_started_at": "2026-09-12T23:10:46.676197Z",
    "response_finished_at": "2026-09-12T23:10:47.380038Z",
    "http_status": 200,
    "redirect_count": 0,
    "acquisition_method": "Atlas direct ordinary HTTPS GET retained complete response",
    "custody_receipts": [
      {
        "path": "/Users/mcoors/Documents/Project Geode/MasterLegalDatabase/research/local_review/colorado-springs-construction-fees-qa-2026-09-12/custody/reservation.json",
        "sha256": "c7fdd28fd67f66c07a02d22d3b9f1002a8499efda3f8323a53c8870ceee37f3d",
        "size_bytes": 377
      },
      {
        "path": "/Users/mcoors/Documents/Project Geode/MasterLegalDatabase/research/local_review/colorado-springs-construction-fees-qa-2026-09-12/custody/result.json",
        "sha256": "8cdb5dd793325b2f362e0ea2777d3619eec6f79b6cbca32070aee71fc9121f80",
        "size_bytes": 805
      },
      {
        "path": "/Users/mcoors/Documents/Project Geode/MasterLegalDatabase/research/local_review/colorado-springs-construction-fees-qa-2026-09-12/custody/public-headers.json",
        "sha256": "1895497c793636026aecb36f57cd88fddd773cac2b3c3e0784043dfc506da6de",
        "size_bytes": 409
      },
      {
        "path": "/Users/mcoors/Documents/Project Geode/MasterLegalDatabase/research/local_review/colorado-springs-construction-fees-qa-2026-09-12/custody/body.bin",
        "sha256": "e35de501a011fe55f03140bf91aef54226997d896fec0b6308a2eac9bd40909a",
        "size_bytes": 258393
      },
      {
        "path": "/Users/mcoors/Documents/Project Geode/MasterLegalDatabase/research/local_review/colorado-springs-construction-fees-qa-2026-09-12/custody/plan.json",
        "sha256": "05944854640315ce7674da6a255c80be81b2faa268599afa53d85ac894375ef3",
        "size_bytes": 3899
      }
    ],
    "canonical_intake_verified": true,
    "intake_received_at": "2026-09-12T23:56:16.492216Z",
    "intake_id": "MSI-20260912T235616492216Z-colorado-springs-construction-fees-atlas-directed",
    "canonical_original": {
      "path": "/Users/mcoors/Documents/Project Geode/MasterLegalDatabase/_RAW_ARCHIVE/manual_intake/10_Municipal_Authorities/colorado-springs-construction-fees-atlas-directed/20260912T235616Z_2026_Fee_Schedule_Construction_Services.pdf",
      "sha256": "e35de501a011fe55f03140bf91aef54226997d896fec0b6308a2eac9bd40909a",
      "size_bytes": 258393
    },
    "intake_evidence": [
      {
        "path": "/Users/mcoors/Documents/Project Geode/MasterLegalDatabase/research/local_review/colorado-springs-intake-2026-09-12/INVENTORY.json",
        "sha256": "4bc0e43c6bd61243353b653880c87835461e2d272a3d1739ef1dd0a3010dc50e",
        "size_bytes": 27015
      },
      {
        "path": "/Users/mcoors/Documents/Project Geode/MasterLegalDatabase/research/local_review/colorado-springs-intake-2026-09-12/INVENTORY.schema.json",
        "sha256": "a750cd8f6c05a2531c47950dc1129e6fca93b2a55c0cf143dffaa48f4a1834ff",
        "size_bytes": 1206
      },
      {
        "path": "/Users/mcoors/Documents/Project Geode/MasterLegalDatabase/research/local_review/colorado-springs-intake-2026-09-12/validate_package.py",
        "sha256": "fc80d0255bcd1b1f18fa7b265b6bab0e6c4a61709e45baab4e198763f642c7c1",
        "size_bytes": 3603
      },
      {
        "path": "/Users/mcoors/Documents/Project Geode/MasterLegalDatabase/research/local_review/colorado-springs-intake-2026-09-12/ACCEPTANCE.json",
        "sha256": "503b98fb62561d3cee436f938c0555554a458547ef546f94576cf0abcafe5f12",
        "size_bytes": 1978
      },
      {
        "path": "/Users/mcoors/Documents/Project Geode/MasterLegalDatabase/research/local_review/colorado-springs-intake-2026-09-12/prepared-transaction/execution/RECEIPT.json",
        "sha256": "59efef8ab0b90059004f85054acca3b82bcf613c34eaaba20b37d5a521b8d5ff",
        "size_bytes": 10770
      },
      {
        "path": "/Users/mcoors/Documents/Project Geode/MasterLegalDatabase/research/local_review/colorado-springs-intake-2026-09-12/prepared-transaction/execution/INTENT.json",
        "sha256": "fa9ab7c7a44b2836a8f2fd149472bdf52b872828a21794ee8d903faceebe70ce",
        "size_bytes": 9301
      }
    ],
    "intake_qualification": "Completed canonical intake receipt and present original are verified. Historical proposal text remains unchanged; intake does not establish current law.",
    "printed_effective_date": "07/01/2026",
    "effective_date_verification": "printed_claim_only",
    "adoption_verification": "not_verified",
    "reviewed_at": "2026-09-12T23:25:12.368265Z",
    "review_method": "Atlas source-first direct image QA followed by native comparison; title and role known, not blind",
    "native_byte_count": 14423,
    "native_line_count": 410,
    "native_byte_basis": "Zero-based half-open UTF-8 offsets in the named unchanged physical-page native file; PDF bboxes in points, crop bboxes in 200 dpi original-image pixels."
  },
  "rows": [],
  "technology_fee": {
    "row_id": "P4-MISC-01",
    "table_id": "misc",
    "physical_page": 4,
    "label": {
      "page": 4,
      "line_ids": [
        "P4-L070"
      ],
      "exact_native_text": "Technology Fee – assessed on all permits \n",
      "native_ranges": [
        [
          1844,
          1888
        ]
      ],
      "pdf_bboxes": [
        [
          77.4000015258789,
          696.4329833984375,
          263.1350402832031,
          711.2044677734375
        ]
      ],
      "pixel_bboxes": [
        [
          215,
          1934,
          731,
          1976
        ]
      ],
      "native_file": {
        "path": "/Users/mcoors/Documents/Project Geode/MasterLegalDatabase/research/local_review/colorado-springs-construction-fees-qa-2026-09-12/native/page-0004.txt",
        "sha256": "1d06aa201ce2db2121e82d51dde04aa5f9f0b8e16709e2539f84c1d6ecdaa147",
        "size_bytes": 1973
      },
      "page_image": {
        "path": "/Users/mcoors/Documents/Project Geode/MasterLegalDatabase/research/local_review/colorado-springs-construction-fees-qa-2026-09-12/images/page-4.png",
        "sha256": "5afcdf4d1f8426409916ae17f0ff554a99198aa827669f17b2d572ffe56f9e98",
        "size_bytes": 397503
      },
      "text_sha256": "1766bc04eb147420b24b39ec42064e494d1a0d56f8d4eb1ff81adeca087c6ce5",
      "offset_basis": "unchanged_physical_page_native_utf8_half_open",
      "role": "label"
    },
    "fee_as_printed": {
      "page": 4,
      "line_ids": [
        "P4-L071"
      ],
      "exact_native_text": "$25.00 \n",
      "native_ranges": [
        [
          1888,
          1896
        ]
      ],
      "pdf_bboxes": [
        [
          506.5199890136719,
          696.4329833984375,
          539.6150512695312,
          711.2044677734375
        ]
      ],
      "pixel_bboxes": [
        [
          1406,
          1934,
          1499,
          1976
        ]
      ],
      "native_file": {
        "path": "/Users/mcoors/Documents/Project Geode/MasterLegalDatabase/research/local_review/colorado-springs-construction-fees-qa-2026-09-12/native/page-0004.txt",
        "sha256": "1d06aa201ce2db2121e82d51dde04aa5f9f0b8e16709e2539f84c1d6ecdaa147",
        "size_bytes": 1973
      },
      "page_image": {
        "path": "/Users/mcoors/Documents/Project Geode/MasterLegalDatabase/research/local_review/colorado-springs-construction-fees-qa-2026-09-12/images/page-4.png",
        "sha256": "5afcdf4d1f8426409916ae17f0ff554a99198aa827669f17b2d572ffe56f9e98",
        "size_bytes": 397503
      },
      "text_sha256": "fcf1ffafb71baeded0afc81f1a8f8ba04628f9875d2cc4b5d64023eb00926c58",
      "offset_basis": "unchanged_physical_page_native_utf8_half_open",
      "role": "fee_as_printed"
    },
    "global_context_ids": [
      "GENERAL-PLAN-REVIEW",
      "IMPLEMENTATION",
      "OTHER-SCHEDULE",
      "P4-MISC-01"
    ],
    "table_context_ids": [],
    "definition_ids": [
      "DEF-EXPEDITED",
      "DEF-FIRE-PLAN-CHECK",
      "DEF-PREPLAN"
    ],
    "context_rule": "Return the complete global context, linked table notes and definitions with this source row; conditions remain source wording, not an applicability decision."
  },
  "tables": [
    {
      "table_id": "water",
      "heading_block_id": "HEADING-WATER",
      "page_order": [
        2
      ],
      "row_ids": [
        "P2-WATER-01",
        "P2-WATER-02",
        "P2-WATER-03",
        "P2-WATER-04",
        "P2-WATER-05"
      ],
      "column_roles": "Unlabeled left description and right fee columns; roles are visual associations, not invented printed column headings."
    },
    {
      "table_id": "construction",
      "heading_block_id": "HEADING-CONSTRUCTION",
      "page_order": [
        2,
        3,
        4
      ],
      "row_ids": [
        "P2-CONSTRUCTION-01",
        "P2-CONSTRUCTION-02",
        "P2-CONSTRUCTION-03",
        "P2-CONSTRUCTION-04",
        "P2-CONSTRUCTION-05",
        "P2-CONSTRUCTION-06",
        "P2-CONSTRUCTION-07",
        "P2-CONSTRUCTION-08",
        "P2-CONSTRUCTION-09",
        "P2-CONSTRUCTION-10",
        "P2-CONSTRUCTION-11",
        "P2-CONSTRUCTION-12",
        "P2-CONSTRUCTION-13",
        "P2-CONSTRUCTION-14",
        "P2-CONSTRUCTION-15",
        "P2-CONSTRUCTION-16",
        "P2-CONSTRUCTION-17",
        "P2-CONSTRUCTION-18",
        "P2-CONSTRUCTION-19",
        "P2-CONSTRUCTION-20",
        "P2-CONSTRUCTION-21",
        "P2-CONSTRUCTION-22",
        "P2-CONSTRUCTION-23",
        "P2-CONSTRUCTION-24",
        "P2-CONSTRUCTION-25",
        "P2-CONSTRUCTION-26",
        "P2-CONSTRUCTION-27",
        "P2-CONSTRUCTION-28",
        "P2-CONSTRUCTION-29",
        "P2-CONSTRUCTION-30",
        "P3-CONSTRUCTION-01",
        "P3-CONSTRUCTION-02",
        "P3-CONSTRUCTION-03",
        "P3-CONSTRUCTION-04",
        "P3-CONSTRUCTION-05",
        "P3-CONSTRUCTION-06",
        "P3-CONSTRUCTION-07",
        "P3-CONSTRUCTION-08",
        "P3-CONSTRUCTION-09",
        "P3-CONSTRUCTION-10",
        "P3-CONSTRUCTION-11",
        "P3-CONSTRUCTION-12",
        "P3-CONSTRUCTION-13",
        "P3-CONSTRUCTION-14",
        "P3-CONSTRUCTION-15",
        "P3-CONSTRUCTION-16",
        "P3-CONSTRUCTION-17",
        "P3-CONSTRUCTION-18",
        "P3-CONSTRUCTION-19",
        "P3-CONSTRUCTION-20",
        "P3-CONSTRUCTION-21",
        "P3-CONSTRUCTION-22",
        "P3-CONSTRUCTION-23",
        "P3-CONSTRUCTION-24",
        "P3-CONSTRUCTION-25",
        "P3-CONSTRUCTION-26",
        "P3-CONSTRUCTION-27",
        "P3-CONSTRUCTION-28",
        "P3-CONSTRUCTION-29",
        "P3-CONSTRUCTION-30",
        "P3-CONSTRUCTION-31",
        "P3-CONSTRUCTION-32",
        "P3-CONSTRUCTION-33",
        "P3-CONSTRUCTION-34",
        "P3-CONSTRUCTION-35",
        "P3-CONSTRUCTION-36",
        "P3-CONSTRUCTION-37",
        "P3-CONSTRUCTION-38",
        "P3-CONSTRUCTION-39",
        "P3-CONSTRUCTION-40",
        "P3-CONSTRUCTION-41",
        "P3-CONSTRUCTION-42",
        "P3-CONSTRUCTION-43",
        "P3-CONSTRUCTION-44",
        "P3-CONSTRUCTION-45",
        "P4-CONSTRUCTION-01",
        "P4-CONSTRUCTION-02"
      ],
      "column_roles": "Unlabeled left description and right fee columns; roles are visual associations, not invented printed column headings."
    },
    {
      "table_id": "alarm",
      "heading_block_id": "HEADING-ALARM",
      "page_order": [
        4
      ],
      "row_ids": [
        "P4-ALARM-01",
        "P4-ALARM-02",
        "P4-ALARM-03",
        "P4-ALARM-04",
        "P4-ALARM-05",
        "P4-ALARM-06",
        "P4-ALARM-07",
        "P4-ALARM-08",
        "P4-ALARM-09"
      ],
      "column_roles": "Unlabeled left description and right fee columns; roles are visual associations, not invented printed column headings."
    },
    {
      "table_id": "sprinkler",
      "heading_block_id": "HEADING-SPRINKLER",
      "page_order": [
        4
      ],
      "row_ids": [
        "P4-SPRINKLER-01",
        "P4-SPRINKLER-02",
        "P4-SPRINKLER-03",
        "P4-SPRINKLER-04",
        "P4-SPRINKLER-05",
        "P4-SPRINKLER-06",
        "P4-SPRINKLER-07",
        "P4-SPRINKLER-08",
        "P4-SPRINKLER-09",
        "P4-SPRINKLER-10"
      ],
      "column_roles": "Unlabeled left description and right fee columns; roles are visual associations, not invented printed column headings."
    },
    {
      "table_id": "fixed",
      "heading_block_id": "HEADING-FIXED",
      "page_order": [
        4
      ],
      "row_ids": [
        "P4-FIXED-01",
        "P4-FIXED-02",
        "P4-FIXED-03",
        "P4-FIXED-04"
      ],
      "column_roles": "Unlabeled left description and right fee columns; roles are visual associations, not invented printed column headings."
    },
    {
      "table_id": "misc",
      "heading_block_id": "HEADING-MISC",
      "page_order": [
        4,
        5
      ],
      "row_ids": [
        "P4-MISC-01",
        "P4-MISC-02",
        "P5-MISC-01",
        "P5-MISC-02",
        "P5-MISC-03",
        "P5-MISC-04",
        "P5-MISC-05",
        "P5-MISC-06",
        "P5-MISC-07",
        "P5-MISC-08"
      ],
      "column_roles": "Unlabeled left description and right fee columns; roles are visual associations, not invented printed column headings."
    },
    {
      "table_id": "inspections",
      "heading_block_id": "HEADING-INSPECTIONS",
      "page_order": [
        5
      ],
      "row_ids": [
        "P5-INSPECTIONS-01",
        "P5-INSPECTIONS-02",
        "P5-INSPECTIONS-03",
        "P5-INSPECTIONS-04",
        "P5-INSPECTIONS-05",
        "P5-INSPECTIONS-06",
        "P5-INSPECTIONS-07"
      ],
      "column_roles": "Unlabeled left description and right fee columns; roles are visual associations, not invented printed column headings."
    },
    {
      "table_id": "administrative",
      "heading_block_id": "HEADING-ADMINISTRATIVE",
      "page_order": [
        5
      ],
      "row_ids": [
        "P5-ADMINISTRATIVE-01",
        "P5-ADMINISTRATIVE-02",
        "P5-ADMINISTRATIVE-03",
        "P5-ADMINISTRATIVE-04"
      ],
      "column_roles": "Unlabeled left description and right fee columns; roles are visual associations, not invented printed column headings."
    },
    {
      "table_id": "extraterritorial",
      "heading_block_id": "HEADING-EXTRATERRITORIAL",
      "page_order": [
        5
      ],
      "row_ids": [
        "P5-EXTRATERRITORIAL-01",
        "P5-EXTRATERRITORIAL-02"
      ],
      "column_roles": "Unlabeled left description and right fee columns; roles are visual associations, not invented printed column headings."
    }
  ],
  "context": [
    {
      "block_id": "GENERAL-PLAN-REVIEW",
      "kind": "general_note",
      "parts": [
        {
          "page": 2,
          "line_ids": [
            "P2-L006",
            "P2-L007"
          ],
          "exact_native_text": "Unless otherwise noted, a plan review fee includes two plan reviews, an initial inspection, and a final \ninspection. Additional fees may be assessed for subsequent reviews, trips, and re-inspections. \n",
          "native_ranges": [
            [
              37,
              142
            ],
            [
              142,
              238
            ]
          ],
          "pdf_bboxes": [
            [
              72.0,
              95.68993377685547,
              547.0676879882812,
              109.16976928710938
            ],
            [
              72.0111083984375,
              109.12560272216797,
              487.5398254394531,
              122.60977172851562
            ]
          ],
          "pixel_bboxes": [
            [
              200,
              265,
              1520,
              304
            ],
            [
              200,
              303,
              1355,
              341
            ]
          ],
          "native_file": {
            "path": "/Users/mcoors/Documents/Project Geode/MasterLegalDatabase/research/local_review/colorado-springs-construction-fees-qa-2026-09-12/native/page-0002.txt",
            "sha256": "a46cc6612a678b1c20aed0ad2e594a029c3849e44879476a2e2d5acc6587d0db",
            "size_bytes": 2278
          },
          "page_image": {
            "path": "/Users/mcoors/Documents/Project Geode/MasterLegalDatabase/research/local_review/colorado-springs-construction-fees-qa-2026-09-12/images/page-2.png",
            "sha256": "b88b50f587321a147cd2335fb8fa013a5070abfeb5b93dde2ca4b80b0917089f",
            "size_bytes": 404139
          },
          "text_sha256": "f21ccd1c2d41f3342e248f502fa24442a4d43682a70aa534beb7cc4d6bbeda90",
          "offset_basis": "unchanged_physical_page_native_utf8_half_open"
        }
      ],
      "notes": []
    },
    {
      "block_id": "SPRINKLER-INSPECTIONS",
      "kind": "table_note",
      "parts": [
        {
          "page": 4,
          "line_ids": [
            "P4-L054",
            "P4-L055"
          ],
          "exact_native_text": "NOTE: Three sprinkler system inspections shall be allowed, per permit, prior to assessing a trip fee for \nadditional inspections. \n",
          "native_ranges": [
            [
              1405,
              1511
            ],
            [
              1511,
              1536
            ]
          ],
          "pdf_bboxes": [
            [
              77.4000015258789,
              492.6729736328125,
              533.0093383789062,
              507.4444885253906
            ],
            [
              77.4000015258789,
              506.11297607421875,
              180.6902313232422,
              520.8844604492188
            ]
          ],
          "pixel_bboxes": [
            [
              215,
              1368,
              1481,
              1410
            ],
            [
              215,
              1405,
              502,
              1447
            ]
          ],
          "native_file": {
            "path": "/Users/mcoors/Documents/Project Geode/MasterLegalDatabase/research/local_review/colorado-springs-construction-fees-qa-2026-09-12/native/page-0004.txt",
            "sha256": "1d06aa201ce2db2121e82d51dde04aa5f9f0b8e16709e2539f84c1d6ecdaa147",
            "size_bytes": 1973
          },
          "page_image": {
            "path": "/Users/mcoors/Documents/Project Geode/MasterLegalDatabase/research/local_review/colorado-springs-construction-fees-qa-2026-09-12/images/page-4.png",
            "sha256": "5afcdf4d1f8426409916ae17f0ff554a99198aa827669f17b2d572ffe56f9e98",
            "size_bytes": 397503
          },
          "text_sha256": "fec02f16c058c0fdf1f8e117c8273ba2d7daf8a8a168fcb6b90189ee254b8843",
          "offset_basis": "unchanged_physical_page_native_utf8_half_open"
        }
      ],
      "notes": []
    },
    {
      "block_id": "REINSPECTION-NOTE",
      "kind": "table_note",
      "parts": [
        {
          "page": 5,
          "line_ids": [
            "P5-L040",
            "P5-L041"
          ],
          "exact_native_text": "NOTE:  A re-inspection fee may be applied if the site is inaccessible and/or work is not sufficiently pre-\ntested, or hazards are not completed in the required timeframe. \n",
          "native_ranges": [
            [
              1037,
              1144
            ],
            [
              1144,
              1209
            ]
          ],
          "pdf_bboxes": [
            [
              77.4000015258789,
              365.35296630859375,
              532.938232421875,
              380.1244812011719
            ],
            [
              77.4000015258789,
              378.79296875,
              367.1778869628906,
              393.5644836425781
            ]
          ],
          "pixel_bboxes": [
            [
              215,
              1014,
              1481,
              1056
            ],
            [
              215,
              1052,
              1020,
              1094
            ]
          ],
          "native_file": {
            "path": "/Users/mcoors/Documents/Project Geode/MasterLegalDatabase/research/local_review/colorado-springs-construction-fees-qa-2026-09-12/native/page-0005.txt",
            "sha256": "e8adfadad01f5ae9d6044592d82084c6ac19197b8122f1f0c5eca863e3b2327d",
            "size_bytes": 2213
          },
          "page_image": {
            "path": "/Users/mcoors/Documents/Project Geode/MasterLegalDatabase/research/local_review/colorado-springs-construction-fees-qa-2026-09-12/images/page-5.png",
            "sha256": "9de276e026d7e2fc6b4a79023fefb67fdf760ff24b03959161709e6d4dfc4ef7",
            "size_bytes": 402911
          },
          "text_sha256": "9d1f402437354ab5e37ff3dd504d3b03ab996af29bb496e1807a65e60e3ae566",
          "offset_basis": "unchanged_physical_page_native_utf8_half_open"
        }
      ],
      "notes": []
    },
    {
      "block_id": "EXTRATERRITORIAL-NOTE",
      "kind": "table_note",
      "parts": [
        {
          "page": 5,
          "line_ids": [
            "P5-L063",
            "P5-L064",
            "P5-L065",
            "P5-L066",
            "P5-L067"
          ],
          "exact_native_text": "NOTE: Extraterritorial fees shall be applied when a plan review and an inspection is requested for projects \noutside the City of Colorado Springs’ jurisdiction. In addition to all applicable fees, a one-time surcharge \nshall be assessed based on the inspector’s travel-time and roundtrip mileage. Mileage shall be calculated \nusing each city’s center point, as referenced on Google Maps. Mileage shall be calculated at the current \nInternal Revenue Service’s (IRS) standard mileage rate. Surcharges will be rounded to the nearest dollar. \n",
          "native_ranges": [
            [
              1664,
              1773
            ],
            [
              1773,
              1885
            ],
            [
              1885,
              1994
            ],
            [
              1994,
              2102
            ],
            [
              2102,
              2211
            ]
          ],
          "pdf_bboxes": [
            [
              77.4000015258789,
              634.6094360351562,
              546.94140625,
              649.9329833984375
            ],
            [
              77.4000015258789,
              648.1929931640625,
              546.943359375,
              662.9644775390625
            ],
            [
              77.41107177734375,
              661.628662109375,
              546.8739013671875,
              676.400146484375
            ],
            [
              77.40005493164062,
              675.0643310546875,
              546.9291381835938,
              689.8358154296875
            ],
            [
              77.4000015258789,
              688.512939453125,
              545.0150756835938,
              703.284423828125
            ]
          ],
          "pixel_bboxes": [
            [
              215,
              1762,
              1520,
              1806
            ],
            [
              215,
              1800,
              1520,
              1842
            ],
            [
              215,
              1837,
              1520,
              1879
            ],
            [
              215,
              1875,
              1520,
              1917
            ],
            [
              215,
              1912,
              1514,
              1954
            ]
          ],
          "native_file": {
            "path": "/Users/mcoors/Documents/Project Geode/MasterLegalDatabase/research/local_review/colorado-springs-construction-fees-qa-2026-09-12/native/page-0005.txt",
            "sha256": "e8adfadad01f5ae9d6044592d82084c6ac19197b8122f1f0c5eca863e3b2327d",
            "size_bytes": 2213
          },
          "page_image": {
            "path": "/Users/mcoors/Documents/Project Geode/MasterLegalDatabase/research/local_review/colorado-springs-construction-fees-qa-2026-09-12/images/page-5.png",
            "sha256": "9de276e026d7e2fc6b4a79023fefb67fdf760ff24b03959161709e6d4dfc4ef7",
            "size_bytes": 402911
          },
          "text_sha256": "e52b101e29e2f13f0244c3649fc973762c4fb0c223a03925af95d17ff86998f3",
          "offset_basis": "unchanged_physical_page_native_utf8_half_open"
        }
      ],
      "notes": []
    },
    {
      "block_id": "DEF-ADMINISTRATIVE",
      "kind": "definition",
      "parts": [
        {
          "page": 6,
          "line_ids": [
            "P6-L005",
            "P6-L006",
            "P6-L007"
          ],
          "exact_native_text": "Administrative Support: This hourly fee will be charged for the time it takes CSFD administrative staff to \nconduct record searches for expired permits, plans or inspection reports for current active projects, and \ninspection requests when record number is not provided at time of request.     \n",
          "native_ranges": [
            [
              33,
              141
            ],
            [
              141,
              248
            ],
            [
              248,
              328
            ]
          ],
          "pdf_bboxes": [
            [
              72.0,
              63.049461364746094,
              547.046875,
              78.37297821044922
            ],
            [
              71.99999237060547,
              77.71055603027344,
              547.1132202148438,
              92.4820785522461
            ],
            [
              72.01103210449219,
              92.22813415527344,
              424.0655822753906,
              106.9996566772461
            ]
          ],
          "pixel_bboxes": [
            [
              200,
              175,
              1520,
              218
            ],
            [
              199,
              215,
              1520,
              257
            ],
            [
              200,
              256,
              1178,
              298
            ]
          ],
          "native_file": {
            "path": "/Users/mcoors/Documents/Project Geode/MasterLegalDatabase/research/local_review/colorado-springs-construction-fees-qa-2026-09-12/native/page-0006.txt",
            "sha256": "1d0cfe38ba894e295493f608dc417d4ec195e8f64e4e40fdf409c50440ca6aa7",
            "size_bytes": 3773
          },
          "page_image": {
            "path": "/Users/mcoors/Documents/Project Geode/MasterLegalDatabase/research/local_review/colorado-springs-construction-fees-qa-2026-09-12/images/page-6.png",
            "sha256": "e47a6555d8b4a01bce5e3becbaf15494dcd6d83a57e0ae32e0a8bc7ec54dd7a3",
            "size_bytes": 530435
          },
          "text_sha256": "a25ee7fa2616e67986e7b3308244ddd56802a3fd416767ed9acb0315e4d3ec74",
          "offset_basis": "unchanged_physical_page_native_utf8_half_open"
        }
      ],
      "notes": []
    },
    {
      "block_id": "DEF-CONSTRUCTION-PLAN-CHECK",
      "kind": "definition",
      "parts": [
        {
          "page": 6,
          "line_ids": [
            "P6-L008",
            "P6-L009",
            "P6-L010",
            "P6-L011",
            "P6-L012"
          ],
          "exact_native_text": "Construction Plan Check Fee: This fee will be collected by Pikes Peak Regional Building Department (PPRBD) \nupon plans being submitted through PPRBD’s plan portal.  This fee equates to a limited review, which is \nthe smallest amount that CSFD will charge for review of a construction plan set.  If a full review and \ninspection is required for the project, then the plan check fee will be deducted from the total fee charged \nat time of CSFD plan approval.   \n",
          "native_ranges": [
            [
              328,
              436
            ],
            [
              436,
              543
            ],
            [
              543,
              647
            ],
            [
              647,
              756
            ],
            [
              756,
              790
            ]
          ],
          "pdf_bboxes": [
            [
              72.01104736328125,
              114.5289535522461,
              547.0380859375,
              129.44398498535156
            ],
            [
              72.01104736328125,
              129.19004821777344,
              547.1163330078125,
              143.96156311035156
            ],
            [
              72.01104736328125,
              143.70762634277344,
              547.0524291992188,
              158.47914123535156
            ],
            [
              72.01104736328125,
              158.22520446777344,
              547.0466918945312,
              172.99671936035156
            ],
            [
              72.01104736328125,
              172.6213836669922,
              214.669921875,
              187.3928985595703
            ]
          ],
          "pixel_bboxes": [
            [
              200,
              318,
              1520,
              360
            ],
            [
              200,
              358,
              1520,
              400
            ],
            [
              200,
              399,
              1520,
              441
            ],
            [
              200,
              439,
              1520,
              481
            ],
            [
              200,
              479,
              597,
              521
            ]
          ],
          "native_file": {
            "path": "/Users/mcoors/Documents/Project Geode/MasterLegalDatabase/research/local_review/colorado-springs-construction-fees-qa-2026-09-12/native/page-0006.txt",
            "sha256": "1d0cfe38ba894e295493f608dc417d4ec195e8f64e4e40fdf409c50440ca6aa7",
            "size_bytes": 3773
          },
          "page_image": {
            "path": "/Users/mcoors/Documents/Project Geode/MasterLegalDatabase/research/local_review/colorado-springs-construction-fees-qa-2026-09-12/images/page-6.png",
            "sha256": "e47a6555d8b4a01bce5e3becbaf15494dcd6d83a57e0ae32e0a8bc7ec54dd7a3",
            "size_bytes": 530435
          },
          "text_sha256": "4adae5e9776d85148a3c96e86c7ab4e3f66c036afcb7b8c437651aec698319c3",
          "offset_basis": "unchanged_physical_page_native_utf8_half_open"
        }
      ],
      "notes": []
    },
    {
      "block_id": "DEF-CONVENIENCE",
      "kind": "definition",
      "parts": [
        {
          "page": 6,
          "line_ids": [
            "P6-L013",
            "P6-L014",
            "P6-L015"
          ],
          "exact_native_text": "Convenience Inspection: A convenience inspection fee is assessed when a business or contractor requests \nan inspection outside the normal business hours of the Division of the Fire Marshal to accommodate their \nconvenience.   \n",
          "native_ranges": [
            [
              790,
              895
            ],
            [
              895,
              1001
            ],
            [
              1001,
              1017
            ]
          ],
          "pdf_bboxes": [
            [
              72.01104736328125,
              195.03260803222656,
              547.051025390625,
              210.35614013671875
            ],
            [
              72.01103210449219,
              209.69371032714844,
              546.9927978515625,
              224.46522521972656
            ],
            [
              72.01103210449219,
              224.0898895263672,
              138.5822296142578,
              238.8614044189453
            ]
          ],
          "pixel_bboxes": [
            [
              200,
              541,
              1520,
              585
            ],
            [
              200,
              582,
              1520,
              624
            ],
            [
              200,
              622,
              385,
              664
            ]
          ],
          "native_file": {
            "path": "/Users/mcoors/Documents/Project Geode/MasterLegalDatabase/research/local_review/colorado-springs-construction-fees-qa-2026-09-12/native/page-0006.txt",
            "sha256": "1d0cfe38ba894e295493f608dc417d4ec195e8f64e4e40fdf409c50440ca6aa7",
            "size_bytes": 3773
          },
          "page_image": {
            "path": "/Users/mcoors/Documents/Project Geode/MasterLegalDatabase/research/local_review/colorado-springs-construction-fees-qa-2026-09-12/images/page-6.png",
            "sha256": "e47a6555d8b4a01bce5e3becbaf15494dcd6d83a57e0ae32e0a8bc7ec54dd7a3",
            "size_bytes": 530435
          },
          "text_sha256": "c86eca67c40dcea011a04dacdbbf3d795540ef0c8a38f1a51ec0cca5e8751fd3",
          "offset_basis": "unchanged_physical_page_native_utf8_half_open"
        }
      ],
      "notes": []
    },
    {
      "block_id": "DEF-EXPEDITED",
      "kind": "definition",
      "parts": [
        {
          "page": 6,
          "line_ids": [
            "P6-L016",
            "P6-L017",
            "P6-L018",
            "P6-L019",
            "P6-L020",
            "P6-L021"
          ],
          "exact_native_text": "Expedited Plan Review: Allows plans to be moved to the front of the plan review queue.  Expedited plan \nreviews are available for all plans reviewed by the Division of the Fire Marshal, including extraterritorial \nreviews.  Expedited plan reviews are available on a first-come first-served basis, and the fee shall be paid \nat the time of the request.  The availability of expedited plan reviews are at the discretion of the fire code \nofficial based on staffing and/or resource availability.  Expedited plan reviews do not supersede rapid \nresponse reviews. \n",
          "native_ranges": [
            [
              1017,
              1121
            ],
            [
              1121,
              1231
            ],
            [
              1231,
              1341
            ],
            [
              1341,
              1453
            ],
            [
              1453,
              1558
            ],
            [
              1558,
              1577
            ]
          ],
          "pdf_bboxes": [
            [
              72.01103210449219,
              246.50111389160156,
              547.0677490234375,
              261.82464599609375
            ],
            [
              72.01104736328125,
              261.1622314453125,
              546.9530639648438,
              275.9337463378906
            ],
            [
              72.01104736328125,
              275.5583801269531,
              547.0557861328125,
              290.32989501953125
            ],
            [
              71.98898315429688,
              290.07598876953125,
              546.9818725585938,
              304.8475036621094
            ],
            [
              71.97793579101562,
              304.5935974121094,
              547.0587158203125,
              319.3651123046875
            ],
            [
              71.97793579101562,
              319.1112060546875,
              154.87730407714844,
              333.8827209472656
            ]
          ],
          "pixel_bboxes": [
            [
              200,
              684,
              1520,
              728
            ],
            [
              200,
              725,
              1520,
              767
            ],
            [
              200,
              765,
              1520,
              807
            ],
            [
              199,
              805,
              1520,
              847
            ],
            [
              199,
              846,
              1520,
              888
            ],
            [
              199,
              886,
              431,
              928
            ]
          ],
          "native_file": {
            "path": "/Users/mcoors/Documents/Project Geode/MasterLegalDatabase/research/local_review/colorado-springs-construction-fees-qa-2026-09-12/native/page-0006.txt",
            "sha256": "1d0cfe38ba894e295493f608dc417d4ec195e8f64e4e40fdf409c50440ca6aa7",
            "size_bytes": 3773
          },
          "page_image": {
            "path": "/Users/mcoors/Documents/Project Geode/MasterLegalDatabase/research/local_review/colorado-springs-construction-fees-qa-2026-09-12/images/page-6.png",
            "sha256": "e47a6555d8b4a01bce5e3becbaf15494dcd6d83a57e0ae32e0a8bc7ec54dd7a3",
            "size_bytes": 530435
          },
          "text_sha256": "27474fd931922e245da030f8250618fecdebe5781e593341fec00a2e2c2ad447",
          "offset_basis": "unchanged_physical_page_native_utf8_half_open"
        }
      ],
      "notes": []
    },
    {
      "block_id": "DEF-FIRE-PLAN-CHECK",
      "kind": "definition",
      "parts": [
        {
          "page": 6,
          "line_ids": [
            "P6-L022",
            "P6-L023",
            "P6-L024",
            "P6-L025"
          ],
          "exact_native_text": "Fire sprinkler, fire alarm, fixed fire, and water plan check fee:  This fee will be assessed at time of these \nplans being submitted in Accela.  This fee must be paid before plans are checked in for review.  This fee \napplies to all fire sprinkler, fire alarm, and fire suppression plans including 5-device letters and 20-head \nletters.   \n",
          "native_ranges": [
            [
              1577,
              1688
            ],
            [
              1688,
              1795
            ],
            [
              1795,
              1905
            ],
            [
              1905,
              1917
            ]
          ],
          "pdf_bboxes": [
            [
              71.97794342041016,
              341.4120178222656,
              547.036865234375,
              356.3270568847656
            ],
            [
              71.97793579101562,
              356.0731506347656,
              547.0667114257812,
              370.84466552734375
            ],
            [
              71.97793579101562,
              370.59075927734375,
              547.0291748046875,
              385.3622741699219
            ],
            [
              71.97799682617188,
              384.9869079589844,
              111.19207763671875,
              399.7584228515625
            ]
          ],
          "pixel_bboxes": [
            [
              199,
              948,
              1520,
              990
            ],
            [
              199,
              989,
              1520,
              1031
            ],
            [
              199,
              1029,
              1520,
              1071
            ],
            [
              199,
              1069,
              309,
              1111
            ]
          ],
          "native_file": {
            "path": "/Users/mcoors/Documents/Project Geode/MasterLegalDatabase/research/local_review/colorado-springs-construction-fees-qa-2026-09-12/native/page-0006.txt",
            "sha256": "1d0cfe38ba894e295493f608dc417d4ec195e8f64e4e40fdf409c50440ca6aa7",
            "size_bytes": 3773
          },
          "page_image": {
            "path": "/Users/mcoors/Documents/Project Geode/MasterLegalDatabase/research/local_review/colorado-springs-construction-fees-qa-2026-09-12/images/page-6.png",
            "sha256": "e47a6555d8b4a01bce5e3becbaf15494dcd6d83a57e0ae32e0a8bc7ec54dd7a3",
            "size_bytes": 530435
          },
          "text_sha256": "cc0a518390a40f0b8803a88eeafac97015c884b5ad5567e871694ff58e70faaf",
          "offset_basis": "unchanged_physical_page_native_utf8_half_open"
        }
      ],
      "notes": []
    },
    {
      "block_id": "DEF-HIGH-RISE",
      "kind": "definition",
      "parts": [
        {
          "page": 6,
          "line_ids": [
            "P6-L026",
            "P6-L027"
          ],
          "exact_native_text": "High-Rise Building Surcharge: A one-time fee to cover the additional time for review, inspection and \nbuilding commissioning that accompanies the complex nature of all high-rise structures. \n",
          "native_ranges": [
            [
              1917,
              2019
            ],
            [
              2019,
              2108
            ]
          ],
          "pdf_bboxes": [
            [
              71.97799682617188,
              407.3981018066406,
              546.9779663085938,
              422.72161865234375
            ],
            [
              71.96696472167969,
              421.9377746582031,
              467.46392822265625,
              436.70928955078125
            ]
          ],
          "pixel_bboxes": [
            [
              199,
              1131,
              1520,
              1175
            ],
            [
              199,
              1172,
              1299,
              1214
            ]
          ],
          "native_file": {
            "path": "/Users/mcoors/Documents/Project Geode/MasterLegalDatabase/research/local_review/colorado-springs-construction-fees-qa-2026-09-12/native/page-0006.txt",
            "sha256": "1d0cfe38ba894e295493f608dc417d4ec195e8f64e4e40fdf409c50440ca6aa7",
            "size_bytes": 3773
          },
          "page_image": {
            "path": "/Users/mcoors/Documents/Project Geode/MasterLegalDatabase/research/local_review/colorado-springs-construction-fees-qa-2026-09-12/images/page-6.png",
            "sha256": "e47a6555d8b4a01bce5e3becbaf15494dcd6d83a57e0ae32e0a8bc7ec54dd7a3",
            "size_bytes": 530435
          },
          "text_sha256": "f4efbc630720ded82a66ff45ad0f66c5d7b2aefa469064ad95b8649c16a49259",
          "offset_basis": "unchanged_physical_page_native_utf8_half_open"
        }
      ],
      "notes": []
    },
    {
      "block_id": "DEF-LIMITED-REVIEW",
      "kind": "definition",
      "parts": [
        {
          "page": 6,
          "line_ids": [
            "P6-L028",
            "P6-L029",
            "P6-L030"
          ],
          "exact_native_text": "Limited Review: A limited review is when a review is performed by Fire Construction Services of a \nconstruction plan and the scope of work does not impact life safety and therefore the plans is marked “not \napplicable”, and no fire inspection is required.   \n",
          "native_ranges": [
            [
              2108,
              2207
            ],
            [
              2207,
              2317
            ],
            [
              2317,
              2371
            ]
          ],
          "pdf_bboxes": [
            [
              71.96697998046875,
              444.3489685058594,
              547.03369140625,
              459.6724853515625
            ],
            [
              71.97801971435547,
              459.0101013183594,
              547.0391845703125,
              473.7816162109375
            ],
            [
              71.97799682617188,
              473.40625,
              285.1824645996094,
              488.1777648925781
            ]
          ],
          "pixel_bboxes": [
            [
              199,
              1234,
              1520,
              1277
            ],
            [
              199,
              1275,
              1520,
              1317
            ],
            [
              199,
              1315,
              793,
              1357
            ]
          ],
          "native_file": {
            "path": "/Users/mcoors/Documents/Project Geode/MasterLegalDatabase/research/local_review/colorado-springs-construction-fees-qa-2026-09-12/native/page-0006.txt",
            "sha256": "1d0cfe38ba894e295493f608dc417d4ec195e8f64e4e40fdf409c50440ca6aa7",
            "size_bytes": 3773
          },
          "page_image": {
            "path": "/Users/mcoors/Documents/Project Geode/MasterLegalDatabase/research/local_review/colorado-springs-construction-fees-qa-2026-09-12/images/page-6.png",
            "sha256": "e47a6555d8b4a01bce5e3becbaf15494dcd6d83a57e0ae32e0a8bc7ec54dd7a3",
            "size_bytes": 530435
          },
          "text_sha256": "aae4215eafa06f8a911d142e9e8b41fdf3d8b4b3db1aa77ab37a165ea46d1b82",
          "offset_basis": "unchanged_physical_page_native_utf8_half_open"
        }
      ],
      "notes": []
    },
    {
      "block_id": "DEF-PERFORMANCE",
      "kind": "definition",
      "parts": [
        {
          "page": 6,
          "line_ids": [
            "P6-L031",
            "P6-L032",
            "P6-L033",
            "P6-L034",
            "P6-L035"
          ],
          "exact_native_text": "Performance Based Design Surcharge: A one-time fee to establish fire safety and engineering goals and \nobjectives, fire model construction and evaluation, plan review, inspection, acceptance testing, and re-\nevaluation of all performance-based designs, alternative materials and methods or other design \nalternatives when requested or at the plan reviewer’s discretion based on project scope.  In all cases the \nminimum fee shall be $2,000.  \n",
          "native_ranges": [
            [
              2371,
              2474
            ],
            [
              2474,
              2579
            ],
            [
              2579,
              2675
            ],
            [
              2675,
              2785
            ],
            [
              2785,
              2816
            ]
          ],
          "pdf_bboxes": [
            [
              71.96696472167969,
              495.81744384765625,
              547.0215454101562,
              511.1409606933594
            ],
            [
              71.97802734375,
              510.47857666015625,
              544.6776733398438,
              525.2500610351562
            ],
            [
              71.97799682617188,
              524.874755859375,
              547.0104370117188,
              539.646240234375
            ],
            [
              71.97799682617188,
              539.392333984375,
              547.0325317382812,
              554.163818359375
            ],
            [
              71.97798156738281,
              553.909912109375,
              209.22726440429688,
              568.681396484375
            ]
          ],
          "pixel_bboxes": [
            [
              199,
              1377,
              1520,
              1420
            ],
            [
              199,
              1417,
              1513,
              1460
            ],
            [
              199,
              1457,
              1520,
              1500
            ],
            [
              199,
              1498,
              1520,
              1540
            ],
            [
              199,
              1538,
              582,
              1580
            ]
          ],
          "native_file": {
            "path": "/Users/mcoors/Documents/Project Geode/MasterLegalDatabase/research/local_review/colorado-springs-construction-fees-qa-2026-09-12/native/page-0006.txt",
            "sha256": "1d0cfe38ba894e295493f608dc417d4ec195e8f64e4e40fdf409c50440ca6aa7",
            "size_bytes": 3773
          },
          "page_image": {
            "path": "/Users/mcoors/Documents/Project Geode/MasterLegalDatabase/research/local_review/colorado-springs-construction-fees-qa-2026-09-12/images/page-6.png",
            "sha256": "e47a6555d8b4a01bce5e3becbaf15494dcd6d83a57e0ae32e0a8bc7ec54dd7a3",
            "size_bytes": 530435
          },
          "text_sha256": "81600cdb95559ecc6875f40741ed57799f905d26006f694cdc9c2271c708ff74",
          "offset_basis": "unchanged_physical_page_native_utf8_half_open"
        }
      ],
      "notes": []
    },
    {
      "block_id": "DEF-PRELIMINARY",
      "kind": "definition",
      "parts": [
        {
          "page": 6,
          "line_ids": [
            "P6-L036",
            "P6-L037",
            "P6-L038"
          ],
          "exact_native_text": "Preliminary Inspection: A preliminary inspection fee is assessed when a business or contractor requests an \ninspector to perform a site evaluation of the scope of work to determine if work is being performed to all \napplicable codes and standards.   \n",
          "native_ranges": [
            [
              2816,
              2924
            ],
            [
              2924,
              3032
            ],
            [
              3032,
              3067
            ]
          ],
          "pdf_bboxes": [
            [
              71.96694946289062,
              576.210693359375,
              547.00048828125,
              591.125732421875
            ],
            [
              71.9669418334961,
              590.871826171875,
              546.9707641601562,
              605.643310546875
            ],
            [
              71.9669418334961,
              605.3894653320312,
              222.06678771972656,
              620.1609497070312
            ]
          ],
          "pixel_bboxes": [
            [
              199,
              1600,
              1520,
              1643
            ],
            [
              199,
              1641,
              1520,
              1683
            ],
            [
              199,
              1681,
              617,
              1723
            ]
          ],
          "native_file": {
            "path": "/Users/mcoors/Documents/Project Geode/MasterLegalDatabase/research/local_review/colorado-springs-construction-fees-qa-2026-09-12/native/page-0006.txt",
            "sha256": "1d0cfe38ba894e295493f608dc417d4ec195e8f64e4e40fdf409c50440ca6aa7",
            "size_bytes": 3773
          },
          "page_image": {
            "path": "/Users/mcoors/Documents/Project Geode/MasterLegalDatabase/research/local_review/colorado-springs-construction-fees-qa-2026-09-12/images/page-6.png",
            "sha256": "e47a6555d8b4a01bce5e3becbaf15494dcd6d83a57e0ae32e0a8bc7ec54dd7a3",
            "size_bytes": 530435
          },
          "text_sha256": "83f20c93ca15fcab9dc8c7f2ecd2f35a7f15b0cc70f9376a44d66a5165cec67e",
          "offset_basis": "unchanged_physical_page_native_utf8_half_open"
        }
      ],
      "notes": []
    },
    {
      "block_id": "DEF-PREPLAN",
      "kind": "definition",
      "parts": [
        {
          "page": 6,
          "line_ids": [
            "P6-L039",
            "P6-L040",
            "P6-L041"
          ],
          "exact_native_text": "Pre-Plan Submittal Consult: Time associated with a project during the design and planning stages. The \nassessed amount is cost recovery for staff during the consultation, similar to time spent during a plan \nreview. A fee will not be assessed for meetings requiring thirty minutes or less. \n",
          "native_ranges": [
            [
              3067,
              3170
            ],
            [
              3170,
              3275
            ],
            [
              3275,
              3358
            ]
          ],
          "pdf_bboxes": [
            [
              71.96694946289062,
              627.6902465820312,
              547.0181884765625,
              642.6052856445312
            ],
            [
              71.96694946289062,
              641.2694702148438,
              547.043701171875,
              656.0409545898438
            ],
            [
              71.97798156738281,
              654.7051391601562,
              428.2167053222656,
              669.4766235351562
            ]
          ],
          "pixel_bboxes": [
            [
              199,
              1743,
              1520,
              1786
            ],
            [
              199,
              1781,
              1520,
              1823
            ],
            [
              199,
              1818,
              1190,
              1860
            ]
          ],
          "native_file": {
            "path": "/Users/mcoors/Documents/Project Geode/MasterLegalDatabase/research/local_review/colorado-springs-construction-fees-qa-2026-09-12/native/page-0006.txt",
            "sha256": "1d0cfe38ba894e295493f608dc417d4ec195e8f64e4e40fdf409c50440ca6aa7",
            "size_bytes": 3773
          },
          "page_image": {
            "path": "/Users/mcoors/Documents/Project Geode/MasterLegalDatabase/research/local_review/colorado-springs-construction-fees-qa-2026-09-12/images/page-6.png",
            "sha256": "e47a6555d8b4a01bce5e3becbaf15494dcd6d83a57e0ae32e0a8bc7ec54dd7a3",
            "size_bytes": 530435
          },
          "text_sha256": "0999e33b11c370cf9d578dbd11920b38829b92d0f02df72d776ee280c38ae587",
          "offset_basis": "unchanged_physical_page_native_utf8_half_open"
        }
      ],
      "notes": []
    },
    {
      "block_id": "DEF-REINSPECTION",
      "kind": "definition",
      "parts": [
        {
          "page": 6,
          "line_ids": [
            "P6-L042",
            "P6-L043",
            "P6-L044",
            "P6-L045"
          ],
          "exact_native_text": "Re-Inspection: A fee assessed if an inspection is scheduled and any portion of the work is incomplete, \nand/or hazards are not abated in an allotted timeframe. Failure to provide access for a requested \ninspection, failure to maintain work in an exposed condition until the inspection is completed, deviation \nfrom approved plans, lack of sufficient documentation or required equipment or personnel to conduct the \n",
          "native_ranges": [
            [
              3358,
              3462
            ],
            [
              3462,
              3561
            ],
            [
              3561,
              3668
            ],
            [
              3668,
              3773
            ]
          ],
          "pdf_bboxes": [
            [
              71.96697998046875,
              674.0030517578125,
              547.0303344726562,
              688.9180908203125
            ],
            [
              71.97805786132812,
              687.582275390625,
              547.0845336914062,
              702.353759765625
            ],
            [
              72.03329467773438,
              701.0179443359375,
              547.1618041992188,
              715.7894287109375
            ],
            [
              72.099609375,
              714.34326171875,
              547.161865234375,
              729.11474609375
            ]
          ],
          "pixel_bboxes": [
            [
              199,
              1872,
              1520,
              1914
            ],
            [
              199,
              1909,
              1520,
              1951
            ],
            [
              200,
              1947,
              1520,
              1989
            ],
            [
              200,
              1984,
              1520,
              2026
            ]
          ],
          "native_file": {
            "path": "/Users/mcoors/Documents/Project Geode/MasterLegalDatabase/research/local_review/colorado-springs-construction-fees-qa-2026-09-12/native/page-0006.txt",
            "sha256": "1d0cfe38ba894e295493f608dc417d4ec195e8f64e4e40fdf409c50440ca6aa7",
            "size_bytes": 3773
          },
          "page_image": {
            "path": "/Users/mcoors/Documents/Project Geode/MasterLegalDatabase/research/local_review/colorado-springs-construction-fees-qa-2026-09-12/images/page-6.png",
            "sha256": "e47a6555d8b4a01bce5e3becbaf15494dcd6d83a57e0ae32e0a8bc7ec54dd7a3",
            "size_bytes": 530435
          },
          "text_sha256": "aeec004030e5e18c6e43402f148da597552edde8c609d8f8bca6cf94841ac7a5",
          "offset_basis": "unchanged_physical_page_native_utf8_half_open"
        },
        {
          "page": 7,
          "line_ids": [
            "P7-L004"
          ],
          "exact_native_text": "inspection, or a system that has not been pre-tested shall also require a re-inspection. \n",
          "native_ranges": [
            [
              7,
              97
            ]
          ],
          "pdf_bboxes": [
            [
              72.00189208984375,
              43.86332702636719,
              458.6005859375,
              58.634849548339844
            ]
          ],
          "pixel_bboxes": [
            [
              200,
              121,
              1274,
              163
            ]
          ],
          "native_file": {
            "path": "/Users/mcoors/Documents/Project Geode/MasterLegalDatabase/research/local_review/colorado-springs-construction-fees-qa-2026-09-12/native/page-0007.txt",
            "sha256": "0568e4faea01968f9cbaed93b0aa9b24bbbc1852781ad710d7129cc5890b7bca",
            "size_bytes": 905
          },
          "page_image": {
            "path": "/Users/mcoors/Documents/Project Geode/MasterLegalDatabase/research/local_review/colorado-springs-construction-fees-qa-2026-09-12/images/page-7.png",
            "sha256": "45470a43fe905731156d9ab6ee5cb57ebcf74f6637f806d0e8ba5146ed5d76f2",
            "size_bytes": 146953
          },
          "text_sha256": "f4d8c9657ca6c8059f37f0b4ffe59b1f049f6514e9147daa06701a7d34036ae9",
          "offset_basis": "unchanged_physical_page_native_utf8_half_open"
        }
      ],
      "notes": [
        "One definition continues from physical page 6 onto page 7. Both parts must travel together."
      ]
    },
    {
      "block_id": "DEF-TRIP",
      "kind": "definition",
      "parts": [
        {
          "page": 7,
          "line_ids": [
            "P7-L005",
            "P7-L006",
            "P7-L007"
          ],
          "exact_native_text": "Trip Fee: Accounts for time associated with two inspections for a given permit. Sprinkler contractors shall \nbe allowed three inspections per permit issued. A trip fee will be assessed when additional inspections are \nrequired due to the phasing or scheduling of a project. \n",
          "native_ranges": [
            [
              97,
              206
            ],
            [
              206,
              315
            ],
            [
              315,
              372
            ]
          ],
          "pdf_bboxes": [
            [
              71.9908447265625,
              63.039817810058594,
              547.0408935546875,
              77.9548568725586
            ],
            [
              71.9908447265625,
              76.61900329589844,
              547.0421142578125,
              91.3905258178711
            ],
            [
              71.99087524414062,
              90.05467224121094,
              316.6482849121094,
              104.8261947631836
            ]
          ],
          "pixel_bboxes": [
            [
              199,
              175,
              1520,
              217
            ],
            [
              199,
              212,
              1520,
              254
            ],
            [
              199,
              250,
              880,
              292
            ]
          ],
          "native_file": {
            "path": "/Users/mcoors/Documents/Project Geode/MasterLegalDatabase/research/local_review/colorado-springs-construction-fees-qa-2026-09-12/native/page-0007.txt",
            "sha256": "0568e4faea01968f9cbaed93b0aa9b24bbbc1852781ad710d7129cc5890b7bca",
            "size_bytes": 905
          },
          "page_image": {
            "path": "/Users/mcoors/Documents/Project Geode/MasterLegalDatabase/research/local_review/colorado-springs-construction-fees-qa-2026-09-12/images/page-7.png",
            "sha256": "45470a43fe905731156d9ab6ee5cb57ebcf74f6637f806d0e8ba5146ed5d76f2",
            "size_bytes": 146953
          },
          "text_sha256": "aa3004143bc158e35b7021799398820599c17a002a379792c09347249a6f00e0",
          "offset_basis": "unchanged_physical_page_native_utf8_half_open"
        }
      ],
      "notes": []
    },
    {
      "block_id": "DEF-WUI-COMMERCIAL",
      "kind": "definition",
      "parts": [
        {
          "page": 7,
          "line_ids": [
            "P7-L008",
            "P7-L009",
            "P7-L010"
          ],
          "exact_native_text": "Wildland Urban Interface (WUI) commercial surcharge: A WUI surcharge will be added to all applicable \ncommercial construction projects that are within CSFD’s WUI area.  This fee is in addition to the fee shown \nin this fee schedule based on the occupancy class and square footage of the building.   \n",
          "native_ranges": [
            [
              372,
              474
            ],
            [
              474,
              585
            ],
            [
              585,
              674
            ]
          ],
          "pdf_bboxes": [
            [
              71.99085998535156,
              109.35262298583984,
              547.0421752929688,
              124.67613983154297
            ],
            [
              71.99087524414062,
              124.01371765136719,
              546.95068359375,
              138.7852325439453
            ],
            [
              71.99087524414062,
              138.5312957763672,
              459.0753479003906,
              153.3028106689453
            ]
          ],
          "pixel_bboxes": [
            [
              199,
              303,
              1520,
              347
            ],
            [
              199,
              344,
              1520,
              386
            ],
            [
              199,
              384,
              1276,
              426
            ]
          ],
          "native_file": {
            "path": "/Users/mcoors/Documents/Project Geode/MasterLegalDatabase/research/local_review/colorado-springs-construction-fees-qa-2026-09-12/native/page-0007.txt",
            "sha256": "0568e4faea01968f9cbaed93b0aa9b24bbbc1852781ad710d7129cc5890b7bca",
            "size_bytes": 905
          },
          "page_image": {
            "path": "/Users/mcoors/Documents/Project Geode/MasterLegalDatabase/research/local_review/colorado-springs-construction-fees-qa-2026-09-12/images/page-7.png",
            "sha256": "45470a43fe905731156d9ab6ee5cb57ebcf74f6637f806d0e8ba5146ed5d76f2",
            "size_bytes": 146953
          },
          "text_sha256": "6f259db39c932beaae375c12e119029a3dc2eff353d6e1e08e43cc3ff16185b2",
          "offset_basis": "unchanged_physical_page_native_utf8_half_open"
        }
      ],
      "notes": []
    },
    {
      "block_id": "IMPLEMENTATION",
      "kind": "implementation",
      "parts": [
        {
          "page": 7,
          "line_ids": [
            "P7-L012"
          ],
          "exact_native_text": "Implementation: Fees shall be assessed upon the plan approval date. \n",
          "native_ranges": [
            [
              676,
              745
            ]
          ],
          "pdf_bboxes": [
            [
              71.87999725341797,
              180.28944396972656,
              384.57501220703125,
              195.61297607421875
            ]
          ],
          "pixel_bboxes": [
            [
              199,
              500,
              1069,
              544
            ]
          ],
          "native_file": {
            "path": "/Users/mcoors/Documents/Project Geode/MasterLegalDatabase/research/local_review/colorado-springs-construction-fees-qa-2026-09-12/native/page-0007.txt",
            "sha256": "0568e4faea01968f9cbaed93b0aa9b24bbbc1852781ad710d7129cc5890b7bca",
            "size_bytes": 905
          },
          "page_image": {
            "path": "/Users/mcoors/Documents/Project Geode/MasterLegalDatabase/research/local_review/colorado-springs-construction-fees-qa-2026-09-12/images/page-7.png",
            "sha256": "45470a43fe905731156d9ab6ee5cb57ebcf74f6637f806d0e8ba5146ed5d76f2",
            "size_bytes": 146953
          },
          "text_sha256": "e50d9a5e252cbc1626198c236b9cb5153e3d0aaa6399240b41ca3893e6de5937",
          "offset_basis": "unchanged_physical_page_native_utf8_half_open"
        }
      ],
      "notes": []
    },
    {
      "block_id": "OTHER-SCHEDULE",
      "kind": "other_schedule_reference",
      "parts": [
        {
          "page": 7,
          "line_ids": [
            "P7-L014",
            "P7-L015",
            "P7-L016"
          ],
          "exact_native_text": "Note Worthy  \nFees associated with high pile storage and hazardous materials are listed in the Colorado Springs Fire \nDepartment Code Services Fee Schedule. \n",
          "native_ranges": [
            [
              747,
              761
            ],
            [
              761,
              865
            ],
            [
              865,
              905
            ]
          ],
          "pdf_bboxes": [
            [
              72.0014419555664,
              219.17091369628906,
              142.06129455566406,
              234.49444580078125
            ],
            [
              72.0,
              238.7529754638672,
              547.0369873046875,
              253.5244903564453
            ],
            [
              71.98898315429688,
              252.1886444091797,
              256.15826416015625,
              266.9601745605469
            ]
          ],
          "pixel_bboxes": [
            [
              200,
              608,
              395,
              652
            ],
            [
              200,
              663,
              1520,
              705
            ],
            [
              199,
              700,
              712,
              742
            ]
          ],
          "native_file": {
            "path": "/Users/mcoors/Documents/Project Geode/MasterLegalDatabase/research/local_review/colorado-springs-construction-fees-qa-2026-09-12/native/page-0007.txt",
            "sha256": "0568e4faea01968f9cbaed93b0aa9b24bbbc1852781ad710d7129cc5890b7bca",
            "size_bytes": 905
          },
          "page_image": {
            "path": "/Users/mcoors/Documents/Project Geode/MasterLegalDatabase/research/local_review/colorado-springs-construction-fees-qa-2026-09-12/images/page-7.png",
            "sha256": "45470a43fe905731156d9ab6ee5cb57ebcf74f6637f806d0e8ba5146ed5d76f2",
            "size_bytes": 146953
          },
          "text_sha256": "dbe8a7b50daa06f94ef5a3f419f2efa90647856731ee6ac3b6f59c4a9c83ebfb",
          "offset_basis": "unchanged_physical_page_native_utf8_half_open"
        }
      ],
      "notes": []
    },
    {
      "block_id": "PRINTED-EFFECTIVE-DATE",
      "kind": "printed_date",
      "parts": [
        {
          "page": 1,
          "line_ids": [
            "P1-L012"
          ],
          "exact_native_text": "Effective 07/01/2026 \n",
          "native_ranges": [
            [
              117,
              139
            ]
          ],
          "pdf_bboxes": [
            [
              258.7195129394531,
              175.2782440185547,
              355.6495361328125,
              190.0497589111328
            ]
          ],
          "pixel_bboxes": [
            [
              718,
              486,
              988,
              528
            ]
          ],
          "native_file": {
            "path": "/Users/mcoors/Documents/Project Geode/MasterLegalDatabase/research/local_review/colorado-springs-construction-fees-qa-2026-09-12/native/page-0001.txt",
            "sha256": "9343dcd69e4e47c01d93959fed1a34dd49cec832b45b8254733dbb9a96703450",
            "size_bytes": 655
          },
          "page_image": {
            "path": "/Users/mcoors/Documents/Project Geode/MasterLegalDatabase/research/local_review/colorado-springs-construction-fees-qa-2026-09-12/images/page-1.png",
            "sha256": "c0eb87641dfcb487fafa0321b76b0b1d361cbf2d786e8b786bf16436bbcc7397",
            "size_bytes": 363158
          },
          "text_sha256": "717f7d5c0c17d2b1a07ad554860a74a737f85f004fd08a52fa7068ac58516e39",
          "offset_basis": "unchanged_physical_page_native_utf8_half_open"
        }
      ],
      "notes": [
        "Printed effective-date claim only; neither adoption nor current applicability has been independently verified."
      ]
    },
    {
      "block_id": "DEFINITIONS-HEADING",
      "kind": "heading",
      "parts": [
        {
          "page": 6,
          "line_ids": [
            "P6-L004"
          ],
          "exact_native_text": "Definitions/Explanations \n",
          "native_ranges": [
            [
              7,
              33
            ]
          ],
          "pdf_bboxes": [
            [
              72.00189208984375,
              43.719810485839844,
              187.7783660888672,
              59.04332733154297
            ]
          ],
          "pixel_bboxes": [
            [
              200,
              121,
              522,
              165
            ]
          ],
          "native_file": {
            "path": "/Users/mcoors/Documents/Project Geode/MasterLegalDatabase/research/local_review/colorado-springs-construction-fees-qa-2026-09-12/native/page-0006.txt",
            "sha256": "1d0cfe38ba894e295493f608dc417d4ec195e8f64e4e40fdf409c50440ca6aa7",
            "size_bytes": 3773
          },
          "page_image": {
            "path": "/Users/mcoors/Documents/Project Geode/MasterLegalDatabase/research/local_review/colorado-springs-construction-fees-qa-2026-09-12/images/page-6.png",
            "sha256": "e47a6555d8b4a01bce5e3becbaf15494dcd6d83a57e0ae32e0a8bc7ec54dd7a3",
            "size_bytes": 530435
          },
          "text_sha256": "b5bd83785f2d868600a7c222f825fd05ba2cfe611c6607c5861e44fdc311360a",
          "offset_basis": "unchanged_physical_page_native_utf8_half_open"
        }
      ],
      "notes": []
    },
    {
      "block_id": "CONSTRUCTION-TITLE",
      "kind": "heading",
      "parts": [
        {
          "page": 2,
          "line_ids": [
            "P2-L004"
          ],
          "exact_native_text": "Construction Services Fees \n",
          "native_ranges": [
            [
              7,
              35
            ]
          ],
          "pdf_bboxes": [
            [
              220.0800018310547,
              43.41755676269531,
              399.966796875,
              65.57003784179688
            ]
          ],
          "pixel_bboxes": [
            [
              611,
              120,
              1112,
              183
            ]
          ],
          "native_file": {
            "path": "/Users/mcoors/Documents/Project Geode/MasterLegalDatabase/research/local_review/colorado-springs-construction-fees-qa-2026-09-12/native/page-0002.txt",
            "sha256": "a46cc6612a678b1c20aed0ad2e594a029c3849e44879476a2e2d5acc6587d0db",
            "size_bytes": 2278
          },
          "page_image": {
            "path": "/Users/mcoors/Documents/Project Geode/MasterLegalDatabase/research/local_review/colorado-springs-construction-fees-qa-2026-09-12/images/page-2.png",
            "sha256": "b88b50f587321a147cd2335fb8fa013a5070abfeb5b93dde2ca4b80b0917089f",
            "size_bytes": 404139
          },
          "text_sha256": "c452a5081b7a0782ca69af10da642981c39c10d33a7d6b183f477e77aca401f3",
          "offset_basis": "unchanged_physical_page_native_utf8_half_open"
        }
      ],
      "notes": []
    },
    {
      "block_id": "COVER",
      "kind": "cover",
      "parts": [
        {
          "page": 1,
          "line_ids": [
            "P1-L008",
            "P1-L009",
            "P1-L010"
          ],
          "exact_native_text": "Colorado Springs Fire Department \nDivision of the Fire Marshal \nConstruction Services Fee Schedule \n",
          "native_ranges": [
            [
              15,
              49
            ],
            [
              49,
              79
            ],
            [
              79,
              115
            ]
          ],
          "pdf_bboxes": [
            [
              72.0,
              101.03184509277344,
              268.7284851074219,
              119.81736755371094
            ],
            [
              72.0,
              118.18870544433594,
              231.05914306640625,
              136.97422790527344
            ],
            [
              72.0,
              142.1450653076172,
              305.0479431152344,
              163.49954223632812
            ]
          ],
          "pixel_bboxes": [
            [
              200,
              280,
              747,
              333
            ],
            [
              200,
              328,
              642,
              381
            ],
            [
              200,
              394,
              848,
              455
            ]
          ],
          "native_file": {
            "path": "/Users/mcoors/Documents/Project Geode/MasterLegalDatabase/research/local_review/colorado-springs-construction-fees-qa-2026-09-12/native/page-0001.txt",
            "sha256": "9343dcd69e4e47c01d93959fed1a34dd49cec832b45b8254733dbb9a96703450",
            "size_bytes": 655
          },
          "page_image": {
            "path": "/Users/mcoors/Documents/Project Geode/MasterLegalDatabase/research/local_review/colorado-springs-construction-fees-qa-2026-09-12/images/page-1.png",
            "sha256": "c0eb87641dfcb487fafa0321b76b0b1d361cbf2d786e8b786bf16436bbcc7397",
            "size_bytes": 363158
          },
          "text_sha256": "7da63c66e91746f6e613f990c6d9a66360c4b408c0367b1c361e94f86a53e183",
          "offset_basis": "unchanged_physical_page_native_utf8_half_open"
        }
      ],
      "notes": []
    },
    {
      "block_id": "CONTENTS",
      "kind": "contents",
      "parts": [
        {
          "page": 1,
          "line_ids": [
            "P1-L014",
            "P1-L015",
            "P1-L016",
            "P1-L017",
            "P1-L018",
            "P1-L019",
            "P1-L020",
            "P1-L021",
            "P1-L022",
            "P1-L023",
            "P1-L024",
            "P1-L025",
            "P1-L026",
            "P1-L027",
            "P1-L028",
            "P1-L029",
            "P1-L030",
            "P1-L031",
            "P1-L032",
            "P1-L033",
            "P1-L034"
          ],
          "exact_native_text": "Table of Contents \nWater Plan Reviews & Inspections \nPage 2\nConstruction Plan Reviews & Inspections \nPage 2\nFire Alarm System Plan Reviews & Inspections \nPage 4\nFire Sprinkler System Plan Reviews & Inspections \nPage 4\nFixed Fire Extinguishing System Plan Reviews & Inspections \nPage 4\nMiscellaneous Permits & Plan Reviews \nPage 4\nMiscellaneous Inspections \nPage 5\nAdministrative Permits, Records Requests & Plan Reviews  \nPage 5\nExtraterritorial Plan Reviews & Inspections \nPage 5\nDefinitions/Explanations \nPage 5\n",
          "native_ranges": [
            [
              141,
              160
            ],
            [
              160,
              194
            ],
            [
              194,
              201
            ],
            [
              201,
              242
            ],
            [
              242,
              249
            ],
            [
              249,
              295
            ],
            [
              295,
              302
            ],
            [
              302,
              352
            ],
            [
              352,
              359
            ],
            [
              359,
              419
            ],
            [
              419,
              426
            ],
            [
              426,
              464
            ],
            [
              464,
              471
            ],
            [
              471,
              498
            ],
            [
              498,
              505
            ],
            [
              505,
              563
            ],
            [
              563,
              570
            ],
            [
              570,
              615
            ],
            [
              615,
              622
            ],
            [
              622,
              648
            ],
            [
              648,
              655
            ]
          ],
          "pdf_bboxes": [
            [
              72.0,
              208.58303833007812,
              164.8089599609375,
              225.92352294921875
            ],
            [
              74.87999725341797,
              231.50302124023438,
              257.8089599609375,
              248.843505859375
            ],
            [
              501.1199951171875,
              231.50302124023438,
              536.1307373046875,
              248.843505859375
            ],
            [
              72.0,
              259.5830383300781,
              289.48895263671875,
              276.92352294921875
            ],
            [
              501.1199951171875,
              259.5830383300781,
              536.1307373046875,
              276.92352294921875
            ],
            [
              72.0,
              287.78302001953125,
              317.2089538574219,
              305.1235046386719
            ],
            [
              502.32000732421875,
              287.78302001953125,
              536.730712890625,
              305.1235046386719
            ],
            [
              72.0,
              315.863037109375,
              332.68896484375,
              333.2035217285156
            ],
            [
              502.32000732421875,
              315.863037109375,
              536.730712890625,
              333.2035217285156
            ],
            [
              72.0,
              343.9430236816406,
              386.3289489746094,
              361.28350830078125
            ],
            [
              501.1199951171875,
              343.9430236816406,
              536.1307373046875,
              361.28350830078125
            ],
            [
              72.0,
              372.0230407714844,
              277.4913635253906,
              389.363525390625
            ],
            [
              501.1199951171875,
              372.0230407714844,
              536.1307373046875,
              389.363525390625
            ],
            [
              72.0,
              400.10302734375,
              213.28895568847656,
              417.4435119628906
            ],
            [
              501.1199951171875,
              400.10302734375,
              536.1307373046875,
              417.4435119628906
            ],
            [
              72.0,
              428.18304443359375,
              382.0060729980469,
              445.5235290527344
            ],
            [
              501.1199951171875,
              428.18304443359375,
              536.1307373046875,
              445.5235290527344
            ],
            [
              72.0,
              456.3830261230469,
              299.57135009765625,
              473.7235107421875
            ],
            [
              501.1199951171875,
              456.3830261230469,
              536.1307373046875,
              473.7235107421875
            ],
            [
              72.0,
              484.4630432128906,
              204.40655517578125,
              501.80352783203125
            ],
            [
              501.1199951171875,
              484.4630432128906,
              536.1307373046875,
              501.80352783203125
            ]
          ],
          "pixel_bboxes": [
            [
              200,
              579,
              458,
              628
            ],
            [
              207,
              643,
              717,
              692
            ],
            [
              1391,
              643,
              1490,
              692
            ],
            [
              200,
              721,
              805,
              770
            ],
            [
              1391,
              721,
              1490,
              770
            ],
            [
              200,
              799,
              882,
              848
            ],
            [
              1395,
              799,
              1491,
              848
            ],
            [
              200,
              877,
              925,
              926
            ],
            [
              1395,
              877,
              1491,
              926
            ],
            [
              200,
              955,
              1074,
              1004
            ],
            [
              1391,
              955,
              1490,
              1004
            ],
            [
              200,
              1033,
              771,
              1082
            ],
            [
              1391,
              1033,
              1490,
              1082
            ],
            [
              200,
              1111,
              593,
              1160
            ],
            [
              1391,
              1111,
              1490,
              1160
            ],
            [
              200,
              1189,
              1062,
              1238
            ],
            [
              1391,
              1189,
              1490,
              1238
            ],
            [
              200,
              1267,
              833,
              1316
            ],
            [
              1391,
              1267,
              1490,
              1316
            ],
            [
              200,
              1345,
              568,
              1394
            ],
            [
              1391,
              1345,
              1490,
              1394
            ]
          ],
          "native_file": {
            "path": "/Users/mcoors/Documents/Project Geode/MasterLegalDatabase/research/local_review/colorado-springs-construction-fees-qa-2026-09-12/native/page-0001.txt",
            "sha256": "9343dcd69e4e47c01d93959fed1a34dd49cec832b45b8254733dbb9a96703450",
            "size_bytes": 655
          },
          "page_image": {
            "path": "/Users/mcoors/Documents/Project Geode/MasterLegalDatabase/research/local_review/colorado-springs-construction-fees-qa-2026-09-12/images/page-1.png",
            "sha256": "c0eb87641dfcb487fafa0321b76b0b1d361cbf2d786e8b786bf16436bbcc7397",
            "size_bytes": 363158
          },
          "text_sha256": "bd5a2a91f8d2b0b8e63b14dd5421ddaf0efb189ef2cd4444a738ce8aa8e51cc0",
          "offset_basis": "unchanged_physical_page_native_utf8_half_open"
        }
      ],
      "notes": [
        "The printed contents says Definitions/Explanations Page 5; the actual heading is physical page 6. Preserve both."
      ]
    },
    {
      "block_id": "HEADING-WATER",
      "kind": "heading",
      "parts": [
        {
          "page": 2,
          "line_ids": [
            "P2-L009"
          ],
          "exact_native_text": "Water Plan Reviews & Inspections \n",
          "native_ranges": [
            [
              240,
              274
            ]
          ],
          "pdf_bboxes": [
            [
              77.4000015258789,
              148.00941467285156,
              235.89503479003906,
              163.33294677734375
            ]
          ],
          "pixel_bboxes": [
            [
              215,
              411,
              656,
              454
            ]
          ],
          "native_file": {
            "path": "/Users/mcoors/Documents/Project Geode/MasterLegalDatabase/research/local_review/colorado-springs-construction-fees-qa-2026-09-12/native/page-0002.txt",
            "sha256": "a46cc6612a678b1c20aed0ad2e594a029c3849e44879476a2e2d5acc6587d0db",
            "size_bytes": 2278
          },
          "page_image": {
            "path": "/Users/mcoors/Documents/Project Geode/MasterLegalDatabase/research/local_review/colorado-springs-construction-fees-qa-2026-09-12/images/page-2.png",
            "sha256": "b88b50f587321a147cd2335fb8fa013a5070abfeb5b93dde2ca4b80b0917089f",
            "size_bytes": 404139
          },
          "text_sha256": "5ff440f99d002ccd1c59f0fac508ad6de63d521ae3a762a8a854ce7789f78ae7",
          "offset_basis": "unchanged_physical_page_native_utf8_half_open"
        }
      ],
      "notes": []
    },
    {
      "block_id": "HEADING-CONSTRUCTION",
      "kind": "heading",
      "parts": [
        {
          "page": 2,
          "line_ids": [
            "P2-L021"
          ],
          "exact_native_text": "Construction Plan Reviews & Inspections \n",
          "native_ranges": [
            [
              461,
              502
            ]
          ],
          "pdf_bboxes": [
            [
              77.4000015258789,
              260.4494323730469,
              265.7750244140625,
              275.77294921875
            ]
          ],
          "pixel_bboxes": [
            [
              215,
              723,
              739,
              767
            ]
          ],
          "native_file": {
            "path": "/Users/mcoors/Documents/Project Geode/MasterLegalDatabase/research/local_review/colorado-springs-construction-fees-qa-2026-09-12/native/page-0002.txt",
            "sha256": "a46cc6612a678b1c20aed0ad2e594a029c3849e44879476a2e2d5acc6587d0db",
            "size_bytes": 2278
          },
          "page_image": {
            "path": "/Users/mcoors/Documents/Project Geode/MasterLegalDatabase/research/local_review/colorado-springs-construction-fees-qa-2026-09-12/images/page-2.png",
            "sha256": "b88b50f587321a147cd2335fb8fa013a5070abfeb5b93dde2ca4b80b0917089f",
            "size_bytes": 404139
          },
          "text_sha256": "5b78eef69fd8c8db6276bb683bddc3b14928cfba57fe7ed5fc1808a06983c470",
          "offset_basis": "unchanged_physical_page_native_utf8_half_open"
        }
      ],
      "notes": []
    },
    {
      "block_id": "HEADING-ALARM",
      "kind": "heading",
      "parts": [
        {
          "page": 4,
          "line_ids": [
            "P4-L010"
          ],
          "exact_native_text": "Fire Alarm System Plan Reviews & Inspections \n",
          "native_ranges": [
            [
              164,
              210
            ]
          ],
          "pdf_bboxes": [
            [
              77.4000015258789,
              111.0494613647461,
              290.1350402832031,
              126.37297821044922
            ]
          ],
          "pixel_bboxes": [
            [
              215,
              308,
              806,
              352
            ]
          ],
          "native_file": {
            "path": "/Users/mcoors/Documents/Project Geode/MasterLegalDatabase/research/local_review/colorado-springs-construction-fees-qa-2026-09-12/native/page-0004.txt",
            "sha256": "1d06aa201ce2db2121e82d51dde04aa5f9f0b8e16709e2539f84c1d6ecdaa147",
            "size_bytes": 1973
          },
          "page_image": {
            "path": "/Users/mcoors/Documents/Project Geode/MasterLegalDatabase/research/local_review/colorado-springs-construction-fees-qa-2026-09-12/images/page-4.png",
            "sha256": "5afcdf4d1f8426409916ae17f0ff554a99198aa827669f17b2d572ffe56f9e98",
            "size_bytes": 397503
          },
          "text_sha256": "474ca0841094b18134f540eb6c5f15adf3f63b49a2af84ed08c20d909e64b44f",
          "offset_basis": "unchanged_physical_page_native_utf8_half_open"
        }
      ],
      "notes": []
    },
    {
      "block_id": "HEADING-SPRINKLER",
      "kind": "heading",
      "parts": [
        {
          "page": 4,
          "line_ids": [
            "P4-L031"
          ],
          "exact_native_text": "Fire Sprinkler System Plan Reviews & Inspections \n",
          "native_ranges": [
            [
              767,
              817
            ]
          ],
          "pdf_bboxes": [
            [
              77.4000015258789,
              302.929443359375,
              303.57501220703125,
              318.2529602050781
            ]
          ],
          "pixel_bboxes": [
            [
              215,
              841,
              844,
              885
            ]
          ],
          "native_file": {
            "path": "/Users/mcoors/Documents/Project Geode/MasterLegalDatabase/research/local_review/colorado-springs-construction-fees-qa-2026-09-12/native/page-0004.txt",
            "sha256": "1d06aa201ce2db2121e82d51dde04aa5f9f0b8e16709e2539f84c1d6ecdaa147",
            "size_bytes": 1973
          },
          "page_image": {
            "path": "/Users/mcoors/Documents/Project Geode/MasterLegalDatabase/research/local_review/colorado-springs-construction-fees-qa-2026-09-12/images/page-4.png",
            "sha256": "5afcdf4d1f8426409916ae17f0ff554a99198aa827669f17b2d572ffe56f9e98",
            "size_bytes": 397503
          },
          "text_sha256": "5d471a93f22c7eaf5c116ed62542389ebce0bba78103121c3f45ec88e051aef7",
          "offset_basis": "unchanged_physical_page_native_utf8_half_open"
        }
      ],
      "notes": []
    },
    {
      "block_id": "HEADING-FIXED",
      "kind": "heading",
      "parts": [
        {
          "page": 4,
          "line_ids": [
            "P4-L058"
          ],
          "exact_native_text": "Fixed Fire Extinguishing System Plan Reviews & Inspections \n",
          "native_ranges": [
            [
              1540,
              1600
            ]
          ],
          "pdf_bboxes": [
            [
              77.4000015258789,
              563.4494018554688,
              350.1350402832031,
              578.77294921875
            ]
          ],
          "pixel_bboxes": [
            [
              215,
              1565,
              973,
              1608
            ]
          ],
          "native_file": {
            "path": "/Users/mcoors/Documents/Project Geode/MasterLegalDatabase/research/local_review/colorado-springs-construction-fees-qa-2026-09-12/native/page-0004.txt",
            "sha256": "1d06aa201ce2db2121e82d51dde04aa5f9f0b8e16709e2539f84c1d6ecdaa147",
            "size_bytes": 1973
          },
          "page_image": {
            "path": "/Users/mcoors/Documents/Project Geode/MasterLegalDatabase/research/local_review/colorado-springs-construction-fees-qa-2026-09-12/images/page-4.png",
            "sha256": "5afcdf4d1f8426409916ae17f0ff554a99198aa827669f17b2d572ffe56f9e98",
            "size_bytes": 397503
          },
          "text_sha256": "93e47a7c9ca1cfd1abcbbae8d7125a2fce4fd50c1ad0baa567bbfaef797d7d43",
          "offset_basis": "unchanged_physical_page_native_utf8_half_open"
        }
      ],
      "notes": []
    },
    {
      "block_id": "HEADING-MISC",
      "kind": "heading",
      "parts": [
        {
          "page": 4,
          "line_ids": [
            "P4-L069"
          ],
          "exact_native_text": "Miscellaneous Permits & Plan Reviews \n",
          "native_ranges": [
            [
              1806,
              1844
            ]
          ],
          "pdf_bboxes": [
            [
              77.4000015258789,
              680.3294067382812,
              255.69503784179688,
              695.6529541015625
            ]
          ],
          "pixel_bboxes": [
            [
              215,
              1889,
              711,
              1933
            ]
          ],
          "native_file": {
            "path": "/Users/mcoors/Documents/Project Geode/MasterLegalDatabase/research/local_review/colorado-springs-construction-fees-qa-2026-09-12/native/page-0004.txt",
            "sha256": "1d06aa201ce2db2121e82d51dde04aa5f9f0b8e16709e2539f84c1d6ecdaa147",
            "size_bytes": 1973
          },
          "page_image": {
            "path": "/Users/mcoors/Documents/Project Geode/MasterLegalDatabase/research/local_review/colorado-springs-construction-fees-qa-2026-09-12/images/page-4.png",
            "sha256": "5afcdf4d1f8426409916ae17f0ff554a99198aa827669f17b2d572ffe56f9e98",
            "size_bytes": 397503
          },
          "text_sha256": "ca2092199ebdc130338a1c2d60044c16bb15f06b4ccbee05e3873b193cacdd3a",
          "offset_basis": "unchanged_physical_page_native_utf8_half_open"
        }
      ],
      "notes": []
    },
    {
      "block_id": "HEADING-INSPECTIONS",
      "kind": "heading",
      "parts": [
        {
          "page": 5,
          "line_ids": [
            "P5-L024"
          ],
          "exact_native_text": "Miscellaneous Inspections \n",
          "native_ranges": [
            [
              490,
              517
            ]
          ],
          "pdf_bboxes": [
            [
              77.4000015258789,
              232.3694610595703,
              199.65504455566406,
              247.6929931640625
            ]
          ],
          "pixel_bboxes": [
            [
              215,
              645,
              555,
              689
            ]
          ],
          "native_file": {
            "path": "/Users/mcoors/Documents/Project Geode/MasterLegalDatabase/research/local_review/colorado-springs-construction-fees-qa-2026-09-12/native/page-0005.txt",
            "sha256": "e8adfadad01f5ae9d6044592d82084c6ac19197b8122f1f0c5eca863e3b2327d",
            "size_bytes": 2213
          },
          "page_image": {
            "path": "/Users/mcoors/Documents/Project Geode/MasterLegalDatabase/research/local_review/colorado-springs-construction-fees-qa-2026-09-12/images/page-5.png",
            "sha256": "9de276e026d7e2fc6b4a79023fefb67fdf760ff24b03959161709e6d4dfc4ef7",
            "size_bytes": 402911
          },
          "text_sha256": "0bd7bc6dcc1a64675f2f561669630f0ba488fc96115b97a04c71d5cf7658a1d5",
          "offset_basis": "unchanged_physical_page_native_utf8_half_open"
        }
      ],
      "notes": []
    },
    {
      "block_id": "HEADING-ADMINISTRATIVE",
      "kind": "heading",
      "parts": [
        {
          "page": 5,
          "line_ids": [
            "P5-L044"
          ],
          "exact_native_text": "Administrative Permits, Records Requests & Plan Reviews \n",
          "native_ranges": [
            [
              1213,
              1270
            ]
          ],
          "pdf_bboxes": [
            [
              77.4000015258789,
              442.9694519042969,
              344.0150146484375,
              458.29296875
            ]
          ],
          "pixel_bboxes": [
            [
              215,
              1230,
              956,
              1274
            ]
          ],
          "native_file": {
            "path": "/Users/mcoors/Documents/Project Geode/MasterLegalDatabase/research/local_review/colorado-springs-construction-fees-qa-2026-09-12/native/page-0005.txt",
            "sha256": "e8adfadad01f5ae9d6044592d82084c6ac19197b8122f1f0c5eca863e3b2327d",
            "size_bytes": 2213
          },
          "page_image": {
            "path": "/Users/mcoors/Documents/Project Geode/MasterLegalDatabase/research/local_review/colorado-springs-construction-fees-qa-2026-09-12/images/page-5.png",
            "sha256": "9de276e026d7e2fc6b4a79023fefb67fdf760ff24b03959161709e6d4dfc4ef7",
            "size_bytes": 402911
          },
          "text_sha256": "808746b5f153a86e94783ad04d5d09f12743aa782925d76e6047aa94b5ed3bed",
          "offset_basis": "unchanged_physical_page_native_utf8_half_open"
        }
      ],
      "notes": []
    },
    {
      "block_id": "HEADING-EXTRATERRITORIAL",
      "kind": "heading",
      "parts": [
        {
          "page": 5,
          "line_ids": [
            "P5-L056"
          ],
          "exact_native_text": "Extraterritorial Plan Reviews & Inspections \n",
          "native_ranges": [
            [
              1486,
              1531
            ]
          ],
          "pdf_bboxes": [
            [
              77.4000015258789,
              577.8494262695312,
              275.1350402832031,
              593.1729736328125
            ]
          ],
          "pixel_bboxes": [
            [
              215,
              1605,
              765,
              1648
            ]
          ],
          "native_file": {
            "path": "/Users/mcoors/Documents/Project Geode/MasterLegalDatabase/research/local_review/colorado-springs-construction-fees-qa-2026-09-12/native/page-0005.txt",
            "sha256": "e8adfadad01f5ae9d6044592d82084c6ac19197b8122f1f0c5eca863e3b2327d",
            "size_bytes": 2213
          },
          "page_image": {
            "path": "/Users/mcoors/Documents/Project Geode/MasterLegalDatabase/research/local_review/colorado-springs-construction-fees-qa-2026-09-12/images/page-5.png",
            "sha256": "9de276e026d7e2fc6b4a79023fefb67fdf760ff24b03959161709e6d4dfc4ef7",
            "size_bytes": 402911
          },
          "text_sha256": "a90b0f5846ab71ebe8ee62a33e5042e5d2899fc9a5fdc94c4000ff7ab441ffd5",
          "offset_basis": "unchanged_physical_page_native_utf8_half_open"
        }
      ],
      "notes": []
    },
    {
      "block_id": "UNASSIGNED-P1-L001",
      "kind": "native_whitespace",
      "parts": [
        {
          "page": 1,
          "line_ids": [
            "P1-L001"
          ],
          "exact_native_text": " \n",
          "native_ranges": [
            [
              0,
              2
            ]
          ],
          "pdf_bboxes": [
            [
              72.0,
              26.38101577758789,
              74.25096130371094,
              39.707496643066406
            ]
          ],
          "pixel_bboxes": [
            [
              200,
              73,
              207,
              111
            ]
          ],
          "native_file": {
            "path": "/Users/mcoors/Documents/Project Geode/MasterLegalDatabase/research/local_review/colorado-springs-construction-fees-qa-2026-09-12/native/page-0001.txt",
            "sha256": "9343dcd69e4e47c01d93959fed1a34dd49cec832b45b8254733dbb9a96703450",
            "size_bytes": 655
          },
          "page_image": {
            "path": "/Users/mcoors/Documents/Project Geode/MasterLegalDatabase/research/local_review/colorado-springs-construction-fees-qa-2026-09-12/images/page-1.png",
            "sha256": "c0eb87641dfcb487fafa0321b76b0b1d361cbf2d786e8b786bf16436bbcc7397",
            "size_bytes": 363158
          },
          "text_sha256": "e16f1596201850fd4a63680b27f603cb64e67176159be3d8ed78a4403fdb1700",
          "offset_basis": "unchanged_physical_page_native_utf8_half_open"
        }
      ],
      "notes": [
        "Native whitespace has no additional visible fee wording."
      ]
    },
    {
      "block_id": "UNASSIGNED-P1-L002",
      "kind": "footer",
      "parts": [
        {
          "page": 1,
          "line_ids": [
            "P1-L002"
          ],
          "exact_native_text": "1 \n",
          "native_ranges": [
            [
              2,
              5
            ]
          ],
          "pdf_bboxes": [
            [
              303.239990234375,
              728.2329711914062,
              311.2550048828125,
              743.0044555664062
            ]
          ],
          "pixel_bboxes": [
            [
              842,
              2022,
              865,
              2064
            ]
          ],
          "native_file": {
            "path": "/Users/mcoors/Documents/Project Geode/MasterLegalDatabase/research/local_review/colorado-springs-construction-fees-qa-2026-09-12/native/page-0001.txt",
            "sha256": "9343dcd69e4e47c01d93959fed1a34dd49cec832b45b8254733dbb9a96703450",
            "size_bytes": 655
          },
          "page_image": {
            "path": "/Users/mcoors/Documents/Project Geode/MasterLegalDatabase/research/local_review/colorado-springs-construction-fees-qa-2026-09-12/images/page-1.png",
            "sha256": "c0eb87641dfcb487fafa0321b76b0b1d361cbf2d786e8b786bf16436bbcc7397",
            "size_bytes": 363158
          },
          "text_sha256": "c5295c00ead93b36a700b78c0cae17503dba4fe423425220b23f8519b5f734cc",
          "offset_basis": "unchanged_physical_page_native_utf8_half_open"
        }
      ],
      "notes": []
    },
    {
      "block_id": "UNASSIGNED-P1-L003",
      "kind": "native_whitespace",
      "parts": [
        {
          "page": 1,
          "line_ids": [
            "P1-L003"
          ],
          "exact_native_text": " \n",
          "native_ranges": [
            [
              5,
              7
            ]
          ],
          "pdf_bboxes": [
            [
              71.99615478515625,
              741.6686401367188,
              74.49119567871094,
              756.4401245117188
            ]
          ],
          "pixel_bboxes": [
            [
              199,
              2060,
              207,
              2102
            ]
          ],
          "native_file": {
            "path": "/Users/mcoors/Documents/Project Geode/MasterLegalDatabase/research/local_review/colorado-springs-construction-fees-qa-2026-09-12/native/page-0001.txt",
            "sha256": "9343dcd69e4e47c01d93959fed1a34dd49cec832b45b8254733dbb9a96703450",
            "size_bytes": 655
          },
          "page_image": {
            "path": "/Users/mcoors/Documents/Project Geode/MasterLegalDatabase/research/local_review/colorado-springs-construction-fees-qa-2026-09-12/images/page-1.png",
            "sha256": "c0eb87641dfcb487fafa0321b76b0b1d361cbf2d786e8b786bf16436bbcc7397",
            "size_bytes": 363158
          },
          "text_sha256": "e16f1596201850fd4a63680b27f603cb64e67176159be3d8ed78a4403fdb1700",
          "offset_basis": "unchanged_physical_page_native_utf8_half_open"
        }
      ],
      "notes": [
        "Native whitespace has no additional visible fee wording."
      ]
    },
    {
      "block_id": "UNASSIGNED-P1-L004",
      "kind": "native_whitespace",
      "parts": [
        {
          "page": 1,
          "line_ids": [
            "P1-L004"
          ],
          "exact_native_text": " \n",
          "native_ranges": [
            [
              7,
              9
            ]
          ],
          "pdf_bboxes": [
            [
              71.99615478515625,
              43.75297546386719,
              74.49119567871094,
              58.524497985839844
            ]
          ],
          "pixel_bboxes": [
            [
              199,
              121,
              207,
              163
            ]
          ],
          "native_file": {
            "path": "/Users/mcoors/Documents/Project Geode/MasterLegalDatabase/research/local_review/colorado-springs-construction-fees-qa-2026-09-12/native/page-0001.txt",
            "sha256": "9343dcd69e4e47c01d93959fed1a34dd49cec832b45b8254733dbb9a96703450",
            "size_bytes": 655
          },
          "page_image": {
            "path": "/Users/mcoors/Documents/Project Geode/MasterLegalDatabase/research/local_review/colorado-springs-construction-fees-qa-2026-09-12/images/page-1.png",
            "sha256": "c0eb87641dfcb487fafa0321b76b0b1d361cbf2d786e8b786bf16436bbcc7397",
            "size_bytes": 363158
          },
          "text_sha256": "e16f1596201850fd4a63680b27f603cb64e67176159be3d8ed78a4403fdb1700",
          "offset_basis": "unchanged_physical_page_native_utf8_half_open"
        }
      ],
      "notes": [
        "Native whitespace has no additional visible fee wording."
      ]
    },
    {
      "block_id": "UNASSIGNED-P1-L005",
      "kind": "native_whitespace",
      "parts": [
        {
          "page": 1,
          "line_ids": [
            "P1-L005"
          ],
          "exact_native_text": " \n",
          "native_ranges": [
            [
              9,
              11
            ]
          ],
          "pdf_bboxes": [
            [
              71.99615478515625,
              57.18864440917969,
              74.49119567871094,
              71.96016693115234
            ]
          ],
          "pixel_bboxes": [
            [
              199,
              158,
              207,
              200
            ]
          ],
          "native_file": {
            "path": "/Users/mcoors/Documents/Project Geode/MasterLegalDatabase/research/local_review/colorado-springs-construction-fees-qa-2026-09-12/native/page-0001.txt",
            "sha256": "9343dcd69e4e47c01d93959fed1a34dd49cec832b45b8254733dbb9a96703450",
            "size_bytes": 655
          },
          "page_image": {
            "path": "/Users/mcoors/Documents/Project Geode/MasterLegalDatabase/research/local_review/colorado-springs-construction-fees-qa-2026-09-12/images/page-1.png",
            "sha256": "c0eb87641dfcb487fafa0321b76b0b1d361cbf2d786e8b786bf16436bbcc7397",
            "size_bytes": 363158
          },
          "text_sha256": "e16f1596201850fd4a63680b27f603cb64e67176159be3d8ed78a4403fdb1700",
          "offset_basis": "unchanged_physical_page_native_utf8_half_open"
        }
      ],
      "notes": [
        "Native whitespace has no additional visible fee wording."
      ]
    },
    {
      "block_id": "UNASSIGNED-P1-L006",
      "kind": "native_whitespace",
      "parts": [
        {
          "page": 1,
          "line_ids": [
            "P1-L006"
          ],
          "exact_native_text": " \n",
          "native_ranges": [
            [
              11,
              13
            ]
          ],
          "pdf_bboxes": [
            [
              539.9927978515625,
              70.62431335449219,
              542.4878540039062,
              85.39583587646484
            ]
          ],
          "pixel_bboxes": [
            [
              1499,
              196,
              1507,
              238
            ]
          ],
          "native_file": {
            "path": "/Users/mcoors/Documents/Project Geode/MasterLegalDatabase/research/local_review/colorado-springs-construction-fees-qa-2026-09-12/native/page-0001.txt",
            "sha256": "9343dcd69e4e47c01d93959fed1a34dd49cec832b45b8254733dbb9a96703450",
            "size_bytes": 655
          },
          "page_image": {
            "path": "/Users/mcoors/Documents/Project Geode/MasterLegalDatabase/research/local_review/colorado-springs-construction-fees-qa-2026-09-12/images/page-1.png",
            "sha256": "c0eb87641dfcb487fafa0321b76b0b1d361cbf2d786e8b786bf16436bbcc7397",
            "size_bytes": 363158
          },
          "text_sha256": "e16f1596201850fd4a63680b27f603cb64e67176159be3d8ed78a4403fdb1700",
          "offset_basis": "unchanged_physical_page_native_utf8_half_open"
        }
      ],
      "notes": [
        "Native whitespace has no additional visible fee wording."
      ]
    },
    {
      "block_id": "UNASSIGNED-P1-L007",
      "kind": "native_whitespace",
      "parts": [
        {
          "page": 1,
          "line_ids": [
            "P1-L007"
          ],
          "exact_native_text": " \n",
          "native_ranges": [
            [
              13,
              15
            ]
          ],
          "pdf_bboxes": [
            [
              72.0,
              83.87498474121094,
              75.17304229736328,
              102.66050720214844
            ]
          ],
          "pixel_bboxes": [
            [
              200,
              232,
              209,
              286
            ]
          ],
          "native_file": {
            "path": "/Users/mcoors/Documents/Project Geode/MasterLegalDatabase/research/local_review/colorado-springs-construction-fees-qa-2026-09-12/native/page-0001.txt",
            "sha256": "9343dcd69e4e47c01d93959fed1a34dd49cec832b45b8254733dbb9a96703450",
            "size_bytes": 655
          },
          "page_image": {
            "path": "/Users/mcoors/Documents/Project Geode/MasterLegalDatabase/research/local_review/colorado-springs-construction-fees-qa-2026-09-12/images/page-1.png",
            "sha256": "c0eb87641dfcb487fafa0321b76b0b1d361cbf2d786e8b786bf16436bbcc7397",
            "size_bytes": 363158
          },
          "text_sha256": "e16f1596201850fd4a63680b27f603cb64e67176159be3d8ed78a4403fdb1700",
          "offset_basis": "unchanged_physical_page_native_utf8_half_open"
        }
      ],
      "notes": [
        "Native whitespace has no additional visible fee wording."
      ]
    },
    {
      "block_id": "UNASSIGNED-P1-L011",
      "kind": "native_whitespace",
      "parts": [
        {
          "page": 1,
          "line_ids": [
            "P1-L011"
          ],
          "exact_native_text": " \n",
          "native_ranges": [
            [
              115,
              117
            ]
          ],
          "pdf_bboxes": [
            [
              72.0,
              161.95298767089844,
              74.49504089355469,
              176.72450256347656
            ]
          ],
          "pixel_bboxes": [
            [
              200,
              449,
              207,
              491
            ]
          ],
          "native_file": {
            "path": "/Users/mcoors/Documents/Project Geode/MasterLegalDatabase/research/local_review/colorado-springs-construction-fees-qa-2026-09-12/native/page-0001.txt",
            "sha256": "9343dcd69e4e47c01d93959fed1a34dd49cec832b45b8254733dbb9a96703450",
            "size_bytes": 655
          },
          "page_image": {
            "path": "/Users/mcoors/Documents/Project Geode/MasterLegalDatabase/research/local_review/colorado-springs-construction-fees-qa-2026-09-12/images/page-1.png",
            "sha256": "c0eb87641dfcb487fafa0321b76b0b1d361cbf2d786e8b786bf16436bbcc7397",
            "size_bytes": 363158
          },
          "text_sha256": "e16f1596201850fd4a63680b27f603cb64e67176159be3d8ed78a4403fdb1700",
          "offset_basis": "unchanged_physical_page_native_utf8_half_open"
        }
      ],
      "notes": [
        "Native whitespace has no additional visible fee wording."
      ]
    },
    {
      "block_id": "UNASSIGNED-P1-L013",
      "kind": "native_whitespace",
      "parts": [
        {
          "page": 1,
          "line_ids": [
            "P1-L013"
          ],
          "exact_native_text": " \n",
          "native_ranges": [
            [
              139,
              141
            ]
          ],
          "pdf_bboxes": [
            [
              305.9927978515625,
              188.7139129638672,
              308.4878234863281,
              203.4854278564453
            ]
          ],
          "pixel_bboxes": [
            [
              849,
              524,
              857,
              566
            ]
          ],
          "native_file": {
            "path": "/Users/mcoors/Documents/Project Geode/MasterLegalDatabase/research/local_review/colorado-springs-construction-fees-qa-2026-09-12/native/page-0001.txt",
            "sha256": "9343dcd69e4e47c01d93959fed1a34dd49cec832b45b8254733dbb9a96703450",
            "size_bytes": 655
          },
          "page_image": {
            "path": "/Users/mcoors/Documents/Project Geode/MasterLegalDatabase/research/local_review/colorado-springs-construction-fees-qa-2026-09-12/images/page-1.png",
            "sha256": "c0eb87641dfcb487fafa0321b76b0b1d361cbf2d786e8b786bf16436bbcc7397",
            "size_bytes": 363158
          },
          "text_sha256": "e16f1596201850fd4a63680b27f603cb64e67176159be3d8ed78a4403fdb1700",
          "offset_basis": "unchanged_physical_page_native_utf8_half_open"
        }
      ],
      "notes": [
        "Native whitespace has no additional visible fee wording."
      ]
    },
    {
      "block_id": "UNASSIGNED-P2-L001",
      "kind": "native_whitespace",
      "parts": [
        {
          "page": 2,
          "line_ids": [
            "P2-L001"
          ],
          "exact_native_text": " \n",
          "native_ranges": [
            [
              0,
              2
            ]
          ],
          "pdf_bboxes": [
            [
              72.0,
              26.38101577758789,
              74.25096130371094,
              39.707496643066406
            ]
          ],
          "pixel_bboxes": [
            [
              200,
              73,
              207,
              111
            ]
          ],
          "native_file": {
            "path": "/Users/mcoors/Documents/Project Geode/MasterLegalDatabase/research/local_review/colorado-springs-construction-fees-qa-2026-09-12/native/page-0002.txt",
            "sha256": "a46cc6612a678b1c20aed0ad2e594a029c3849e44879476a2e2d5acc6587d0db",
            "size_bytes": 2278
          },
          "page_image": {
            "path": "/Users/mcoors/Documents/Project Geode/MasterLegalDatabase/research/local_review/colorado-springs-construction-fees-qa-2026-09-12/images/page-2.png",
            "sha256": "b88b50f587321a147cd2335fb8fa013a5070abfeb5b93dde2ca4b80b0917089f",
            "size_bytes": 404139
          },
          "text_sha256": "e16f1596201850fd4a63680b27f603cb64e67176159be3d8ed78a4403fdb1700",
          "offset_basis": "unchanged_physical_page_native_utf8_half_open"
        }
      ],
      "notes": [
        "Native whitespace has no additional visible fee wording."
      ]
    },
    {
      "block_id": "UNASSIGNED-P2-L002",
      "kind": "footer",
      "parts": [
        {
          "page": 2,
          "line_ids": [
            "P2-L002"
          ],
          "exact_native_text": "2 \n",
          "native_ranges": [
            [
              2,
              5
            ]
          ],
          "pdf_bboxes": [
            [
              305.5199890136719,
              728.2329711914062,
              313.5350341796875,
              743.0044555664062
            ]
          ],
          "pixel_bboxes": [
            [
              848,
              2022,
              871,
              2064
            ]
          ],
          "native_file": {
            "path": "/Users/mcoors/Documents/Project Geode/MasterLegalDatabase/research/local_review/colorado-springs-construction-fees-qa-2026-09-12/native/page-0002.txt",
            "sha256": "a46cc6612a678b1c20aed0ad2e594a029c3849e44879476a2e2d5acc6587d0db",
            "size_bytes": 2278
          },
          "page_image": {
            "path": "/Users/mcoors/Documents/Project Geode/MasterLegalDatabase/research/local_review/colorado-springs-construction-fees-qa-2026-09-12/images/page-2.png",
            "sha256": "b88b50f587321a147cd2335fb8fa013a5070abfeb5b93dde2ca4b80b0917089f",
            "size_bytes": 404139
          },
          "text_sha256": "8c90963d8f3da9bf0465279550af369a2c6eb885f63e793ed53b47c3cfa30a2e",
          "offset_basis": "unchanged_physical_page_native_utf8_half_open"
        }
      ],
      "notes": []
    },
    {
      "block_id": "UNASSIGNED-P2-L003",
      "kind": "native_whitespace",
      "parts": [
        {
          "page": 2,
          "line_ids": [
            "P2-L003"
          ],
          "exact_native_text": " \n",
          "native_ranges": [
            [
              5,
              7
            ]
          ],
          "pdf_bboxes": [
            [
              72.00190734863281,
              741.6686401367188,
              74.4969482421875,
              756.4401245117188
            ]
          ],
          "pixel_bboxes": [
            [
              200,
              2060,
              207,
              2102
            ]
          ],
          "native_file": {
            "path": "/Users/mcoors/Documents/Project Geode/MasterLegalDatabase/research/local_review/colorado-springs-construction-fees-qa-2026-09-12/native/page-0002.txt",
            "sha256": "a46cc6612a678b1c20aed0ad2e594a029c3849e44879476a2e2d5acc6587d0db",
            "size_bytes": 2278
          },
          "page_image": {
            "path": "/Users/mcoors/Documents/Project Geode/MasterLegalDatabase/research/local_review/colorado-springs-construction-fees-qa-2026-09-12/images/page-2.png",
            "sha256": "b88b50f587321a147cd2335fb8fa013a5070abfeb5b93dde2ca4b80b0917089f",
            "size_bytes": 404139
          },
          "text_sha256": "e16f1596201850fd4a63680b27f603cb64e67176159be3d8ed78a4403fdb1700",
          "offset_basis": "unchanged_physical_page_native_utf8_half_open"
        }
      ],
      "notes": [
        "Native whitespace has no additional visible fee wording."
      ]
    },
    {
      "block_id": "UNASSIGNED-P2-L005",
      "kind": "native_whitespace",
      "parts": [
        {
          "page": 2,
          "line_ids": [
            "P2-L005"
          ],
          "exact_native_text": " \n",
          "native_ranges": [
            [
              35,
              37
            ]
          ],
          "pdf_bboxes": [
            [
              308.27496337890625,
              68.85780334472656,
              311.8819274902344,
              91.01028442382812
            ]
          ],
          "pixel_bboxes": [
            [
              856,
              191,
              867,
              253
            ]
          ],
          "native_file": {
            "path": "/Users/mcoors/Documents/Project Geode/MasterLegalDatabase/research/local_review/colorado-springs-construction-fees-qa-2026-09-12/native/page-0002.txt",
            "sha256": "a46cc6612a678b1c20aed0ad2e594a029c3849e44879476a2e2d5acc6587d0db",
            "size_bytes": 2278
          },
          "page_image": {
            "path": "/Users/mcoors/Documents/Project Geode/MasterLegalDatabase/research/local_review/colorado-springs-construction-fees-qa-2026-09-12/images/page-2.png",
            "sha256": "b88b50f587321a147cd2335fb8fa013a5070abfeb5b93dde2ca4b80b0917089f",
            "size_bytes": 404139
          },
          "text_sha256": "e16f1596201850fd4a63680b27f603cb64e67176159be3d8ed78a4403fdb1700",
          "offset_basis": "unchanged_physical_page_native_utf8_half_open"
        }
      ],
      "notes": [
        "Native whitespace has no additional visible fee wording."
      ]
    },
    {
      "block_id": "UNASSIGNED-P2-L008",
      "kind": "native_whitespace",
      "parts": [
        {
          "page": 2,
          "line_ids": [
            "P2-L008"
          ],
          "exact_native_text": " \n",
          "native_ranges": [
            [
              238,
              240
            ]
          ],
          "pdf_bboxes": [
            [
              72.00527954101562,
              128.57139587402344,
              74.50032043457031,
              142.05123901367188
            ]
          ],
          "pixel_bboxes": [
            [
              200,
              357,
              207,
              395
            ]
          ],
          "native_file": {
            "path": "/Users/mcoors/Documents/Project Geode/MasterLegalDatabase/research/local_review/colorado-springs-construction-fees-qa-2026-09-12/native/page-0002.txt",
            "sha256": "a46cc6612a678b1c20aed0ad2e594a029c3849e44879476a2e2d5acc6587d0db",
            "size_bytes": 2278
          },
          "page_image": {
            "path": "/Users/mcoors/Documents/Project Geode/MasterLegalDatabase/research/local_review/colorado-springs-construction-fees-qa-2026-09-12/images/page-2.png",
            "sha256": "b88b50f587321a147cd2335fb8fa013a5070abfeb5b93dde2ca4b80b0917089f",
            "size_bytes": 404139
          },
          "text_sha256": "e16f1596201850fd4a63680b27f603cb64e67176159be3d8ed78a4403fdb1700",
          "offset_basis": "unchanged_physical_page_native_utf8_half_open"
        }
      ],
      "notes": [
        "Native whitespace has no additional visible fee wording."
      ]
    },
    {
      "block_id": "UNASSIGNED-P2-L020",
      "kind": "native_whitespace",
      "parts": [
        {
          "page": 2,
          "line_ids": [
            "P2-L020"
          ],
          "exact_native_text": " \n",
          "native_ranges": [
            [
              459,
              461
            ]
          ],
          "pdf_bboxes": [
            [
              72.0,
              240.04945373535156,
              74.49504089355469,
              255.37298583984375
            ]
          ],
          "pixel_bboxes": [
            [
              200,
              666,
              207,
              710
            ]
          ],
          "native_file": {
            "path": "/Users/mcoors/Documents/Project Geode/MasterLegalDatabase/research/local_review/colorado-springs-construction-fees-qa-2026-09-12/native/page-0002.txt",
            "sha256": "a46cc6612a678b1c20aed0ad2e594a029c3849e44879476a2e2d5acc6587d0db",
            "size_bytes": 2278
          },
          "page_image": {
            "path": "/Users/mcoors/Documents/Project Geode/MasterLegalDatabase/research/local_review/colorado-springs-construction-fees-qa-2026-09-12/images/page-2.png",
            "sha256": "b88b50f587321a147cd2335fb8fa013a5070abfeb5b93dde2ca4b80b0917089f",
            "size_bytes": 404139
          },
          "text_sha256": "e16f1596201850fd4a63680b27f603cb64e67176159be3d8ed78a4403fdb1700",
          "offset_basis": "unchanged_physical_page_native_utf8_half_open"
        }
      ],
      "notes": [
        "Native whitespace has no additional visible fee wording."
      ]
    },
    {
      "block_id": "UNASSIGNED-P3-L001",
      "kind": "native_whitespace",
      "parts": [
        {
          "page": 3,
          "line_ids": [
            "P3-L001"
          ],
          "exact_native_text": " \n",
          "native_ranges": [
            [
              0,
              2
            ]
          ],
          "pdf_bboxes": [
            [
              72.0,
              26.38101577758789,
              74.25096130371094,
              39.707496643066406
            ]
          ],
          "pixel_bboxes": [
            [
              200,
              73,
              207,
              111
            ]
          ],
          "native_file": {
            "path": "/Users/mcoors/Documents/Project Geode/MasterLegalDatabase/research/local_review/colorado-springs-construction-fees-qa-2026-09-12/native/page-0003.txt",
            "sha256": "af656cf6d4dc080501c3ccb3c602be6af81a3af180b20b9cf85d90fe1cbfe756",
            "size_bytes": 2626
          },
          "page_image": {
            "path": "/Users/mcoors/Documents/Project Geode/MasterLegalDatabase/research/local_review/colorado-springs-construction-fees-qa-2026-09-12/images/page-3.png",
            "sha256": "34be548828028d584105d4a0f05d9c046170ef19fba1039b44ef580a9799dd63",
            "size_bytes": 513809
          },
          "text_sha256": "e16f1596201850fd4a63680b27f603cb64e67176159be3d8ed78a4403fdb1700",
          "offset_basis": "unchanged_physical_page_native_utf8_half_open"
        }
      ],
      "notes": [
        "Native whitespace has no additional visible fee wording."
      ]
    },
    {
      "block_id": "UNASSIGNED-P3-L002",
      "kind": "footer",
      "parts": [
        {
          "page": 3,
          "line_ids": [
            "P3-L002"
          ],
          "exact_native_text": "3 \n",
          "native_ranges": [
            [
              2,
              5
            ]
          ],
          "pdf_bboxes": [
            [
              305.5199890136719,
              728.2329711914062,
              313.5350341796875,
              743.0044555664062
            ]
          ],
          "pixel_bboxes": [
            [
              848,
              2022,
              871,
              2064
            ]
          ],
          "native_file": {
            "path": "/Users/mcoors/Documents/Project Geode/MasterLegalDatabase/research/local_review/colorado-springs-construction-fees-qa-2026-09-12/native/page-0003.txt",
            "sha256": "af656cf6d4dc080501c3ccb3c602be6af81a3af180b20b9cf85d90fe1cbfe756",
            "size_bytes": 2626
          },
          "page_image": {
            "path": "/Users/mcoors/Documents/Project Geode/MasterLegalDatabase/research/local_review/colorado-springs-construction-fees-qa-2026-09-12/images/page-3.png",
            "sha256": "34be548828028d584105d4a0f05d9c046170ef19fba1039b44ef580a9799dd63",
            "size_bytes": 513809
          },
          "text_sha256": "2d1f51b216f38179e2158a27df1cdeffca800c65b1862779cd23422c976b60b8",
          "offset_basis": "unchanged_physical_page_native_utf8_half_open"
        }
      ],
      "notes": []
    },
    {
      "block_id": "UNASSIGNED-P3-L003",
      "kind": "native_whitespace",
      "parts": [
        {
          "page": 3,
          "line_ids": [
            "P3-L003"
          ],
          "exact_native_text": " \n",
          "native_ranges": [
            [
              5,
              7
            ]
          ],
          "pdf_bboxes": [
            [
              72.00190734863281,
              741.6686401367188,
              74.4969482421875,
              756.4401245117188
            ]
          ],
          "pixel_bboxes": [
            [
              200,
              2060,
              207,
              2102
            ]
          ],
          "native_file": {
            "path": "/Users/mcoors/Documents/Project Geode/MasterLegalDatabase/research/local_review/colorado-springs-construction-fees-qa-2026-09-12/native/page-0003.txt",
            "sha256": "af656cf6d4dc080501c3ccb3c602be6af81a3af180b20b9cf85d90fe1cbfe756",
            "size_bytes": 2626
          },
          "page_image": {
            "path": "/Users/mcoors/Documents/Project Geode/MasterLegalDatabase/research/local_review/colorado-springs-construction-fees-qa-2026-09-12/images/page-3.png",
            "sha256": "34be548828028d584105d4a0f05d9c046170ef19fba1039b44ef580a9799dd63",
            "size_bytes": 513809
          },
          "text_sha256": "e16f1596201850fd4a63680b27f603cb64e67176159be3d8ed78a4403fdb1700",
          "offset_basis": "unchanged_physical_page_native_utf8_half_open"
        }
      ],
      "notes": [
        "Native whitespace has no additional visible fee wording."
      ]
    },
    {
      "block_id": "UNASSIGNED-P4-L001",
      "kind": "native_whitespace",
      "parts": [
        {
          "page": 4,
          "line_ids": [
            "P4-L001"
          ],
          "exact_native_text": " \n",
          "native_ranges": [
            [
              0,
              2
            ]
          ],
          "pdf_bboxes": [
            [
              72.0,
              26.38101577758789,
              74.25096130371094,
              39.707496643066406
            ]
          ],
          "pixel_bboxes": [
            [
              200,
              73,
              207,
              111
            ]
          ],
          "native_file": {
            "path": "/Users/mcoors/Documents/Project Geode/MasterLegalDatabase/research/local_review/colorado-springs-construction-fees-qa-2026-09-12/native/page-0004.txt",
            "sha256": "1d06aa201ce2db2121e82d51dde04aa5f9f0b8e16709e2539f84c1d6ecdaa147",
            "size_bytes": 1973
          },
          "page_image": {
            "path": "/Users/mcoors/Documents/Project Geode/MasterLegalDatabase/research/local_review/colorado-springs-construction-fees-qa-2026-09-12/images/page-4.png",
            "sha256": "5afcdf4d1f8426409916ae17f0ff554a99198aa827669f17b2d572ffe56f9e98",
            "size_bytes": 397503
          },
          "text_sha256": "e16f1596201850fd4a63680b27f603cb64e67176159be3d8ed78a4403fdb1700",
          "offset_basis": "unchanged_physical_page_native_utf8_half_open"
        }
      ],
      "notes": [
        "Native whitespace has no additional visible fee wording."
      ]
    },
    {
      "block_id": "UNASSIGNED-P4-L002",
      "kind": "footer",
      "parts": [
        {
          "page": 4,
          "line_ids": [
            "P4-L002"
          ],
          "exact_native_text": "4 \n",
          "native_ranges": [
            [
              2,
              5
            ]
          ],
          "pdf_bboxes": [
            [
              305.5199890136719,
              728.2329711914062,
              313.5350341796875,
              743.0044555664062
            ]
          ],
          "pixel_bboxes": [
            [
              848,
              2022,
              871,
              2064
            ]
          ],
          "native_file": {
            "path": "/Users/mcoors/Documents/Project Geode/MasterLegalDatabase/research/local_review/colorado-springs-construction-fees-qa-2026-09-12/native/page-0004.txt",
            "sha256": "1d06aa201ce2db2121e82d51dde04aa5f9f0b8e16709e2539f84c1d6ecdaa147",
            "size_bytes": 1973
          },
          "page_image": {
            "path": "/Users/mcoors/Documents/Project Geode/MasterLegalDatabase/research/local_review/colorado-springs-construction-fees-qa-2026-09-12/images/page-4.png",
            "sha256": "5afcdf4d1f8426409916ae17f0ff554a99198aa827669f17b2d572ffe56f9e98",
            "size_bytes": 397503
          },
          "text_sha256": "4f39000322e9db1d164a34140b94921a349f9f193138dba5e832bc0601b9eb49",
          "offset_basis": "unchanged_physical_page_native_utf8_half_open"
        }
      ],
      "notes": []
    },
    {
      "block_id": "UNASSIGNED-P4-L003",
      "kind": "native_whitespace",
      "parts": [
        {
          "page": 4,
          "line_ids": [
            "P4-L003"
          ],
          "exact_native_text": " \n",
          "native_ranges": [
            [
              5,
              7
            ]
          ],
          "pdf_bboxes": [
            [
              72.00190734863281,
              741.6686401367188,
              74.4969482421875,
              756.4401245117188
            ]
          ],
          "pixel_bboxes": [
            [
              200,
              2060,
              207,
              2102
            ]
          ],
          "native_file": {
            "path": "/Users/mcoors/Documents/Project Geode/MasterLegalDatabase/research/local_review/colorado-springs-construction-fees-qa-2026-09-12/native/page-0004.txt",
            "sha256": "1d06aa201ce2db2121e82d51dde04aa5f9f0b8e16709e2539f84c1d6ecdaa147",
            "size_bytes": 1973
          },
          "page_image": {
            "path": "/Users/mcoors/Documents/Project Geode/MasterLegalDatabase/research/local_review/colorado-springs-construction-fees-qa-2026-09-12/images/page-4.png",
            "sha256": "5afcdf4d1f8426409916ae17f0ff554a99198aa827669f17b2d572ffe56f9e98",
            "size_bytes": 397503
          },
          "text_sha256": "e16f1596201850fd4a63680b27f603cb64e67176159be3d8ed78a4403fdb1700",
          "offset_basis": "unchanged_physical_page_native_utf8_half_open"
        }
      ],
      "notes": [
        "Native whitespace has no additional visible fee wording."
      ]
    },
    {
      "block_id": "UNASSIGNED-P4-L009",
      "kind": "native_whitespace",
      "parts": [
        {
          "page": 4,
          "line_ids": [
            "P4-L009"
          ],
          "exact_native_text": " \n",
          "native_ranges": [
            [
              162,
              164
            ]
          ],
          "pdf_bboxes": [
            [
              72.0,
              87.5294418334961,
              74.49504089355469,
              102.85295867919922
            ]
          ],
          "pixel_bboxes": [
            [
              200,
              243,
              207,
              286
            ]
          ],
          "native_file": {
            "path": "/Users/mcoors/Documents/Project Geode/MasterLegalDatabase/research/local_review/colorado-springs-construction-fees-qa-2026-09-12/native/page-0004.txt",
            "sha256": "1d06aa201ce2db2121e82d51dde04aa5f9f0b8e16709e2539f84c1d6ecdaa147",
            "size_bytes": 1973
          },
          "page_image": {
            "path": "/Users/mcoors/Documents/Project Geode/MasterLegalDatabase/research/local_review/colorado-springs-construction-fees-qa-2026-09-12/images/page-4.png",
            "sha256": "5afcdf4d1f8426409916ae17f0ff554a99198aa827669f17b2d572ffe56f9e98",
            "size_bytes": 397503
          },
          "text_sha256": "e16f1596201850fd4a63680b27f603cb64e67176159be3d8ed78a4403fdb1700",
          "offset_basis": "unchanged_physical_page_native_utf8_half_open"
        }
      ],
      "notes": [
        "Native whitespace has no additional visible fee wording."
      ]
    },
    {
      "block_id": "UNASSIGNED-P4-L029",
      "kind": "native_whitespace",
      "parts": [
        {
          "page": 4,
          "line_ids": [
            "P4-L029"
          ],
          "exact_native_text": " \n",
          "native_ranges": [
            [
              763,
              765
            ]
          ],
          "pdf_bboxes": [
            [
              72.0,
              262.9694519042969,
              74.49504089355469,
              278.29296875
            ]
          ],
          "pixel_bboxes": [
            [
              200,
              730,
              207,
              774
            ]
          ],
          "native_file": {
            "path": "/Users/mcoors/Documents/Project Geode/MasterLegalDatabase/research/local_review/colorado-springs-construction-fees-qa-2026-09-12/native/page-0004.txt",
            "sha256": "1d06aa201ce2db2121e82d51dde04aa5f9f0b8e16709e2539f84c1d6ecdaa147",
            "size_bytes": 1973
          },
          "page_image": {
            "path": "/Users/mcoors/Documents/Project Geode/MasterLegalDatabase/research/local_review/colorado-springs-construction-fees-qa-2026-09-12/images/page-4.png",
            "sha256": "5afcdf4d1f8426409916ae17f0ff554a99198aa827669f17b2d572ffe56f9e98",
            "size_bytes": 397503
          },
          "text_sha256": "e16f1596201850fd4a63680b27f603cb64e67176159be3d8ed78a4403fdb1700",
          "offset_basis": "unchanged_physical_page_native_utf8_half_open"
        }
      ],
      "notes": [
        "Native whitespace has no additional visible fee wording."
      ]
    },
    {
      "block_id": "UNASSIGNED-P4-L030",
      "kind": "native_whitespace",
      "parts": [
        {
          "page": 4,
          "line_ids": [
            "P4-L030"
          ],
          "exact_native_text": " \n",
          "native_ranges": [
            [
              765,
              767
            ]
          ],
          "pdf_bboxes": [
            [
              72.0,
              282.410888671875,
              74.49504089355469,
              297.7344055175781
            ]
          ],
          "pixel_bboxes": [
            [
              200,
              784,
              207,
              828
            ]
          ],
          "native_file": {
            "path": "/Users/mcoors/Documents/Project Geode/MasterLegalDatabase/research/local_review/colorado-springs-construction-fees-qa-2026-09-12/native/page-0004.txt",
            "sha256": "1d06aa201ce2db2121e82d51dde04aa5f9f0b8e16709e2539f84c1d6ecdaa147",
            "size_bytes": 1973
          },
          "page_image": {
            "path": "/Users/mcoors/Documents/Project Geode/MasterLegalDatabase/research/local_review/colorado-springs-construction-fees-qa-2026-09-12/images/page-4.png",
            "sha256": "5afcdf4d1f8426409916ae17f0ff554a99198aa827669f17b2d572ffe56f9e98",
            "size_bytes": 397503
          },
          "text_sha256": "e16f1596201850fd4a63680b27f603cb64e67176159be3d8ed78a4403fdb1700",
          "offset_basis": "unchanged_physical_page_native_utf8_half_open"
        }
      ],
      "notes": [
        "Native whitespace has no additional visible fee wording."
      ]
    },
    {
      "block_id": "UNASSIGNED-P4-L056",
      "kind": "native_whitespace",
      "parts": [
        {
          "page": 4,
          "line_ids": [
            "P4-L056"
          ],
          "exact_native_text": " \n",
          "native_ranges": [
            [
              1536,
              1538
            ]
          ],
          "pdf_bboxes": [
            [
              72.0,
              523.7529296875,
              74.49504089355469,
              538.5244140625
            ]
          ],
          "pixel_bboxes": [
            [
              200,
              1454,
              207,
              1496
            ]
          ],
          "native_file": {
            "path": "/Users/mcoors/Documents/Project Geode/MasterLegalDatabase/research/local_review/colorado-springs-construction-fees-qa-2026-09-12/native/page-0004.txt",
            "sha256": "1d06aa201ce2db2121e82d51dde04aa5f9f0b8e16709e2539f84c1d6ecdaa147",
            "size_bytes": 1973
          },
          "page_image": {
            "path": "/Users/mcoors/Documents/Project Geode/MasterLegalDatabase/research/local_review/colorado-springs-construction-fees-qa-2026-09-12/images/page-4.png",
            "sha256": "5afcdf4d1f8426409916ae17f0ff554a99198aa827669f17b2d572ffe56f9e98",
            "size_bytes": 397503
          },
          "text_sha256": "e16f1596201850fd4a63680b27f603cb64e67176159be3d8ed78a4403fdb1700",
          "offset_basis": "unchanged_physical_page_native_utf8_half_open"
        }
      ],
      "notes": [
        "Native whitespace has no additional visible fee wording."
      ]
    },
    {
      "block_id": "UNASSIGNED-P4-L057",
      "kind": "native_whitespace",
      "parts": [
        {
          "page": 4,
          "line_ids": [
            "P4-L057"
          ],
          "exact_native_text": " \n",
          "native_ranges": [
            [
              1538,
              1540
            ]
          ],
          "pdf_bboxes": [
            [
              72.0,
              543.1943969726562,
              74.49504089355469,
              557.9658813476562
            ]
          ],
          "pixel_bboxes": [
            [
              200,
              1508,
              207,
              1550
            ]
          ],
          "native_file": {
            "path": "/Users/mcoors/Documents/Project Geode/MasterLegalDatabase/research/local_review/colorado-springs-construction-fees-qa-2026-09-12/native/page-0004.txt",
            "sha256": "1d06aa201ce2db2121e82d51dde04aa5f9f0b8e16709e2539f84c1d6ecdaa147",
            "size_bytes": 1973
          },
          "page_image": {
            "path": "/Users/mcoors/Documents/Project Geode/MasterLegalDatabase/research/local_review/colorado-springs-construction-fees-qa-2026-09-12/images/page-4.png",
            "sha256": "5afcdf4d1f8426409916ae17f0ff554a99198aa827669f17b2d572ffe56f9e98",
            "size_bytes": 397503
          },
          "text_sha256": "e16f1596201850fd4a63680b27f603cb64e67176159be3d8ed78a4403fdb1700",
          "offset_basis": "unchanged_physical_page_native_utf8_half_open"
        }
      ],
      "notes": [
        "Native whitespace has no additional visible fee wording."
      ]
    },
    {
      "block_id": "UNASSIGNED-P4-L067",
      "kind": "native_whitespace",
      "parts": [
        {
          "page": 4,
          "line_ids": [
            "P4-L067"
          ],
          "exact_native_text": " \n",
          "native_ranges": [
            [
              1802,
              1804
            ]
          ],
          "pdf_bboxes": [
            [
              72.0,
              640.6329956054688,
              74.49504089355469,
              655.4044799804688
            ]
          ],
          "pixel_bboxes": [
            [
              200,
              1779,
              207,
              1821
            ]
          ],
          "native_file": {
            "path": "/Users/mcoors/Documents/Project Geode/MasterLegalDatabase/research/local_review/colorado-springs-construction-fees-qa-2026-09-12/native/page-0004.txt",
            "sha256": "1d06aa201ce2db2121e82d51dde04aa5f9f0b8e16709e2539f84c1d6ecdaa147",
            "size_bytes": 1973
          },
          "page_image": {
            "path": "/Users/mcoors/Documents/Project Geode/MasterLegalDatabase/research/local_review/colorado-springs-construction-fees-qa-2026-09-12/images/page-4.png",
            "sha256": "5afcdf4d1f8426409916ae17f0ff554a99198aa827669f17b2d572ffe56f9e98",
            "size_bytes": 397503
          },
          "text_sha256": "e16f1596201850fd4a63680b27f603cb64e67176159be3d8ed78a4403fdb1700",
          "offset_basis": "unchanged_physical_page_native_utf8_half_open"
        }
      ],
      "notes": [
        "Native whitespace has no additional visible fee wording."
      ]
    },
    {
      "block_id": "UNASSIGNED-P4-L068",
      "kind": "native_whitespace",
      "parts": [
        {
          "page": 4,
          "line_ids": [
            "P4-L068"
          ],
          "exact_native_text": " \n",
          "native_ranges": [
            [
              1804,
              1806
            ]
          ],
          "pdf_bboxes": [
            [
              72.0,
              660.0744018554688,
              74.49504089355469,
              674.8458862304688
            ]
          ],
          "pixel_bboxes": [
            [
              200,
              1833,
              207,
              1875
            ]
          ],
          "native_file": {
            "path": "/Users/mcoors/Documents/Project Geode/MasterLegalDatabase/research/local_review/colorado-springs-construction-fees-qa-2026-09-12/native/page-0004.txt",
            "sha256": "1d06aa201ce2db2121e82d51dde04aa5f9f0b8e16709e2539f84c1d6ecdaa147",
            "size_bytes": 1973
          },
          "page_image": {
            "path": "/Users/mcoors/Documents/Project Geode/MasterLegalDatabase/research/local_review/colorado-springs-construction-fees-qa-2026-09-12/images/page-4.png",
            "sha256": "5afcdf4d1f8426409916ae17f0ff554a99198aa827669f17b2d572ffe56f9e98",
            "size_bytes": 397503
          },
          "text_sha256": "e16f1596201850fd4a63680b27f603cb64e67176159be3d8ed78a4403fdb1700",
          "offset_basis": "unchanged_physical_page_native_utf8_half_open"
        }
      ],
      "notes": [
        "Native whitespace has no additional visible fee wording."
      ]
    },
    {
      "block_id": "UNASSIGNED-P5-L001",
      "kind": "native_whitespace",
      "parts": [
        {
          "page": 5,
          "line_ids": [
            "P5-L001"
          ],
          "exact_native_text": " \n",
          "native_ranges": [
            [
              0,
              2
            ]
          ],
          "pdf_bboxes": [
            [
              72.0,
              26.38101577758789,
              74.25096130371094,
              39.707496643066406
            ]
          ],
          "pixel_bboxes": [
            [
              200,
              73,
              207,
              111
            ]
          ],
          "native_file": {
            "path": "/Users/mcoors/Documents/Project Geode/MasterLegalDatabase/research/local_review/colorado-springs-construction-fees-qa-2026-09-12/native/page-0005.txt",
            "sha256": "e8adfadad01f5ae9d6044592d82084c6ac19197b8122f1f0c5eca863e3b2327d",
            "size_bytes": 2213
          },
          "page_image": {
            "path": "/Users/mcoors/Documents/Project Geode/MasterLegalDatabase/research/local_review/colorado-springs-construction-fees-qa-2026-09-12/images/page-5.png",
            "sha256": "9de276e026d7e2fc6b4a79023fefb67fdf760ff24b03959161709e6d4dfc4ef7",
            "size_bytes": 402911
          },
          "text_sha256": "e16f1596201850fd4a63680b27f603cb64e67176159be3d8ed78a4403fdb1700",
          "offset_basis": "unchanged_physical_page_native_utf8_half_open"
        }
      ],
      "notes": [
        "Native whitespace has no additional visible fee wording."
      ]
    },
    {
      "block_id": "UNASSIGNED-P5-L002",
      "kind": "footer",
      "parts": [
        {
          "page": 5,
          "line_ids": [
            "P5-L002"
          ],
          "exact_native_text": "5 \n",
          "native_ranges": [
            [
              2,
              5
            ]
          ],
          "pdf_bboxes": [
            [
              305.5199890136719,
              728.2329711914062,
              313.5350341796875,
              743.0044555664062
            ]
          ],
          "pixel_bboxes": [
            [
              848,
              2022,
              871,
              2064
            ]
          ],
          "native_file": {
            "path": "/Users/mcoors/Documents/Project Geode/MasterLegalDatabase/research/local_review/colorado-springs-construction-fees-qa-2026-09-12/native/page-0005.txt",
            "sha256": "e8adfadad01f5ae9d6044592d82084c6ac19197b8122f1f0c5eca863e3b2327d",
            "size_bytes": 2213
          },
          "page_image": {
            "path": "/Users/mcoors/Documents/Project Geode/MasterLegalDatabase/research/local_review/colorado-springs-construction-fees-qa-2026-09-12/images/page-5.png",
            "sha256": "9de276e026d7e2fc6b4a79023fefb67fdf760ff24b03959161709e6d4dfc4ef7",
            "size_bytes": 402911
          },
          "text_sha256": "26b967e0b517fd5a35c498f6c098e4149cd3e713094c56a7400d104e23bcca48",
          "offset_basis": "unchanged_physical_page_native_utf8_half_open"
        }
      ],
      "notes": []
    },
    {
      "block_id": "UNASSIGNED-P5-L003",
      "kind": "native_whitespace",
      "parts": [
        {
          "page": 5,
          "line_ids": [
            "P5-L003"
          ],
          "exact_native_text": " \n",
          "native_ranges": [
            [
              5,
              7
            ]
          ],
          "pdf_bboxes": [
            [
              72.00190734863281,
              741.6686401367188,
              74.4969482421875,
              756.4401245117188
            ]
          ],
          "pixel_bboxes": [
            [
              200,
              2060,
              207,
              2102
            ]
          ],
          "native_file": {
            "path": "/Users/mcoors/Documents/Project Geode/MasterLegalDatabase/research/local_review/colorado-springs-construction-fees-qa-2026-09-12/native/page-0005.txt",
            "sha256": "e8adfadad01f5ae9d6044592d82084c6ac19197b8122f1f0c5eca863e3b2327d",
            "size_bytes": 2213
          },
          "page_image": {
            "path": "/Users/mcoors/Documents/Project Geode/MasterLegalDatabase/research/local_review/colorado-springs-construction-fees-qa-2026-09-12/images/page-5.png",
            "sha256": "9de276e026d7e2fc6b4a79023fefb67fdf760ff24b03959161709e6d4dfc4ef7",
            "size_bytes": 402911
          },
          "text_sha256": "e16f1596201850fd4a63680b27f603cb64e67176159be3d8ed78a4403fdb1700",
          "offset_basis": "unchanged_physical_page_native_utf8_half_open"
        }
      ],
      "notes": [
        "Native whitespace has no additional visible fee wording."
      ]
    },
    {
      "block_id": "UNASSIGNED-P5-L022",
      "kind": "native_whitespace",
      "parts": [
        {
          "page": 5,
          "line_ids": [
            "P5-L022"
          ],
          "exact_native_text": " \n",
          "native_ranges": [
            [
              486,
              488
            ]
          ],
          "pdf_bboxes": [
            [
              72.0,
              192.52943420410156,
              74.49504089355469,
              207.85296630859375
            ]
          ],
          "pixel_bboxes": [
            [
              200,
              534,
              207,
              578
            ]
          ],
          "native_file": {
            "path": "/Users/mcoors/Documents/Project Geode/MasterLegalDatabase/research/local_review/colorado-springs-construction-fees-qa-2026-09-12/native/page-0005.txt",
            "sha256": "e8adfadad01f5ae9d6044592d82084c6ac19197b8122f1f0c5eca863e3b2327d",
            "size_bytes": 2213
          },
          "page_image": {
            "path": "/Users/mcoors/Documents/Project Geode/MasterLegalDatabase/research/local_review/colorado-springs-construction-fees-qa-2026-09-12/images/page-5.png",
            "sha256": "9de276e026d7e2fc6b4a79023fefb67fdf760ff24b03959161709e6d4dfc4ef7",
            "size_bytes": 402911
          },
          "text_sha256": "e16f1596201850fd4a63680b27f603cb64e67176159be3d8ed78a4403fdb1700",
          "offset_basis": "unchanged_physical_page_native_utf8_half_open"
        }
      ],
      "notes": [
        "Native whitespace has no additional visible fee wording."
      ]
    },
    {
      "block_id": "UNASSIGNED-P5-L023",
      "kind": "native_whitespace",
      "parts": [
        {
          "page": 5,
          "line_ids": [
            "P5-L023"
          ],
          "exact_native_text": " \n",
          "native_ranges": [
            [
              488,
              490
            ]
          ],
          "pdf_bboxes": [
            [
              72.0,
              211.9709014892578,
              74.49504089355469,
              227.29443359375
            ]
          ],
          "pixel_bboxes": [
            [
              200,
              588,
              207,
              632
            ]
          ],
          "native_file": {
            "path": "/Users/mcoors/Documents/Project Geode/MasterLegalDatabase/research/local_review/colorado-springs-construction-fees-qa-2026-09-12/native/page-0005.txt",
            "sha256": "e8adfadad01f5ae9d6044592d82084c6ac19197b8122f1f0c5eca863e3b2327d",
            "size_bytes": 2213
          },
          "page_image": {
            "path": "/Users/mcoors/Documents/Project Geode/MasterLegalDatabase/research/local_review/colorado-springs-construction-fees-qa-2026-09-12/images/page-5.png",
            "sha256": "9de276e026d7e2fc6b4a79023fefb67fdf760ff24b03959161709e6d4dfc4ef7",
            "size_bytes": 402911
          },
          "text_sha256": "e16f1596201850fd4a63680b27f603cb64e67176159be3d8ed78a4403fdb1700",
          "offset_basis": "unchanged_physical_page_native_utf8_half_open"
        }
      ],
      "notes": [
        "Native whitespace has no additional visible fee wording."
      ]
    },
    {
      "block_id": "UNASSIGNED-P5-L042",
      "kind": "native_whitespace",
      "parts": [
        {
          "page": 5,
          "line_ids": [
            "P5-L042"
          ],
          "exact_native_text": " \n",
          "native_ranges": [
            [
              1209,
              1211
            ]
          ],
          "pdf_bboxes": [
            [
              72.0,
              397.00946044921875,
              74.49504089355469,
              412.3329772949219
            ]
          ],
          "pixel_bboxes": [
            [
              200,
              1102,
              207,
              1146
            ]
          ],
          "native_file": {
            "path": "/Users/mcoors/Documents/Project Geode/MasterLegalDatabase/research/local_review/colorado-springs-construction-fees-qa-2026-09-12/native/page-0005.txt",
            "sha256": "e8adfadad01f5ae9d6044592d82084c6ac19197b8122f1f0c5eca863e3b2327d",
            "size_bytes": 2213
          },
          "page_image": {
            "path": "/Users/mcoors/Documents/Project Geode/MasterLegalDatabase/research/local_review/colorado-springs-construction-fees-qa-2026-09-12/images/page-5.png",
            "sha256": "9de276e026d7e2fc6b4a79023fefb67fdf760ff24b03959161709e6d4dfc4ef7",
            "size_bytes": 402911
          },
          "text_sha256": "e16f1596201850fd4a63680b27f603cb64e67176159be3d8ed78a4403fdb1700",
          "offset_basis": "unchanged_physical_page_native_utf8_half_open"
        }
      ],
      "notes": [
        "Native whitespace has no additional visible fee wording."
      ]
    },
    {
      "block_id": "UNASSIGNED-P5-L043",
      "kind": "native_whitespace",
      "parts": [
        {
          "page": 5,
          "line_ids": [
            "P5-L043"
          ],
          "exact_native_text": " \n",
          "native_ranges": [
            [
              1211,
              1213
            ]
          ],
          "pdf_bboxes": [
            [
              72.0,
              419.4537658691406,
              74.49504089355469,
              434.77728271484375
            ]
          ],
          "pixel_bboxes": [
            [
              200,
              1165,
              207,
              1208
            ]
          ],
          "native_file": {
            "path": "/Users/mcoors/Documents/Project Geode/MasterLegalDatabase/research/local_review/colorado-springs-construction-fees-qa-2026-09-12/native/page-0005.txt",
            "sha256": "e8adfadad01f5ae9d6044592d82084c6ac19197b8122f1f0c5eca863e3b2327d",
            "size_bytes": 2213
          },
          "page_image": {
            "path": "/Users/mcoors/Documents/Project Geode/MasterLegalDatabase/research/local_review/colorado-springs-construction-fees-qa-2026-09-12/images/page-5.png",
            "sha256": "9de276e026d7e2fc6b4a79023fefb67fdf760ff24b03959161709e6d4dfc4ef7",
            "size_bytes": 402911
          },
          "text_sha256": "e16f1596201850fd4a63680b27f603cb64e67176159be3d8ed78a4403fdb1700",
          "offset_basis": "unchanged_physical_page_native_utf8_half_open"
        }
      ],
      "notes": [
        "Native whitespace has no additional visible fee wording."
      ]
    },
    {
      "block_id": "UNASSIGNED-P5-L054",
      "kind": "native_whitespace",
      "parts": [
        {
          "page": 5,
          "line_ids": [
            "P5-L054"
          ],
          "exact_native_text": " \n",
          "native_ranges": [
            [
              1482,
              1484
            ]
          ],
          "pdf_bboxes": [
            [
              72.0,
              532.032958984375,
              74.49504089355469,
              546.804443359375
            ]
          ],
          "pixel_bboxes": [
            [
              200,
              1477,
              207,
              1519
            ]
          ],
          "native_file": {
            "path": "/Users/mcoors/Documents/Project Geode/MasterLegalDatabase/research/local_review/colorado-springs-construction-fees-qa-2026-09-12/native/page-0005.txt",
            "sha256": "e8adfadad01f5ae9d6044592d82084c6ac19197b8122f1f0c5eca863e3b2327d",
            "size_bytes": 2213
          },
          "page_image": {
            "path": "/Users/mcoors/Documents/Project Geode/MasterLegalDatabase/research/local_review/colorado-springs-construction-fees-qa-2026-09-12/images/page-5.png",
            "sha256": "9de276e026d7e2fc6b4a79023fefb67fdf760ff24b03959161709e6d4dfc4ef7",
            "size_bytes": 402911
          },
          "text_sha256": "e16f1596201850fd4a63680b27f603cb64e67176159be3d8ed78a4403fdb1700",
          "offset_basis": "unchanged_physical_page_native_utf8_half_open"
        }
      ],
      "notes": [
        "Native whitespace has no additional visible fee wording."
      ]
    },
    {
      "block_id": "UNASSIGNED-P5-L055",
      "kind": "native_whitespace",
      "parts": [
        {
          "page": 5,
          "line_ids": [
            "P5-L055"
          ],
          "exact_native_text": " \n",
          "native_ranges": [
            [
              1484,
              1486
            ]
          ],
          "pdf_bboxes": [
            [
              72.0,
              554.333740234375,
              74.49504089355469,
              569.6572875976562
            ]
          ],
          "pixel_bboxes": [
            [
              200,
              1539,
              207,
              1583
            ]
          ],
          "native_file": {
            "path": "/Users/mcoors/Documents/Project Geode/MasterLegalDatabase/research/local_review/colorado-springs-construction-fees-qa-2026-09-12/native/page-0005.txt",
            "sha256": "e8adfadad01f5ae9d6044592d82084c6ac19197b8122f1f0c5eca863e3b2327d",
            "size_bytes": 2213
          },
          "page_image": {
            "path": "/Users/mcoors/Documents/Project Geode/MasterLegalDatabase/research/local_review/colorado-springs-construction-fees-qa-2026-09-12/images/page-5.png",
            "sha256": "9de276e026d7e2fc6b4a79023fefb67fdf760ff24b03959161709e6d4dfc4ef7",
            "size_bytes": 402911
          },
          "text_sha256": "e16f1596201850fd4a63680b27f603cb64e67176159be3d8ed78a4403fdb1700",
          "offset_basis": "unchanged_physical_page_native_utf8_half_open"
        }
      ],
      "notes": [
        "Native whitespace has no additional visible fee wording."
      ]
    },
    {
      "block_id": "UNASSIGNED-P5-L057",
      "kind": "native_whitespace",
      "parts": [
        {
          "page": 5,
          "line_ids": [
            "P5-L057"
          ],
          "exact_native_text": " \n",
          "native_ranges": [
            [
              1531,
              1533
            ]
          ],
          "pdf_bboxes": [
            [
              516.9600219726562,
              577.9929809570312,
              519.455078125,
              592.7644653320312
            ]
          ],
          "pixel_bboxes": [
            [
              1436,
              1605,
              1443,
              1647
            ]
          ],
          "native_file": {
            "path": "/Users/mcoors/Documents/Project Geode/MasterLegalDatabase/research/local_review/colorado-springs-construction-fees-qa-2026-09-12/native/page-0005.txt",
            "sha256": "e8adfadad01f5ae9d6044592d82084c6ac19197b8122f1f0c5eca863e3b2327d",
            "size_bytes": 2213
          },
          "page_image": {
            "path": "/Users/mcoors/Documents/Project Geode/MasterLegalDatabase/research/local_review/colorado-springs-construction-fees-qa-2026-09-12/images/page-5.png",
            "sha256": "9de276e026d7e2fc6b4a79023fefb67fdf760ff24b03959161709e6d4dfc4ef7",
            "size_bytes": 402911
          },
          "text_sha256": "e16f1596201850fd4a63680b27f603cb64e67176159be3d8ed78a4403fdb1700",
          "offset_basis": "unchanged_physical_page_native_utf8_half_open"
        }
      ],
      "notes": [
        "Native whitespace has no additional visible fee wording."
      ]
    },
    {
      "block_id": "UNASSIGNED-P5-L068",
      "kind": "native_whitespace",
      "parts": [
        {
          "page": 5,
          "line_ids": [
            "P5-L068"
          ],
          "exact_native_text": " \n",
          "native_ranges": [
            [
              2211,
              2213
            ]
          ],
          "pdf_bboxes": [
            [
              72.0,
              702.7694091796875,
              74.49504089355469,
              718.0929565429688
            ]
          ],
          "pixel_bboxes": [
            [
              200,
              1952,
              207,
              1995
            ]
          ],
          "native_file": {
            "path": "/Users/mcoors/Documents/Project Geode/MasterLegalDatabase/research/local_review/colorado-springs-construction-fees-qa-2026-09-12/native/page-0005.txt",
            "sha256": "e8adfadad01f5ae9d6044592d82084c6ac19197b8122f1f0c5eca863e3b2327d",
            "size_bytes": 2213
          },
          "page_image": {
            "path": "/Users/mcoors/Documents/Project Geode/MasterLegalDatabase/research/local_review/colorado-springs-construction-fees-qa-2026-09-12/images/page-5.png",
            "sha256": "9de276e026d7e2fc6b4a79023fefb67fdf760ff24b03959161709e6d4dfc4ef7",
            "size_bytes": 402911
          },
          "text_sha256": "e16f1596201850fd4a63680b27f603cb64e67176159be3d8ed78a4403fdb1700",
          "offset_basis": "unchanged_physical_page_native_utf8_half_open"
        }
      ],
      "notes": [
        "Native whitespace has no additional visible fee wording."
      ]
    },
    {
      "block_id": "UNASSIGNED-P6-L001",
      "kind": "native_whitespace",
      "parts": [
        {
          "page": 6,
          "line_ids": [
            "P6-L001"
          ],
          "exact_native_text": " \n",
          "native_ranges": [
            [
              0,
              2
            ]
          ],
          "pdf_bboxes": [
            [
              72.0,
              26.38101577758789,
              74.25096130371094,
              39.707496643066406
            ]
          ],
          "pixel_bboxes": [
            [
              200,
              73,
              207,
              111
            ]
          ],
          "native_file": {
            "path": "/Users/mcoors/Documents/Project Geode/MasterLegalDatabase/research/local_review/colorado-springs-construction-fees-qa-2026-09-12/native/page-0006.txt",
            "sha256": "1d0cfe38ba894e295493f608dc417d4ec195e8f64e4e40fdf409c50440ca6aa7",
            "size_bytes": 3773
          },
          "page_image": {
            "path": "/Users/mcoors/Documents/Project Geode/MasterLegalDatabase/research/local_review/colorado-springs-construction-fees-qa-2026-09-12/images/page-6.png",
            "sha256": "e47a6555d8b4a01bce5e3becbaf15494dcd6d83a57e0ae32e0a8bc7ec54dd7a3",
            "size_bytes": 530435
          },
          "text_sha256": "e16f1596201850fd4a63680b27f603cb64e67176159be3d8ed78a4403fdb1700",
          "offset_basis": "unchanged_physical_page_native_utf8_half_open"
        }
      ],
      "notes": [
        "Native whitespace has no additional visible fee wording."
      ]
    },
    {
      "block_id": "UNASSIGNED-P6-L002",
      "kind": "footer",
      "parts": [
        {
          "page": 6,
          "line_ids": [
            "P6-L002"
          ],
          "exact_native_text": "6 \n",
          "native_ranges": [
            [
              2,
              5
            ]
          ],
          "pdf_bboxes": [
            [
              305.5199890136719,
              728.2329711914062,
              313.5350036621094,
              743.0044555664062
            ]
          ],
          "pixel_bboxes": [
            [
              848,
              2022,
              871,
              2064
            ]
          ],
          "native_file": {
            "path": "/Users/mcoors/Documents/Project Geode/MasterLegalDatabase/research/local_review/colorado-springs-construction-fees-qa-2026-09-12/native/page-0006.txt",
            "sha256": "1d0cfe38ba894e295493f608dc417d4ec195e8f64e4e40fdf409c50440ca6aa7",
            "size_bytes": 3773
          },
          "page_image": {
            "path": "/Users/mcoors/Documents/Project Geode/MasterLegalDatabase/research/local_review/colorado-springs-construction-fees-qa-2026-09-12/images/page-6.png",
            "sha256": "e47a6555d8b4a01bce5e3becbaf15494dcd6d83a57e0ae32e0a8bc7ec54dd7a3",
            "size_bytes": 530435
          },
          "text_sha256": "54d3f98a959e47bc09f39a6925125d58ba52023eba8c97394a4b27c40846831c",
          "offset_basis": "unchanged_physical_page_native_utf8_half_open"
        }
      ],
      "notes": []
    },
    {
      "block_id": "UNASSIGNED-P6-L003",
      "kind": "native_whitespace",
      "parts": [
        {
          "page": 6,
          "line_ids": [
            "P6-L003"
          ],
          "exact_native_text": " \n",
          "native_ranges": [
            [
              5,
              7
            ]
          ],
          "pdf_bboxes": [
            [
              72.00189208984375,
              741.6686401367188,
              74.49693298339844,
              756.4401245117188
            ]
          ],
          "pixel_bboxes": [
            [
              200,
              2060,
              207,
              2102
            ]
          ],
          "native_file": {
            "path": "/Users/mcoors/Documents/Project Geode/MasterLegalDatabase/research/local_review/colorado-springs-construction-fees-qa-2026-09-12/native/page-0006.txt",
            "sha256": "1d0cfe38ba894e295493f608dc417d4ec195e8f64e4e40fdf409c50440ca6aa7",
            "size_bytes": 3773
          },
          "page_image": {
            "path": "/Users/mcoors/Documents/Project Geode/MasterLegalDatabase/research/local_review/colorado-springs-construction-fees-qa-2026-09-12/images/page-6.png",
            "sha256": "e47a6555d8b4a01bce5e3becbaf15494dcd6d83a57e0ae32e0a8bc7ec54dd7a3",
            "size_bytes": 530435
          },
          "text_sha256": "e16f1596201850fd4a63680b27f603cb64e67176159be3d8ed78a4403fdb1700",
          "offset_basis": "unchanged_physical_page_native_utf8_half_open"
        }
      ],
      "notes": [
        "Native whitespace has no additional visible fee wording."
      ]
    },
    {
      "block_id": "UNASSIGNED-P7-L001",
      "kind": "native_whitespace",
      "parts": [
        {
          "page": 7,
          "line_ids": [
            "P7-L001"
          ],
          "exact_native_text": " \n",
          "native_ranges": [
            [
              0,
              2
            ]
          ],
          "pdf_bboxes": [
            [
              72.0,
              26.38101577758789,
              74.25096130371094,
              39.707496643066406
            ]
          ],
          "pixel_bboxes": [
            [
              200,
              73,
              207,
              111
            ]
          ],
          "native_file": {
            "path": "/Users/mcoors/Documents/Project Geode/MasterLegalDatabase/research/local_review/colorado-springs-construction-fees-qa-2026-09-12/native/page-0007.txt",
            "sha256": "0568e4faea01968f9cbaed93b0aa9b24bbbc1852781ad710d7129cc5890b7bca",
            "size_bytes": 905
          },
          "page_image": {
            "path": "/Users/mcoors/Documents/Project Geode/MasterLegalDatabase/research/local_review/colorado-springs-construction-fees-qa-2026-09-12/images/page-7.png",
            "sha256": "45470a43fe905731156d9ab6ee5cb57ebcf74f6637f806d0e8ba5146ed5d76f2",
            "size_bytes": 146953
          },
          "text_sha256": "e16f1596201850fd4a63680b27f603cb64e67176159be3d8ed78a4403fdb1700",
          "offset_basis": "unchanged_physical_page_native_utf8_half_open"
        }
      ],
      "notes": [
        "Native whitespace has no additional visible fee wording."
      ]
    },
    {
      "block_id": "UNASSIGNED-P7-L002",
      "kind": "footer",
      "parts": [
        {
          "page": 7,
          "line_ids": [
            "P7-L002"
          ],
          "exact_native_text": "7 \n",
          "native_ranges": [
            [
              2,
              5
            ]
          ],
          "pdf_bboxes": [
            [
              305.5199890136719,
              728.2329711914062,
              313.5350036621094,
              743.0044555664062
            ]
          ],
          "pixel_bboxes": [
            [
              848,
              2022,
              871,
              2064
            ]
          ],
          "native_file": {
            "path": "/Users/mcoors/Documents/Project Geode/MasterLegalDatabase/research/local_review/colorado-springs-construction-fees-qa-2026-09-12/native/page-0007.txt",
            "sha256": "0568e4faea01968f9cbaed93b0aa9b24bbbc1852781ad710d7129cc5890b7bca",
            "size_bytes": 905
          },
          "page_image": {
            "path": "/Users/mcoors/Documents/Project Geode/MasterLegalDatabase/research/local_review/colorado-springs-construction-fees-qa-2026-09-12/images/page-7.png",
            "sha256": "45470a43fe905731156d9ab6ee5cb57ebcf74f6637f806d0e8ba5146ed5d76f2",
            "size_bytes": 146953
          },
          "text_sha256": "e4963dc161fcbe43542cdce0e7a24a9cfd359f9efd82b96d11c1489668f4e869",
          "offset_basis": "unchanged_physical_page_native_utf8_half_open"
        }
      ],
      "notes": []
    },
    {
      "block_id": "UNASSIGNED-P7-L003",
      "kind": "native_whitespace",
      "parts": [
        {
          "page": 7,
          "line_ids": [
            "P7-L003"
          ],
          "exact_native_text": " \n",
          "native_ranges": [
            [
              5,
              7
            ]
          ],
          "pdf_bboxes": [
            [
              72.00189208984375,
              741.6686401367188,
              74.49693298339844,
              756.4401245117188
            ]
          ],
          "pixel_bboxes": [
            [
              200,
              2060,
              207,
              2102
            ]
          ],
          "native_file": {
            "path": "/Users/mcoors/Documents/Project Geode/MasterLegalDatabase/research/local_review/colorado-springs-construction-fees-qa-2026-09-12/native/page-0007.txt",
            "sha256": "0568e4faea01968f9cbaed93b0aa9b24bbbc1852781ad710d7129cc5890b7bca",
            "size_bytes": 905
          },
          "page_image": {
            "path": "/Users/mcoors/Documents/Project Geode/MasterLegalDatabase/research/local_review/colorado-springs-construction-fees-qa-2026-09-12/images/page-7.png",
            "sha256": "45470a43fe905731156d9ab6ee5cb57ebcf74f6637f806d0e8ba5146ed5d76f2",
            "size_bytes": 146953
          },
          "text_sha256": "e16f1596201850fd4a63680b27f603cb64e67176159be3d8ed78a4403fdb1700",
          "offset_basis": "unchanged_physical_page_native_utf8_half_open"
        }
      ],
      "notes": [
        "Native whitespace has no additional visible fee wording."
      ]
    },
    {
      "block_id": "UNASSIGNED-P7-L011",
      "kind": "native_whitespace",
      "parts": [
        {
          "page": 7,
          "line_ids": [
            "P7-L011"
          ],
          "exact_native_text": " \n",
          "native_ranges": [
            [
              674,
              676
            ]
          ],
          "pdf_bboxes": [
            [
              71.99087524414062,
              160.9756317138672,
              74.48591613769531,
              175.7471466064453
            ]
          ],
          "pixel_bboxes": [
            [
              199,
              447,
              207,
              489
            ]
          ],
          "native_file": {
            "path": "/Users/mcoors/Documents/Project Geode/MasterLegalDatabase/research/local_review/colorado-springs-construction-fees-qa-2026-09-12/native/page-0007.txt",
            "sha256": "0568e4faea01968f9cbaed93b0aa9b24bbbc1852781ad710d7129cc5890b7bca",
            "size_bytes": 905
          },
          "page_image": {
            "path": "/Users/mcoors/Documents/Project Geode/MasterLegalDatabase/research/local_review/colorado-springs-construction-fees-qa-2026-09-12/images/page-7.png",
            "sha256": "45470a43fe905731156d9ab6ee5cb57ebcf74f6637f806d0e8ba5146ed5d76f2",
            "size_bytes": 146953
          },
          "text_sha256": "e16f1596201850fd4a63680b27f603cb64e67176159be3d8ed78a4403fdb1700",
          "offset_basis": "unchanged_physical_page_native_utf8_half_open"
        }
      ],
      "notes": [
        "Native whitespace has no additional visible fee wording."
      ]
    },
    {
      "block_id": "UNASSIGNED-P7-L013",
      "kind": "native_whitespace",
      "parts": [
        {
          "page": 7,
          "line_ids": [
            "P7-L013"
          ],
          "exact_native_text": " \n",
          "native_ranges": [
            [
              745,
              747
            ]
          ],
          "pdf_bboxes": [
            [
              77.4000015258789,
              199.8729705810547,
              79.8950424194336,
              214.6444854736328
            ]
          ],
          "pixel_bboxes": [
            [
              215,
              555,
              222,
              597
            ]
          ],
          "native_file": {
            "path": "/Users/mcoors/Documents/Project Geode/MasterLegalDatabase/research/local_review/colorado-springs-construction-fees-qa-2026-09-12/native/page-0007.txt",
            "sha256": "0568e4faea01968f9cbaed93b0aa9b24bbbc1852781ad710d7129cc5890b7bca",
            "size_bytes": 905
          },
          "page_image": {
            "path": "/Users/mcoors/Documents/Project Geode/MasterLegalDatabase/research/local_review/colorado-springs-construction-fees-qa-2026-09-12/images/page-7.png",
            "sha256": "45470a43fe905731156d9ab6ee5cb57ebcf74f6637f806d0e8ba5146ed5d76f2",
            "size_bytes": 146953
          },
          "text_sha256": "e16f1596201850fd4a63680b27f603cb64e67176159be3d8ed78a4403fdb1700",
          "offset_basis": "unchanged_physical_page_native_utf8_half_open"
        }
      ],
      "notes": [
        "Native whitespace has no additional visible fee wording."
      ]
    }
  ],
  "matched_context_ids": [
    "DEF-CONSTRUCTION-PLAN-CHECK"
  ],
  "global_context_ids": [
    "GENERAL-PLAN-REVIEW",
    "IMPLEMENTATION",
    "OTHER-SCHEDULE",
    "P4-MISC-01"
  ],
  "observations": [
    "All seven full Poppler page images were directly inspected before extracting native text. All 128 fee rows were then compared against unchanged native label/fee cells. Eleven targeted crops were inspected; an additional corrected A-4 crop replaces no prior crop.",
    "No material native word, fee-value or row-association correction was needed. Native whitespace and line breaks remain exact; normalized text in the Markdown is a reading view only.",
    "Every native line, including printed footer numbers and non-visible whitespace runs, is assigned once. The two cover logos remain graphical image evidence; no extra text has been inferred from them.",
    "Native linear order places footer numbers near the start of each page and alternates description/fee cells. The structured grid preserves separate columns and full multiline labels, amounts and definitions.",
    "All source-context records remain available. Every fee row requires the complete global plan-review note, implementation statement, other-schedule reference and all-permit technology row. Related table notes and definitions are linked as source context, without declaring their legal applicability.",
    "Contents directs Definitions/Explanations to Page 5; the heading and definitions start on physical page 6.",
    "Construction continues from page 2 through all of page 3 and the first two rows of page 4. Miscellaneous permits continue from page 4 to page 5. Re-Inspection continues from page 6 to page 7.",
    "High-rise and performance-based rows print 0.04/sq. ft. without a dollar sign. The performance-based description and definition independently retain the $2,000 minimum; no currency symbol or arithmetic is supplied.",
    "The additional-100 sprinkler-head row prints $336.00, whereas several other sprinkler rows print $344.00. Values remain unchanged.",
    "Source preserves R2 without a hyphen for the additional 50 dwelling/sleeping-unit row, sq. Ft capitalization in the final storage row, a space in 50, 000 in the A-4 tier, and the plans is marked grammar in Limited Review.",
    "The descriptions retain 50,000 + / 10,001 + and other original tier boundaries, even where adjacent intervals appear unusual. No boundary, arithmetic, classification or label repair is made.",
    "No numbered footnote markers are present. Three complete in-table NOTE paragraphs and thirteen complete definition records supply conditions and exceptions. Rate expressions 1.5x Review Fee, 2x Permit Fee and IRS Standard Mileage Rate remain text.",
    "This is a source extraction and visual association review of one seven-page municipal schedule, not a legal-currentness, adoption or authority-of-enactment determination.",
    "Effective 07/01/2026 is a printed source claim. HTTP retrieval time and Last-Modified/Date headers are custody or server metadata, not independently verified legal effective dates.",
    "The PPRBD collection clause does not establish that PPRBD issued the municipal schedule or that this package covers all regional building fees.",
    "No fee calculation, outside IRS lookup, applicability determination, cross-document supersession or Code Services schedule review occurred in this package.",
    "Global/context links preserve all conditions for a future source-only reader; they do not silently assert that every linked condition applies to every row.",
    "External review is not represented. The method is Atlas source-first direct-image review followed by native comparison, with prior title/role knowledge; it is not a fully blind independent transcription."
  ],
  "boundary": "Source-only lookup in one accepted seven-page municipal Construction Services schedule with 128 rows. Complete global qualifications and linked source definitions accompany each result; links do not decide applicability. No arithmetic, current-law or adoption claim is made. No match does not establish free, exempt or unregulated activity. The separate Code Services schedule is outside this lookup.",
  "legal_currentness": "not_verified",
  "answer_safe": false,
  "adoption_date": null,
  "effective_date": null
}
