{
  "status": "matched",
  "source_id": "greeley-development-impact-fee-memo-sd008-07",
  "authority_id": "CO-MUNICIPAL-GREELEY",
  "query": null,
  "evidence_verified": true,
  "source": {
    "source_id": "greeley-development-impact-fee-memo-sd008-07",
    "authority_id": "CO-MUNICIPAL-GREELEY",
    "source_role": "development_impact_fee_memorandum",
    "official_source_url": null,
    "official_referral_url": "https://greeleyco.gov/business/construction-and-growth/building-permits-and-inspections/",
    "reported_requested_url": "https://cogy-p-001.sitecorecontenthub.cloud/api/public/content/610f6e36c19f455d9fb662cc2cdbe1af?v=ef2524cb",
    "reported_final_url": "https://cogy-p-001.sitecorecontenthub.cloud/api/public/content/610f6e36c19f455d9fb662cc2cdbe1af?v=ef2524cb",
    "reported_acquisition_at": "2026-09-11T18:50:31Z",
    "original_acquisition_time": null,
    "received_at": "2026-09-11T19:15:24.670419Z",
    "reviewed_at": "2026-09-11T19:32:34.155528Z",
    "external_reconciliation_at": "2026-09-12T22:26:42.769448Z",
    "superseding_disposition_at": "2026-09-12T22:36:02.275962Z",
    "acquisition_method": "received_review_package",
    "acquisition_qualification": "Received review package. Supplied HTTP acquisition time is not independently verified; repository receipt time is distinct. The reported Sitecore URL is linked by retained official referral HTML, while the canonical official source URL remains null.",
    "pdf_path": "/private/tmp/geode-clean-archive-2f2b450/research/local_review/ebenezer-016-017-reconciliation-2026-09-12/historical-packet/baseline/EB-PDF-016/inputs/original.pdf",
    "pdf_sha256": "9effbd15196898c16105913ee21032db52ad1e259f4f9def0586804726f78709",
    "candidate_path": "/private/tmp/geode-clean-archive-2f2b450/research/local_review/ebenezer-016-017-reconciliation-2026-09-12/historical-packet/baseline/EB-PDF-016/inputs/candidate.txt",
    "candidate_sha256": "1c45252c6c814258f5a2e8380001f282a609ad9db81ec3947655b871346296f9",
    "review_path": "/private/tmp/geode-clean-archive-2f2b450/research/local_review/ebenezer-016-017-reconciliation-2026-09-12/historical-packet/baseline/EB-PDF-016/SOURCE_QA.json",
    "review_sha256": "1663efc89bfcdf29bba57992664cc2019e933de83a2c3bb80fa49d0142def651",
    "provenance_path": "/private/tmp/geode-clean-archive-2f2b450/research/local_review/greeley-fees-atlas-source-review-2026-09-11/packet/manifest.json",
    "packet_manifest_sha256": "dcb4565ae9a3ce007f7a96e0fcc74cd6ebe8664b435cb1a278d8a75a2f152397",
    "reconciliation_path": "/private/tmp/geode-clean-archive-2f2b450/research/local_review/ebenezer-016-017-reconciliation-2026-09-12/historical-packet/RECONCILIATION.json",
    "reconciliation_sha256": "e804d608d9d1ee89b8e14ab0f76a918c2eee685be10c02017f91596d6bd20e9f",
    "superseding_disposition_path": "/private/tmp/geode-clean-archive-2f2b450/research/local_review/ebenezer-016-017-reconciliation-2026-09-12/SUPERSEDING_DISPOSITION.json",
    "superseding_disposition_sha256": "1fb8621bf63e7e383309d4d0bcbe4242812561ed27c89ab6e53f830b81a10948",
    "package_manifest_sha256": "4b9ca2a54ea75b0d2136500cf6af45e5d760659a1682b81991926efbf840bd6f",
    "verifier_sha256": "444604a2274d330c18f90a7a122888d27e0b182d5f5c3929c8a76525b2e73bbd"
  },
  "rows": [
    {
      "row_id": "police-fee-1",
      "physical_page": 2,
      "role": "fee",
      "cells": [
        {
          "column_start": 1,
          "column_span": 2,
          "text": "Residential 1,200 square feet or less of heated living space",
          "status": "native_bound_visible_text",
          "native_spans": [
            {
              "physical_page": 2,
              "text": "Residential 1,200 square feet or less of heated living space \n",
              "native_start": 1656,
              "native_end": 1718,
              "candidate_native_offset": 2833,
              "candidate_start": 4489,
              "candidate_end": 4551,
              "candidate_path": "/private/tmp/geode-clean-archive-2f2b450/research/local_review/ebenezer-016-017-reconciliation-2026-09-12/historical-packet/baseline/EB-PDF-016/inputs/candidate.txt",
              "sha256": "8d219b49a79f8fb2313d2a173de138a91db4b0edf46db4c1f699fa6ae56a4f9c"
            }
          ]
        },
        {
          "column_start": 3,
          "column_span": 1,
          "text": "$156",
          "status": "native_bound_visible_text",
          "native_spans": [
            {
              "physical_page": 2,
              "text": "$156 \n",
              "native_start": 1718,
              "native_end": 1724,
              "candidate_native_offset": 2833,
              "candidate_start": 4551,
              "candidate_end": 4557,
              "candidate_path": "/private/tmp/geode-clean-archive-2f2b450/research/local_review/ebenezer-016-017-reconciliation-2026-09-12/historical-packet/baseline/EB-PDF-016/inputs/candidate.txt",
              "sha256": "538362853934d945063858e8f4894a2bbce9ee1fd550d3a6b1cbc939ff548ef7"
            }
          ]
        },
        {
          "column_start": 4,
          "column_span": 1,
          "text": "-1.92%",
          "status": "native_bound_visible_text",
          "native_spans": [
            {
              "physical_page": 2,
              "text": "-1.92% \n",
              "native_start": 1724,
              "native_end": 1732,
              "candidate_native_offset": 2833,
              "candidate_start": 4557,
              "candidate_end": 4565,
              "candidate_path": "/private/tmp/geode-clean-archive-2f2b450/research/local_review/ebenezer-016-017-reconciliation-2026-09-12/historical-packet/baseline/EB-PDF-016/inputs/candidate.txt",
              "sha256": "0e2960e13d57439cde0d6455a4bef632afbe83245ead08bba4cc51a529bdcb42"
            }
          ]
        },
        {
          "column_start": 5,
          "column_span": 1,
          "text": "$153",
          "status": "native_bound_visible_text",
          "native_spans": [
            {
              "physical_page": 2,
              "text": "$153 \n",
              "native_start": 1732,
              "native_end": 1738,
              "candidate_native_offset": 2833,
              "candidate_start": 4565,
              "candidate_end": 4571,
              "candidate_path": "/private/tmp/geode-clean-archive-2f2b450/research/local_review/ebenezer-016-017-reconciliation-2026-09-12/historical-packet/baseline/EB-PDF-016/inputs/candidate.txt",
              "sha256": "55e858c50e3a83f67eb79dbbc71dfb1701cb2799fe0e84352b86220eb20a4a40"
            }
          ]
        }
      ],
      "table_id": "fees-page-2",
      "column_roles": [
        "Fee structure / use category",
        "Unit (residential rows merge columns 1–2 and include heated living space in their labels)",
        "2025 Fee",
        "% Change",
        "2026 Fee"
      ],
      "column_headers": [
        {
          "row_id": "fees-column-header",
          "physical_page": 2,
          "role": "column_header",
          "cells": [
            {
              "column_start": 1,
              "column_span": 2,
              "text": "Fee Structure",
              "status": "native_bound_visible_text",
              "native_spans": [
                {
                  "physical_page": 2,
                  "text": "Fee Structure \n",
                  "native_start": 1578,
                  "native_end": 1593,
                  "candidate_native_offset": 2833,
                  "candidate_start": 4411,
                  "candidate_end": 4426,
                  "candidate_path": "/private/tmp/geode-clean-archive-2f2b450/research/local_review/ebenezer-016-017-reconciliation-2026-09-12/historical-packet/baseline/EB-PDF-016/inputs/candidate.txt",
                  "sha256": "d0e110ba37b30f8afb170152005731f3d2cfc9ae6f41a32e1065c83f2d8d6a08"
                }
              ]
            },
            {
              "column_start": 3,
              "column_span": 1,
              "text": "2025 Fee",
              "status": "native_bound_visible_text",
              "native_spans": [
                {
                  "physical_page": 2,
                  "text": "2025 \n",
                  "native_start": 1593,
                  "native_end": 1599,
                  "candidate_native_offset": 2833,
                  "candidate_start": 4426,
                  "candidate_end": 4432,
                  "candidate_path": "/private/tmp/geode-clean-archive-2f2b450/research/local_review/ebenezer-016-017-reconciliation-2026-09-12/historical-packet/baseline/EB-PDF-016/inputs/candidate.txt",
                  "sha256": "4929c5f380db4e4e64244bb1627a910fe3e865746286961c3dcce2ed1254d609"
                },
                {
                  "physical_page": 2,
                  "text": "Fee \n",
                  "native_start": 1608,
                  "native_end": 1613,
                  "candidate_native_offset": 2833,
                  "candidate_start": 4441,
                  "candidate_end": 4446,
                  "candidate_path": "/private/tmp/geode-clean-archive-2f2b450/research/local_review/ebenezer-016-017-reconciliation-2026-09-12/historical-packet/baseline/EB-PDF-016/inputs/candidate.txt",
                  "sha256": "625c42035f628b130c7d9bfb932180403f60f0619339980ea4a35dcf1d9bd2f3"
                }
              ]
            },
            {
              "column_start": 4,
              "column_span": 1,
              "text": "% Change",
              "status": "native_bound_visible_text",
              "native_spans": [
                {
                  "physical_page": 2,
                  "text": "% \n",
                  "native_start": 1599,
                  "native_end": 1602,
                  "candidate_native_offset": 2833,
                  "candidate_start": 4432,
                  "candidate_end": 4435,
                  "candidate_path": "/private/tmp/geode-clean-archive-2f2b450/research/local_review/ebenezer-016-017-reconciliation-2026-09-12/historical-packet/baseline/EB-PDF-016/inputs/candidate.txt",
                  "sha256": "d39cf8cfab20e2e5431c71eb0b51aaa80741de7e28bc5af488e5de1239a068fb"
                },
                {
                  "physical_page": 2,
                  "text": "Change \n",
                  "native_start": 1613,
                  "native_end": 1621,
                  "candidate_native_offset": 2833,
                  "candidate_start": 4446,
                  "candidate_end": 4454,
                  "candidate_path": "/private/tmp/geode-clean-archive-2f2b450/research/local_review/ebenezer-016-017-reconciliation-2026-09-12/historical-packet/baseline/EB-PDF-016/inputs/candidate.txt",
                  "sha256": "e87df8642f6080a43657a54d0976ebb1dde4c9970ae84b2e36ef20e0c0f5df13"
                }
              ]
            },
            {
              "column_start": 5,
              "column_span": 1,
              "text": "2026 Fee",
              "status": "native_bound_visible_text",
              "native_spans": [
                {
                  "physical_page": 2,
                  "text": "2026 \n",
                  "native_start": 1602,
                  "native_end": 1608,
                  "candidate_native_offset": 2833,
                  "candidate_start": 4435,
                  "candidate_end": 4441,
                  "candidate_path": "/private/tmp/geode-clean-archive-2f2b450/research/local_review/ebenezer-016-017-reconciliation-2026-09-12/historical-packet/baseline/EB-PDF-016/inputs/candidate.txt",
                  "sha256": "c4362841f1265ed47991baebd539e7e82362332883e9f483aff1dd0c72c6164d"
                },
                {
                  "physical_page": 2,
                  "text": "Fee \n",
                  "native_start": 1621,
                  "native_end": 1626,
                  "candidate_native_offset": 2833,
                  "candidate_start": 4454,
                  "candidate_end": 4459,
                  "candidate_path": "/private/tmp/geode-clean-archive-2f2b450/research/local_review/ebenezer-016-017-reconciliation-2026-09-12/historical-packet/baseline/EB-PDF-016/inputs/candidate.txt",
                  "sha256": "625c42035f628b130c7d9bfb932180403f60f0619339980ea4a35dcf1d9bd2f3"
                }
              ]
            }
          ]
        }
      ],
      "group_headers": [
        {
          "row_id": "police-header",
          "physical_page": 2,
          "role": "group_header",
          "cells": [
            {
              "column_start": 1,
              "column_span": 1,
              "text": "Police Development Fee",
              "status": "native_bound_visible_text",
              "native_spans": [
                {
                  "physical_page": 2,
                  "text": "Police Development Fee \n",
                  "native_start": 1626,
                  "native_end": 1650,
                  "candidate_native_offset": 2833,
                  "candidate_start": 4459,
                  "candidate_end": 4483,
                  "candidate_path": "/private/tmp/geode-clean-archive-2f2b450/research/local_review/ebenezer-016-017-reconciliation-2026-09-12/historical-packet/baseline/EB-PDF-016/inputs/candidate.txt",
                  "sha256": "185174f584de1898fdaeea980f7d7ade8f3546ac8406a75d77cddaf6f1cdd30c"
                }
              ]
            },
            {
              "column_start": 2,
              "column_span": 1,
              "text": "Unit",
              "status": "native_bound_visible_text",
              "native_spans": [
                {
                  "physical_page": 2,
                  "text": "Unit \n",
                  "native_start": 1650,
                  "native_end": 1656,
                  "candidate_native_offset": 2833,
                  "candidate_start": 4483,
                  "candidate_end": 4489,
                  "candidate_path": "/private/tmp/geode-clean-archive-2f2b450/research/local_review/ebenezer-016-017-reconciliation-2026-09-12/historical-packet/baseline/EB-PDF-016/inputs/candidate.txt",
                  "sha256": "fa4f120c4a493e3e3c66cab9c58adcdf56ce1f2b4bfe7189c7195dd659086cdf"
                }
              ]
            },
            {
              "column_start": 3,
              "column_span": 1,
              "text": "",
              "status": "visually_blank",
              "native_spans": []
            },
            {
              "column_start": 4,
              "column_span": 1,
              "text": "",
              "status": "visually_blank",
              "native_spans": []
            },
            {
              "column_start": 5,
              "column_span": 1,
              "text": "",
              "status": "visually_blank",
              "native_spans": []
            }
          ]
        }
      ],
      "table_headings": [],
      "association_notes": [
        "Residential rows are merged across the use and unit columns; no unprinted per-dwelling unit is supplied.",
        "Park and Trails group labels merge the first two columns; their numeric group-header cells are blank.",
        "Four visibly blank separator bands have no native text. The Trails separator includes the taller lower whitespace beneath its final row.",
        "Commercial units preserve the source abbreviation 1,000 Sq. Ft of Building. Storm Drainage preserves Per Impervious Square Foot and three-decimal dollar values."
      ],
      "page_image_path": "/private/tmp/geode-clean-archive-2f2b450/research/local_review/ebenezer-016-017-reconciliation-2026-09-12/historical-packet/baseline/EB-PDF-016/inputs/page-0002.png"
    },
    {
      "row_id": "police-fee-2",
      "physical_page": 2,
      "role": "fee",
      "cells": [
        {
          "column_start": 1,
          "column_span": 2,
          "text": "Residential 1,201 square feet to 1,500 square feet of heated living space",
          "status": "native_bound_visible_text",
          "native_spans": [
            {
              "physical_page": 2,
              "text": "Residential 1,201 square feet to 1,500 square feet of heated living space \n",
              "native_start": 1738,
              "native_end": 1813,
              "candidate_native_offset": 2833,
              "candidate_start": 4571,
              "candidate_end": 4646,
              "candidate_path": "/private/tmp/geode-clean-archive-2f2b450/research/local_review/ebenezer-016-017-reconciliation-2026-09-12/historical-packet/baseline/EB-PDF-016/inputs/candidate.txt",
              "sha256": "7e9573fa333cf5f1d9efe0a987d9ba2870a105bd917942aa456f6503da3a16de"
            }
          ]
        },
        {
          "column_start": 3,
          "column_span": 1,
          "text": "$276",
          "status": "native_bound_visible_text",
          "native_spans": [
            {
              "physical_page": 2,
              "text": "$276 \n",
              "native_start": 1813,
              "native_end": 1819,
              "candidate_native_offset": 2833,
              "candidate_start": 4646,
              "candidate_end": 4652,
              "candidate_path": "/private/tmp/geode-clean-archive-2f2b450/research/local_review/ebenezer-016-017-reconciliation-2026-09-12/historical-packet/baseline/EB-PDF-016/inputs/candidate.txt",
              "sha256": "c227b1f8aa00e700e90fb29e3fcda62d4f8de1b8264edf62a0b14f0e4c4c025d"
            }
          ]
        },
        {
          "column_start": 4,
          "column_span": 1,
          "text": "-2.17%",
          "status": "native_bound_visible_text",
          "native_spans": [
            {
              "physical_page": 2,
              "text": "-2.17% \n",
              "native_start": 1819,
              "native_end": 1827,
              "candidate_native_offset": 2833,
              "candidate_start": 4652,
              "candidate_end": 4660,
              "candidate_path": "/private/tmp/geode-clean-archive-2f2b450/research/local_review/ebenezer-016-017-reconciliation-2026-09-12/historical-packet/baseline/EB-PDF-016/inputs/candidate.txt",
              "sha256": "3caeea3368eac02399e8b3e1da5394c3b0822ea889013f1be9bee4e2911a746a"
            }
          ]
        },
        {
          "column_start": 5,
          "column_span": 1,
          "text": "$270",
          "status": "native_bound_visible_text",
          "native_spans": [
            {
              "physical_page": 2,
              "text": "$270 \n",
              "native_start": 1827,
              "native_end": 1833,
              "candidate_native_offset": 2833,
              "candidate_start": 4660,
              "candidate_end": 4666,
              "candidate_path": "/private/tmp/geode-clean-archive-2f2b450/research/local_review/ebenezer-016-017-reconciliation-2026-09-12/historical-packet/baseline/EB-PDF-016/inputs/candidate.txt",
              "sha256": "f555028c3f92df3435d1250fddac42c6db77cef00969df6376bf02e6229f2286"
            }
          ]
        }
      ],
      "table_id": "fees-page-2",
      "column_roles": [
        "Fee structure / use category",
        "Unit (residential rows merge columns 1–2 and include heated living space in their labels)",
        "2025 Fee",
        "% Change",
        "2026 Fee"
      ],
      "column_headers": [
        {
          "row_id": "fees-column-header",
          "physical_page": 2,
          "role": "column_header",
          "cells": [
            {
              "column_start": 1,
              "column_span": 2,
              "text": "Fee Structure",
              "status": "native_bound_visible_text",
              "native_spans": [
                {
                  "physical_page": 2,
                  "text": "Fee Structure \n",
                  "native_start": 1578,
                  "native_end": 1593,
                  "candidate_native_offset": 2833,
                  "candidate_start": 4411,
                  "candidate_end": 4426,
                  "candidate_path": "/private/tmp/geode-clean-archive-2f2b450/research/local_review/ebenezer-016-017-reconciliation-2026-09-12/historical-packet/baseline/EB-PDF-016/inputs/candidate.txt",
                  "sha256": "d0e110ba37b30f8afb170152005731f3d2cfc9ae6f41a32e1065c83f2d8d6a08"
                }
              ]
            },
            {
              "column_start": 3,
              "column_span": 1,
              "text": "2025 Fee",
              "status": "native_bound_visible_text",
              "native_spans": [
                {
                  "physical_page": 2,
                  "text": "2025 \n",
                  "native_start": 1593,
                  "native_end": 1599,
                  "candidate_native_offset": 2833,
                  "candidate_start": 4426,
                  "candidate_end": 4432,
                  "candidate_path": "/private/tmp/geode-clean-archive-2f2b450/research/local_review/ebenezer-016-017-reconciliation-2026-09-12/historical-packet/baseline/EB-PDF-016/inputs/candidate.txt",
                  "sha256": "4929c5f380db4e4e64244bb1627a910fe3e865746286961c3dcce2ed1254d609"
                },
                {
                  "physical_page": 2,
                  "text": "Fee \n",
                  "native_start": 1608,
                  "native_end": 1613,
                  "candidate_native_offset": 2833,
                  "candidate_start": 4441,
                  "candidate_end": 4446,
                  "candidate_path": "/private/tmp/geode-clean-archive-2f2b450/research/local_review/ebenezer-016-017-reconciliation-2026-09-12/historical-packet/baseline/EB-PDF-016/inputs/candidate.txt",
                  "sha256": "625c42035f628b130c7d9bfb932180403f60f0619339980ea4a35dcf1d9bd2f3"
                }
              ]
            },
            {
              "column_start": 4,
              "column_span": 1,
              "text": "% Change",
              "status": "native_bound_visible_text",
              "native_spans": [
                {
                  "physical_page": 2,
                  "text": "% \n",
                  "native_start": 1599,
                  "native_end": 1602,
                  "candidate_native_offset": 2833,
                  "candidate_start": 4432,
                  "candidate_end": 4435,
                  "candidate_path": "/private/tmp/geode-clean-archive-2f2b450/research/local_review/ebenezer-016-017-reconciliation-2026-09-12/historical-packet/baseline/EB-PDF-016/inputs/candidate.txt",
                  "sha256": "d39cf8cfab20e2e5431c71eb0b51aaa80741de7e28bc5af488e5de1239a068fb"
                },
                {
                  "physical_page": 2,
                  "text": "Change \n",
                  "native_start": 1613,
                  "native_end": 1621,
                  "candidate_native_offset": 2833,
                  "candidate_start": 4446,
                  "candidate_end": 4454,
                  "candidate_path": "/private/tmp/geode-clean-archive-2f2b450/research/local_review/ebenezer-016-017-reconciliation-2026-09-12/historical-packet/baseline/EB-PDF-016/inputs/candidate.txt",
                  "sha256": "e87df8642f6080a43657a54d0976ebb1dde4c9970ae84b2e36ef20e0c0f5df13"
                }
              ]
            },
            {
              "column_start": 5,
              "column_span": 1,
              "text": "2026 Fee",
              "status": "native_bound_visible_text",
              "native_spans": [
                {
                  "physical_page": 2,
                  "text": "2026 \n",
                  "native_start": 1602,
                  "native_end": 1608,
                  "candidate_native_offset": 2833,
                  "candidate_start": 4435,
                  "candidate_end": 4441,
                  "candidate_path": "/private/tmp/geode-clean-archive-2f2b450/research/local_review/ebenezer-016-017-reconciliation-2026-09-12/historical-packet/baseline/EB-PDF-016/inputs/candidate.txt",
                  "sha256": "c4362841f1265ed47991baebd539e7e82362332883e9f483aff1dd0c72c6164d"
                },
                {
                  "physical_page": 2,
                  "text": "Fee \n",
                  "native_start": 1621,
                  "native_end": 1626,
                  "candidate_native_offset": 2833,
                  "candidate_start": 4454,
                  "candidate_end": 4459,
                  "candidate_path": "/private/tmp/geode-clean-archive-2f2b450/research/local_review/ebenezer-016-017-reconciliation-2026-09-12/historical-packet/baseline/EB-PDF-016/inputs/candidate.txt",
                  "sha256": "625c42035f628b130c7d9bfb932180403f60f0619339980ea4a35dcf1d9bd2f3"
                }
              ]
            }
          ]
        }
      ],
      "group_headers": [
        {
          "row_id": "police-header",
          "physical_page": 2,
          "role": "group_header",
          "cells": [
            {
              "column_start": 1,
              "column_span": 1,
              "text": "Police Development Fee",
              "status": "native_bound_visible_text",
              "native_spans": [
                {
                  "physical_page": 2,
                  "text": "Police Development Fee \n",
                  "native_start": 1626,
                  "native_end": 1650,
                  "candidate_native_offset": 2833,
                  "candidate_start": 4459,
                  "candidate_end": 4483,
                  "candidate_path": "/private/tmp/geode-clean-archive-2f2b450/research/local_review/ebenezer-016-017-reconciliation-2026-09-12/historical-packet/baseline/EB-PDF-016/inputs/candidate.txt",
                  "sha256": "185174f584de1898fdaeea980f7d7ade8f3546ac8406a75d77cddaf6f1cdd30c"
                }
              ]
            },
            {
              "column_start": 2,
              "column_span": 1,
              "text": "Unit",
              "status": "native_bound_visible_text",
              "native_spans": [
                {
                  "physical_page": 2,
                  "text": "Unit \n",
                  "native_start": 1650,
                  "native_end": 1656,
                  "candidate_native_offset": 2833,
                  "candidate_start": 4483,
                  "candidate_end": 4489,
                  "candidate_path": "/private/tmp/geode-clean-archive-2f2b450/research/local_review/ebenezer-016-017-reconciliation-2026-09-12/historical-packet/baseline/EB-PDF-016/inputs/candidate.txt",
                  "sha256": "fa4f120c4a493e3e3c66cab9c58adcdf56ce1f2b4bfe7189c7195dd659086cdf"
                }
              ]
            },
            {
              "column_start": 3,
              "column_span": 1,
              "text": "",
              "status": "visually_blank",
              "native_spans": []
            },
            {
              "column_start": 4,
              "column_span": 1,
              "text": "",
              "status": "visually_blank",
              "native_spans": []
            },
            {
              "column_start": 5,
              "column_span": 1,
              "text": "",
              "status": "visually_blank",
              "native_spans": []
            }
          ]
        }
      ],
      "table_headings": [],
      "association_notes": [
        "Residential rows are merged across the use and unit columns; no unprinted per-dwelling unit is supplied.",
        "Park and Trails group labels merge the first two columns; their numeric group-header cells are blank.",
        "Four visibly blank separator bands have no native text. The Trails separator includes the taller lower whitespace beneath its final row.",
        "Commercial units preserve the source abbreviation 1,000 Sq. Ft of Building. Storm Drainage preserves Per Impervious Square Foot and three-decimal dollar values."
      ],
      "page_image_path": "/private/tmp/geode-clean-archive-2f2b450/research/local_review/ebenezer-016-017-reconciliation-2026-09-12/historical-packet/baseline/EB-PDF-016/inputs/page-0002.png"
    },
    {
      "row_id": "police-fee-3",
      "physical_page": 2,
      "role": "fee",
      "cells": [
        {
          "column_start": 1,
          "column_span": 2,
          "text": "Residential 1,501 square feet to 1,800 square feet of heated living space",
          "status": "native_bound_visible_text",
          "native_spans": [
            {
              "physical_page": 2,
              "text": "Residential 1,501 square feet to 1,800 square feet of heated living space \n",
              "native_start": 1833,
              "native_end": 1908,
              "candidate_native_offset": 2833,
              "candidate_start": 4666,
              "candidate_end": 4741,
              "candidate_path": "/private/tmp/geode-clean-archive-2f2b450/research/local_review/ebenezer-016-017-reconciliation-2026-09-12/historical-packet/baseline/EB-PDF-016/inputs/candidate.txt",
              "sha256": "0192a5279d31498f8444109b23e4ac24a038420c1f3eab7b52dd95ec16bd54a2"
            }
          ]
        },
        {
          "column_start": 3,
          "column_span": 1,
          "text": "$314",
          "status": "native_bound_visible_text",
          "native_spans": [
            {
              "physical_page": 2,
              "text": "$314 \n",
              "native_start": 1908,
              "native_end": 1914,
              "candidate_native_offset": 2833,
              "candidate_start": 4741,
              "candidate_end": 4747,
              "candidate_path": "/private/tmp/geode-clean-archive-2f2b450/research/local_review/ebenezer-016-017-reconciliation-2026-09-12/historical-packet/baseline/EB-PDF-016/inputs/candidate.txt",
              "sha256": "6c8da73163107dfea8a4c42d871704724714940002fa68a30faf24a0c87d52c2"
            }
          ]
        },
        {
          "column_start": 4,
          "column_span": 1,
          "text": "-1.91%",
          "status": "native_bound_visible_text",
          "native_spans": [
            {
              "physical_page": 2,
              "text": "-1.91% \n",
              "native_start": 1914,
              "native_end": 1922,
              "candidate_native_offset": 2833,
              "candidate_start": 4747,
              "candidate_end": 4755,
              "candidate_path": "/private/tmp/geode-clean-archive-2f2b450/research/local_review/ebenezer-016-017-reconciliation-2026-09-12/historical-packet/baseline/EB-PDF-016/inputs/candidate.txt",
              "sha256": "6a210f1eb8c3bafc14bc92bda4132f5f90a45d0f1748aa06058054ff9c6466b5"
            }
          ]
        },
        {
          "column_start": 5,
          "column_span": 1,
          "text": "$308",
          "status": "native_bound_visible_text",
          "native_spans": [
            {
              "physical_page": 2,
              "text": "$308 \n",
              "native_start": 1922,
              "native_end": 1928,
              "candidate_native_offset": 2833,
              "candidate_start": 4755,
              "candidate_end": 4761,
              "candidate_path": "/private/tmp/geode-clean-archive-2f2b450/research/local_review/ebenezer-016-017-reconciliation-2026-09-12/historical-packet/baseline/EB-PDF-016/inputs/candidate.txt",
              "sha256": "5099e81be66c6ee1b3b7be21980dc0c47209abc30498ec9bcd9020c4e80a637b"
            }
          ]
        }
      ],
      "table_id": "fees-page-2",
      "column_roles": [
        "Fee structure / use category",
        "Unit (residential rows merge columns 1–2 and include heated living space in their labels)",
        "2025 Fee",
        "% Change",
        "2026 Fee"
      ],
      "column_headers": [
        {
          "row_id": "fees-column-header",
          "physical_page": 2,
          "role": "column_header",
          "cells": [
            {
              "column_start": 1,
              "column_span": 2,
              "text": "Fee Structure",
              "status": "native_bound_visible_text",
              "native_spans": [
                {
                  "physical_page": 2,
                  "text": "Fee Structure \n",
                  "native_start": 1578,
                  "native_end": 1593,
                  "candidate_native_offset": 2833,
                  "candidate_start": 4411,
                  "candidate_end": 4426,
                  "candidate_path": "/private/tmp/geode-clean-archive-2f2b450/research/local_review/ebenezer-016-017-reconciliation-2026-09-12/historical-packet/baseline/EB-PDF-016/inputs/candidate.txt",
                  "sha256": "d0e110ba37b30f8afb170152005731f3d2cfc9ae6f41a32e1065c83f2d8d6a08"
                }
              ]
            },
            {
              "column_start": 3,
              "column_span": 1,
              "text": "2025 Fee",
              "status": "native_bound_visible_text",
              "native_spans": [
                {
                  "physical_page": 2,
                  "text": "2025 \n",
                  "native_start": 1593,
                  "native_end": 1599,
                  "candidate_native_offset": 2833,
                  "candidate_start": 4426,
                  "candidate_end": 4432,
                  "candidate_path": "/private/tmp/geode-clean-archive-2f2b450/research/local_review/ebenezer-016-017-reconciliation-2026-09-12/historical-packet/baseline/EB-PDF-016/inputs/candidate.txt",
                  "sha256": "4929c5f380db4e4e64244bb1627a910fe3e865746286961c3dcce2ed1254d609"
                },
                {
                  "physical_page": 2,
                  "text": "Fee \n",
                  "native_start": 1608,
                  "native_end": 1613,
                  "candidate_native_offset": 2833,
                  "candidate_start": 4441,
                  "candidate_end": 4446,
                  "candidate_path": "/private/tmp/geode-clean-archive-2f2b450/research/local_review/ebenezer-016-017-reconciliation-2026-09-12/historical-packet/baseline/EB-PDF-016/inputs/candidate.txt",
                  "sha256": "625c42035f628b130c7d9bfb932180403f60f0619339980ea4a35dcf1d9bd2f3"
                }
              ]
            },
            {
              "column_start": 4,
              "column_span": 1,
              "text": "% Change",
              "status": "native_bound_visible_text",
              "native_spans": [
                {
                  "physical_page": 2,
                  "text": "% \n",
                  "native_start": 1599,
                  "native_end": 1602,
                  "candidate_native_offset": 2833,
                  "candidate_start": 4432,
                  "candidate_end": 4435,
                  "candidate_path": "/private/tmp/geode-clean-archive-2f2b450/research/local_review/ebenezer-016-017-reconciliation-2026-09-12/historical-packet/baseline/EB-PDF-016/inputs/candidate.txt",
                  "sha256": "d39cf8cfab20e2e5431c71eb0b51aaa80741de7e28bc5af488e5de1239a068fb"
                },
                {
                  "physical_page": 2,
                  "text": "Change \n",
                  "native_start": 1613,
                  "native_end": 1621,
                  "candidate_native_offset": 2833,
                  "candidate_start": 4446,
                  "candidate_end": 4454,
                  "candidate_path": "/private/tmp/geode-clean-archive-2f2b450/research/local_review/ebenezer-016-017-reconciliation-2026-09-12/historical-packet/baseline/EB-PDF-016/inputs/candidate.txt",
                  "sha256": "e87df8642f6080a43657a54d0976ebb1dde4c9970ae84b2e36ef20e0c0f5df13"
                }
              ]
            },
            {
              "column_start": 5,
              "column_span": 1,
              "text": "2026 Fee",
              "status": "native_bound_visible_text",
              "native_spans": [
                {
                  "physical_page": 2,
                  "text": "2026 \n",
                  "native_start": 1602,
                  "native_end": 1608,
                  "candidate_native_offset": 2833,
                  "candidate_start": 4435,
                  "candidate_end": 4441,
                  "candidate_path": "/private/tmp/geode-clean-archive-2f2b450/research/local_review/ebenezer-016-017-reconciliation-2026-09-12/historical-packet/baseline/EB-PDF-016/inputs/candidate.txt",
                  "sha256": "c4362841f1265ed47991baebd539e7e82362332883e9f483aff1dd0c72c6164d"
                },
                {
                  "physical_page": 2,
                  "text": "Fee \n",
                  "native_start": 1621,
                  "native_end": 1626,
                  "candidate_native_offset": 2833,
                  "candidate_start": 4454,
                  "candidate_end": 4459,
                  "candidate_path": "/private/tmp/geode-clean-archive-2f2b450/research/local_review/ebenezer-016-017-reconciliation-2026-09-12/historical-packet/baseline/EB-PDF-016/inputs/candidate.txt",
                  "sha256": "625c42035f628b130c7d9bfb932180403f60f0619339980ea4a35dcf1d9bd2f3"
                }
              ]
            }
          ]
        }
      ],
      "group_headers": [
        {
          "row_id": "police-header",
          "physical_page": 2,
          "role": "group_header",
          "cells": [
            {
              "column_start": 1,
              "column_span": 1,
              "text": "Police Development Fee",
              "status": "native_bound_visible_text",
              "native_spans": [
                {
                  "physical_page": 2,
                  "text": "Police Development Fee \n",
                  "native_start": 1626,
                  "native_end": 1650,
                  "candidate_native_offset": 2833,
                  "candidate_start": 4459,
                  "candidate_end": 4483,
                  "candidate_path": "/private/tmp/geode-clean-archive-2f2b450/research/local_review/ebenezer-016-017-reconciliation-2026-09-12/historical-packet/baseline/EB-PDF-016/inputs/candidate.txt",
                  "sha256": "185174f584de1898fdaeea980f7d7ade8f3546ac8406a75d77cddaf6f1cdd30c"
                }
              ]
            },
            {
              "column_start": 2,
              "column_span": 1,
              "text": "Unit",
              "status": "native_bound_visible_text",
              "native_spans": [
                {
                  "physical_page": 2,
                  "text": "Unit \n",
                  "native_start": 1650,
                  "native_end": 1656,
                  "candidate_native_offset": 2833,
                  "candidate_start": 4483,
                  "candidate_end": 4489,
                  "candidate_path": "/private/tmp/geode-clean-archive-2f2b450/research/local_review/ebenezer-016-017-reconciliation-2026-09-12/historical-packet/baseline/EB-PDF-016/inputs/candidate.txt",
                  "sha256": "fa4f120c4a493e3e3c66cab9c58adcdf56ce1f2b4bfe7189c7195dd659086cdf"
                }
              ]
            },
            {
              "column_start": 3,
              "column_span": 1,
              "text": "",
              "status": "visually_blank",
              "native_spans": []
            },
            {
              "column_start": 4,
              "column_span": 1,
              "text": "",
              "status": "visually_blank",
              "native_spans": []
            },
            {
              "column_start": 5,
              "column_span": 1,
              "text": "",
              "status": "visually_blank",
              "native_spans": []
            }
          ]
        }
      ],
      "table_headings": [],
      "association_notes": [
        "Residential rows are merged across the use and unit columns; no unprinted per-dwelling unit is supplied.",
        "Park and Trails group labels merge the first two columns; their numeric group-header cells are blank.",
        "Four visibly blank separator bands have no native text. The Trails separator includes the taller lower whitespace beneath its final row.",
        "Commercial units preserve the source abbreviation 1,000 Sq. Ft of Building. Storm Drainage preserves Per Impervious Square Foot and three-decimal dollar values."
      ],
      "page_image_path": "/private/tmp/geode-clean-archive-2f2b450/research/local_review/ebenezer-016-017-reconciliation-2026-09-12/historical-packet/baseline/EB-PDF-016/inputs/page-0002.png"
    },
    {
      "row_id": "police-fee-4",
      "physical_page": 2,
      "role": "fee",
      "cells": [
        {
          "column_start": 1,
          "column_span": 2,
          "text": "Residential 1,801 square feet or more of heated living space",
          "status": "native_bound_visible_text",
          "native_spans": [
            {
              "physical_page": 2,
              "text": "Residential 1,801 square feet or more of heated living space \n",
              "native_start": 1928,
              "native_end": 1990,
              "candidate_native_offset": 2833,
              "candidate_start": 4761,
              "candidate_end": 4823,
              "candidate_path": "/private/tmp/geode-clean-archive-2f2b450/research/local_review/ebenezer-016-017-reconciliation-2026-09-12/historical-packet/baseline/EB-PDF-016/inputs/candidate.txt",
              "sha256": "4bb03537efdd9641317d0bc8953294a02263c20a67ed1ce4c269c6faa4845776"
            }
          ]
        },
        {
          "column_start": 3,
          "column_span": 1,
          "text": "$334",
          "status": "native_bound_visible_text",
          "native_spans": [
            {
              "physical_page": 2,
              "text": "$334 \n",
              "native_start": 1990,
              "native_end": 1996,
              "candidate_native_offset": 2833,
              "candidate_start": 4823,
              "candidate_end": 4829,
              "candidate_path": "/private/tmp/geode-clean-archive-2f2b450/research/local_review/ebenezer-016-017-reconciliation-2026-09-12/historical-packet/baseline/EB-PDF-016/inputs/candidate.txt",
              "sha256": "2004f0ff75b297451a1e1b14b2cd549c1fc7e28ad59675282568416075b11a2e"
            }
          ]
        },
        {
          "column_start": 4,
          "column_span": 1,
          "text": "-2.10%",
          "status": "native_bound_visible_text",
          "native_spans": [
            {
              "physical_page": 2,
              "text": "-2.10% \n",
              "native_start": 1996,
              "native_end": 2004,
              "candidate_native_offset": 2833,
              "candidate_start": 4829,
              "candidate_end": 4837,
              "candidate_path": "/private/tmp/geode-clean-archive-2f2b450/research/local_review/ebenezer-016-017-reconciliation-2026-09-12/historical-packet/baseline/EB-PDF-016/inputs/candidate.txt",
              "sha256": "36f61eb80d6843336356968be9bb1a796895a0aa034c0550127dda8f3b7f54d3"
            }
          ]
        },
        {
          "column_start": 5,
          "column_span": 1,
          "text": "$327",
          "status": "native_bound_visible_text",
          "native_spans": [
            {
              "physical_page": 2,
              "text": "$327 \n",
              "native_start": 2004,
              "native_end": 2010,
              "candidate_native_offset": 2833,
              "candidate_start": 4837,
              "candidate_end": 4843,
              "candidate_path": "/private/tmp/geode-clean-archive-2f2b450/research/local_review/ebenezer-016-017-reconciliation-2026-09-12/historical-packet/baseline/EB-PDF-016/inputs/candidate.txt",
              "sha256": "cba8aa945aefae52f80a4ccf1f26b1e2df8fac6779d3fa035c2e489f93f36a32"
            }
          ]
        }
      ],
      "table_id": "fees-page-2",
      "column_roles": [
        "Fee structure / use category",
        "Unit (residential rows merge columns 1–2 and include heated living space in their labels)",
        "2025 Fee",
        "% Change",
        "2026 Fee"
      ],
      "column_headers": [
        {
          "row_id": "fees-column-header",
          "physical_page": 2,
          "role": "column_header",
          "cells": [
            {
              "column_start": 1,
              "column_span": 2,
              "text": "Fee Structure",
              "status": "native_bound_visible_text",
              "native_spans": [
                {
                  "physical_page": 2,
                  "text": "Fee Structure \n",
                  "native_start": 1578,
                  "native_end": 1593,
                  "candidate_native_offset": 2833,
                  "candidate_start": 4411,
                  "candidate_end": 4426,
                  "candidate_path": "/private/tmp/geode-clean-archive-2f2b450/research/local_review/ebenezer-016-017-reconciliation-2026-09-12/historical-packet/baseline/EB-PDF-016/inputs/candidate.txt",
                  "sha256": "d0e110ba37b30f8afb170152005731f3d2cfc9ae6f41a32e1065c83f2d8d6a08"
                }
              ]
            },
            {
              "column_start": 3,
              "column_span": 1,
              "text": "2025 Fee",
              "status": "native_bound_visible_text",
              "native_spans": [
                {
                  "physical_page": 2,
                  "text": "2025 \n",
                  "native_start": 1593,
                  "native_end": 1599,
                  "candidate_native_offset": 2833,
                  "candidate_start": 4426,
                  "candidate_end": 4432,
                  "candidate_path": "/private/tmp/geode-clean-archive-2f2b450/research/local_review/ebenezer-016-017-reconciliation-2026-09-12/historical-packet/baseline/EB-PDF-016/inputs/candidate.txt",
                  "sha256": "4929c5f380db4e4e64244bb1627a910fe3e865746286961c3dcce2ed1254d609"
                },
                {
                  "physical_page": 2,
                  "text": "Fee \n",
                  "native_start": 1608,
                  "native_end": 1613,
                  "candidate_native_offset": 2833,
                  "candidate_start": 4441,
                  "candidate_end": 4446,
                  "candidate_path": "/private/tmp/geode-clean-archive-2f2b450/research/local_review/ebenezer-016-017-reconciliation-2026-09-12/historical-packet/baseline/EB-PDF-016/inputs/candidate.txt",
                  "sha256": "625c42035f628b130c7d9bfb932180403f60f0619339980ea4a35dcf1d9bd2f3"
                }
              ]
            },
            {
              "column_start": 4,
              "column_span": 1,
              "text": "% Change",
              "status": "native_bound_visible_text",
              "native_spans": [
                {
                  "physical_page": 2,
                  "text": "% \n",
                  "native_start": 1599,
                  "native_end": 1602,
                  "candidate_native_offset": 2833,
                  "candidate_start": 4432,
                  "candidate_end": 4435,
                  "candidate_path": "/private/tmp/geode-clean-archive-2f2b450/research/local_review/ebenezer-016-017-reconciliation-2026-09-12/historical-packet/baseline/EB-PDF-016/inputs/candidate.txt",
                  "sha256": "d39cf8cfab20e2e5431c71eb0b51aaa80741de7e28bc5af488e5de1239a068fb"
                },
                {
                  "physical_page": 2,
                  "text": "Change \n",
                  "native_start": 1613,
                  "native_end": 1621,
                  "candidate_native_offset": 2833,
                  "candidate_start": 4446,
                  "candidate_end": 4454,
                  "candidate_path": "/private/tmp/geode-clean-archive-2f2b450/research/local_review/ebenezer-016-017-reconciliation-2026-09-12/historical-packet/baseline/EB-PDF-016/inputs/candidate.txt",
                  "sha256": "e87df8642f6080a43657a54d0976ebb1dde4c9970ae84b2e36ef20e0c0f5df13"
                }
              ]
            },
            {
              "column_start": 5,
              "column_span": 1,
              "text": "2026 Fee",
              "status": "native_bound_visible_text",
              "native_spans": [
                {
                  "physical_page": 2,
                  "text": "2026 \n",
                  "native_start": 1602,
                  "native_end": 1608,
                  "candidate_native_offset": 2833,
                  "candidate_start": 4435,
                  "candidate_end": 4441,
                  "candidate_path": "/private/tmp/geode-clean-archive-2f2b450/research/local_review/ebenezer-016-017-reconciliation-2026-09-12/historical-packet/baseline/EB-PDF-016/inputs/candidate.txt",
                  "sha256": "c4362841f1265ed47991baebd539e7e82362332883e9f483aff1dd0c72c6164d"
                },
                {
                  "physical_page": 2,
                  "text": "Fee \n",
                  "native_start": 1621,
                  "native_end": 1626,
                  "candidate_native_offset": 2833,
                  "candidate_start": 4454,
                  "candidate_end": 4459,
                  "candidate_path": "/private/tmp/geode-clean-archive-2f2b450/research/local_review/ebenezer-016-017-reconciliation-2026-09-12/historical-packet/baseline/EB-PDF-016/inputs/candidate.txt",
                  "sha256": "625c42035f628b130c7d9bfb932180403f60f0619339980ea4a35dcf1d9bd2f3"
                }
              ]
            }
          ]
        }
      ],
      "group_headers": [
        {
          "row_id": "police-header",
          "physical_page": 2,
          "role": "group_header",
          "cells": [
            {
              "column_start": 1,
              "column_span": 1,
              "text": "Police Development Fee",
              "status": "native_bound_visible_text",
              "native_spans": [
                {
                  "physical_page": 2,
                  "text": "Police Development Fee \n",
                  "native_start": 1626,
                  "native_end": 1650,
                  "candidate_native_offset": 2833,
                  "candidate_start": 4459,
                  "candidate_end": 4483,
                  "candidate_path": "/private/tmp/geode-clean-archive-2f2b450/research/local_review/ebenezer-016-017-reconciliation-2026-09-12/historical-packet/baseline/EB-PDF-016/inputs/candidate.txt",
                  "sha256": "185174f584de1898fdaeea980f7d7ade8f3546ac8406a75d77cddaf6f1cdd30c"
                }
              ]
            },
            {
              "column_start": 2,
              "column_span": 1,
              "text": "Unit",
              "status": "native_bound_visible_text",
              "native_spans": [
                {
                  "physical_page": 2,
                  "text": "Unit \n",
                  "native_start": 1650,
                  "native_end": 1656,
                  "candidate_native_offset": 2833,
                  "candidate_start": 4483,
                  "candidate_end": 4489,
                  "candidate_path": "/private/tmp/geode-clean-archive-2f2b450/research/local_review/ebenezer-016-017-reconciliation-2026-09-12/historical-packet/baseline/EB-PDF-016/inputs/candidate.txt",
                  "sha256": "fa4f120c4a493e3e3c66cab9c58adcdf56ce1f2b4bfe7189c7195dd659086cdf"
                }
              ]
            },
            {
              "column_start": 3,
              "column_span": 1,
              "text": "",
              "status": "visually_blank",
              "native_spans": []
            },
            {
              "column_start": 4,
              "column_span": 1,
              "text": "",
              "status": "visually_blank",
              "native_spans": []
            },
            {
              "column_start": 5,
              "column_span": 1,
              "text": "",
              "status": "visually_blank",
              "native_spans": []
            }
          ]
        }
      ],
      "table_headings": [],
      "association_notes": [
        "Residential rows are merged across the use and unit columns; no unprinted per-dwelling unit is supplied.",
        "Park and Trails group labels merge the first two columns; their numeric group-header cells are blank.",
        "Four visibly blank separator bands have no native text. The Trails separator includes the taller lower whitespace beneath its final row.",
        "Commercial units preserve the source abbreviation 1,000 Sq. Ft of Building. Storm Drainage preserves Per Impervious Square Foot and three-decimal dollar values."
      ],
      "page_image_path": "/private/tmp/geode-clean-archive-2f2b450/research/local_review/ebenezer-016-017-reconciliation-2026-09-12/historical-packet/baseline/EB-PDF-016/inputs/page-0002.png"
    },
    {
      "row_id": "police-fee-5",
      "physical_page": 2,
      "role": "fee",
      "cells": [
        {
          "column_start": 1,
          "column_span": 1,
          "text": "Retail/Restaurant",
          "status": "native_bound_visible_text",
          "native_spans": [
            {
              "physical_page": 2,
              "text": "Retail/Restaurant \n",
              "native_start": 2010,
              "native_end": 2029,
              "candidate_native_offset": 2833,
              "candidate_start": 4843,
              "candidate_end": 4862,
              "candidate_path": "/private/tmp/geode-clean-archive-2f2b450/research/local_review/ebenezer-016-017-reconciliation-2026-09-12/historical-packet/baseline/EB-PDF-016/inputs/candidate.txt",
              "sha256": "1d969e1af92128939a518e83b7d93c06f8a00e5c9d60db7cdcbb13784ce14072"
            }
          ]
        },
        {
          "column_start": 2,
          "column_span": 1,
          "text": "1,000 Sq. Ft of Building",
          "status": "native_bound_visible_text",
          "native_spans": [
            {
              "physical_page": 2,
              "text": "1,000 Sq. Ft of Building \n",
              "native_start": 2029,
              "native_end": 2055,
              "candidate_native_offset": 2833,
              "candidate_start": 4862,
              "candidate_end": 4888,
              "candidate_path": "/private/tmp/geode-clean-archive-2f2b450/research/local_review/ebenezer-016-017-reconciliation-2026-09-12/historical-packet/baseline/EB-PDF-016/inputs/candidate.txt",
              "sha256": "66b176a6e9682e611b0dbdfbf9291ca8dc0c6481aec04b28d0cc6b33978668ac"
            }
          ]
        },
        {
          "column_start": 3,
          "column_span": 1,
          "text": "$1,004",
          "status": "native_bound_visible_text",
          "native_spans": [
            {
              "physical_page": 2,
              "text": "$1,004 \n",
              "native_start": 2055,
              "native_end": 2063,
              "candidate_native_offset": 2833,
              "candidate_start": 4888,
              "candidate_end": 4896,
              "candidate_path": "/private/tmp/geode-clean-archive-2f2b450/research/local_review/ebenezer-016-017-reconciliation-2026-09-12/historical-packet/baseline/EB-PDF-016/inputs/candidate.txt",
              "sha256": "1b0de3b674282a3bfc1ff3a7ac6c6dc9f510fac76c3ec882ce2c2d2c06e7b5fe"
            }
          ]
        },
        {
          "column_start": 4,
          "column_span": 1,
          "text": "-2.09%",
          "status": "native_bound_visible_text",
          "native_spans": [
            {
              "physical_page": 2,
              "text": "-2.09% \n",
              "native_start": 2063,
              "native_end": 2071,
              "candidate_native_offset": 2833,
              "candidate_start": 4896,
              "candidate_end": 4904,
              "candidate_path": "/private/tmp/geode-clean-archive-2f2b450/research/local_review/ebenezer-016-017-reconciliation-2026-09-12/historical-packet/baseline/EB-PDF-016/inputs/candidate.txt",
              "sha256": "e3707eccdc84724e36afb4ea0924a1b79ded39e04fb61dcd4dd226cd4e516840"
            }
          ]
        },
        {
          "column_start": 5,
          "column_span": 1,
          "text": "$983",
          "status": "native_bound_visible_text",
          "native_spans": [
            {
              "physical_page": 2,
              "text": "$983 \n",
              "native_start": 2071,
              "native_end": 2077,
              "candidate_native_offset": 2833,
              "candidate_start": 4904,
              "candidate_end": 4910,
              "candidate_path": "/private/tmp/geode-clean-archive-2f2b450/research/local_review/ebenezer-016-017-reconciliation-2026-09-12/historical-packet/baseline/EB-PDF-016/inputs/candidate.txt",
              "sha256": "2a076efe6ecdb85310de59c0eeb4774c211d0be2c7a51253850ac53173d5dfaa"
            }
          ]
        }
      ],
      "table_id": "fees-page-2",
      "column_roles": [
        "Fee structure / use category",
        "Unit (residential rows merge columns 1–2 and include heated living space in their labels)",
        "2025 Fee",
        "% Change",
        "2026 Fee"
      ],
      "column_headers": [
        {
          "row_id": "fees-column-header",
          "physical_page": 2,
          "role": "column_header",
          "cells": [
            {
              "column_start": 1,
              "column_span": 2,
              "text": "Fee Structure",
              "status": "native_bound_visible_text",
              "native_spans": [
                {
                  "physical_page": 2,
                  "text": "Fee Structure \n",
                  "native_start": 1578,
                  "native_end": 1593,
                  "candidate_native_offset": 2833,
                  "candidate_start": 4411,
                  "candidate_end": 4426,
                  "candidate_path": "/private/tmp/geode-clean-archive-2f2b450/research/local_review/ebenezer-016-017-reconciliation-2026-09-12/historical-packet/baseline/EB-PDF-016/inputs/candidate.txt",
                  "sha256": "d0e110ba37b30f8afb170152005731f3d2cfc9ae6f41a32e1065c83f2d8d6a08"
                }
              ]
            },
            {
              "column_start": 3,
              "column_span": 1,
              "text": "2025 Fee",
              "status": "native_bound_visible_text",
              "native_spans": [
                {
                  "physical_page": 2,
                  "text": "2025 \n",
                  "native_start": 1593,
                  "native_end": 1599,
                  "candidate_native_offset": 2833,
                  "candidate_start": 4426,
                  "candidate_end": 4432,
                  "candidate_path": "/private/tmp/geode-clean-archive-2f2b450/research/local_review/ebenezer-016-017-reconciliation-2026-09-12/historical-packet/baseline/EB-PDF-016/inputs/candidate.txt",
                  "sha256": "4929c5f380db4e4e64244bb1627a910fe3e865746286961c3dcce2ed1254d609"
                },
                {
                  "physical_page": 2,
                  "text": "Fee \n",
                  "native_start": 1608,
                  "native_end": 1613,
                  "candidate_native_offset": 2833,
                  "candidate_start": 4441,
                  "candidate_end": 4446,
                  "candidate_path": "/private/tmp/geode-clean-archive-2f2b450/research/local_review/ebenezer-016-017-reconciliation-2026-09-12/historical-packet/baseline/EB-PDF-016/inputs/candidate.txt",
                  "sha256": "625c42035f628b130c7d9bfb932180403f60f0619339980ea4a35dcf1d9bd2f3"
                }
              ]
            },
            {
              "column_start": 4,
              "column_span": 1,
              "text": "% Change",
              "status": "native_bound_visible_text",
              "native_spans": [
                {
                  "physical_page": 2,
                  "text": "% \n",
                  "native_start": 1599,
                  "native_end": 1602,
                  "candidate_native_offset": 2833,
                  "candidate_start": 4432,
                  "candidate_end": 4435,
                  "candidate_path": "/private/tmp/geode-clean-archive-2f2b450/research/local_review/ebenezer-016-017-reconciliation-2026-09-12/historical-packet/baseline/EB-PDF-016/inputs/candidate.txt",
                  "sha256": "d39cf8cfab20e2e5431c71eb0b51aaa80741de7e28bc5af488e5de1239a068fb"
                },
                {
                  "physical_page": 2,
                  "text": "Change \n",
                  "native_start": 1613,
                  "native_end": 1621,
                  "candidate_native_offset": 2833,
                  "candidate_start": 4446,
                  "candidate_end": 4454,
                  "candidate_path": "/private/tmp/geode-clean-archive-2f2b450/research/local_review/ebenezer-016-017-reconciliation-2026-09-12/historical-packet/baseline/EB-PDF-016/inputs/candidate.txt",
                  "sha256": "e87df8642f6080a43657a54d0976ebb1dde4c9970ae84b2e36ef20e0c0f5df13"
                }
              ]
            },
            {
              "column_start": 5,
              "column_span": 1,
              "text": "2026 Fee",
              "status": "native_bound_visible_text",
              "native_spans": [
                {
                  "physical_page": 2,
                  "text": "2026 \n",
                  "native_start": 1602,
                  "native_end": 1608,
                  "candidate_native_offset": 2833,
                  "candidate_start": 4435,
                  "candidate_end": 4441,
                  "candidate_path": "/private/tmp/geode-clean-archive-2f2b450/research/local_review/ebenezer-016-017-reconciliation-2026-09-12/historical-packet/baseline/EB-PDF-016/inputs/candidate.txt",
                  "sha256": "c4362841f1265ed47991baebd539e7e82362332883e9f483aff1dd0c72c6164d"
                },
                {
                  "physical_page": 2,
                  "text": "Fee \n",
                  "native_start": 1621,
                  "native_end": 1626,
                  "candidate_native_offset": 2833,
                  "candidate_start": 4454,
                  "candidate_end": 4459,
                  "candidate_path": "/private/tmp/geode-clean-archive-2f2b450/research/local_review/ebenezer-016-017-reconciliation-2026-09-12/historical-packet/baseline/EB-PDF-016/inputs/candidate.txt",
                  "sha256": "625c42035f628b130c7d9bfb932180403f60f0619339980ea4a35dcf1d9bd2f3"
                }
              ]
            }
          ]
        }
      ],
      "group_headers": [
        {
          "row_id": "police-header",
          "physical_page": 2,
          "role": "group_header",
          "cells": [
            {
              "column_start": 1,
              "column_span": 1,
              "text": "Police Development Fee",
              "status": "native_bound_visible_text",
              "native_spans": [
                {
                  "physical_page": 2,
                  "text": "Police Development Fee \n",
                  "native_start": 1626,
                  "native_end": 1650,
                  "candidate_native_offset": 2833,
                  "candidate_start": 4459,
                  "candidate_end": 4483,
                  "candidate_path": "/private/tmp/geode-clean-archive-2f2b450/research/local_review/ebenezer-016-017-reconciliation-2026-09-12/historical-packet/baseline/EB-PDF-016/inputs/candidate.txt",
                  "sha256": "185174f584de1898fdaeea980f7d7ade8f3546ac8406a75d77cddaf6f1cdd30c"
                }
              ]
            },
            {
              "column_start": 2,
              "column_span": 1,
              "text": "Unit",
              "status": "native_bound_visible_text",
              "native_spans": [
                {
                  "physical_page": 2,
                  "text": "Unit \n",
                  "native_start": 1650,
                  "native_end": 1656,
                  "candidate_native_offset": 2833,
                  "candidate_start": 4483,
                  "candidate_end": 4489,
                  "candidate_path": "/private/tmp/geode-clean-archive-2f2b450/research/local_review/ebenezer-016-017-reconciliation-2026-09-12/historical-packet/baseline/EB-PDF-016/inputs/candidate.txt",
                  "sha256": "fa4f120c4a493e3e3c66cab9c58adcdf56ce1f2b4bfe7189c7195dd659086cdf"
                }
              ]
            },
            {
              "column_start": 3,
              "column_span": 1,
              "text": "",
              "status": "visually_blank",
              "native_spans": []
            },
            {
              "column_start": 4,
              "column_span": 1,
              "text": "",
              "status": "visually_blank",
              "native_spans": []
            },
            {
              "column_start": 5,
              "column_span": 1,
              "text": "",
              "status": "visually_blank",
              "native_spans": []
            }
          ]
        }
      ],
      "table_headings": [],
      "association_notes": [
        "Residential rows are merged across the use and unit columns; no unprinted per-dwelling unit is supplied.",
        "Park and Trails group labels merge the first two columns; their numeric group-header cells are blank.",
        "Four visibly blank separator bands have no native text. The Trails separator includes the taller lower whitespace beneath its final row.",
        "Commercial units preserve the source abbreviation 1,000 Sq. Ft of Building. Storm Drainage preserves Per Impervious Square Foot and three-decimal dollar values."
      ],
      "page_image_path": "/private/tmp/geode-clean-archive-2f2b450/research/local_review/ebenezer-016-017-reconciliation-2026-09-12/historical-packet/baseline/EB-PDF-016/inputs/page-0002.png"
    },
    {
      "row_id": "police-fee-6",
      "physical_page": 2,
      "role": "fee",
      "cells": [
        {
          "column_start": 1,
          "column_span": 1,
          "text": "Office & Other Services",
          "status": "native_bound_visible_text",
          "native_spans": [
            {
              "physical_page": 2,
              "text": "Office & Other Services \n",
              "native_start": 2077,
              "native_end": 2102,
              "candidate_native_offset": 2833,
              "candidate_start": 4910,
              "candidate_end": 4935,
              "candidate_path": "/private/tmp/geode-clean-archive-2f2b450/research/local_review/ebenezer-016-017-reconciliation-2026-09-12/historical-packet/baseline/EB-PDF-016/inputs/candidate.txt",
              "sha256": "54894684a89123266bd46707b0aa284bae172f1fd351655698d4477393bbf844"
            }
          ]
        },
        {
          "column_start": 2,
          "column_span": 1,
          "text": "1,000 Sq. Ft of Building",
          "status": "native_bound_visible_text",
          "native_spans": [
            {
              "physical_page": 2,
              "text": "1,000 Sq. Ft of Building \n",
              "native_start": 2102,
              "native_end": 2128,
              "candidate_native_offset": 2833,
              "candidate_start": 4935,
              "candidate_end": 4961,
              "candidate_path": "/private/tmp/geode-clean-archive-2f2b450/research/local_review/ebenezer-016-017-reconciliation-2026-09-12/historical-packet/baseline/EB-PDF-016/inputs/candidate.txt",
              "sha256": "66b176a6e9682e611b0dbdfbf9291ca8dc0c6481aec04b28d0cc6b33978668ac"
            }
          ]
        },
        {
          "column_start": 3,
          "column_span": 1,
          "text": "$539",
          "status": "native_bound_visible_text",
          "native_spans": [
            {
              "physical_page": 2,
              "text": "$539 \n",
              "native_start": 2128,
              "native_end": 2134,
              "candidate_native_offset": 2833,
              "candidate_start": 4961,
              "candidate_end": 4967,
              "candidate_path": "/private/tmp/geode-clean-archive-2f2b450/research/local_review/ebenezer-016-017-reconciliation-2026-09-12/historical-packet/baseline/EB-PDF-016/inputs/candidate.txt",
              "sha256": "bed5ed94cc724cf9a34b2786175ba01720da021a833590cc418fa2ba07935e28"
            }
          ]
        },
        {
          "column_start": 4,
          "column_span": 1,
          "text": "-2.04%",
          "status": "native_bound_visible_text",
          "native_spans": [
            {
              "physical_page": 2,
              "text": "-2.04% \n",
              "native_start": 2134,
              "native_end": 2142,
              "candidate_native_offset": 2833,
              "candidate_start": 4967,
              "candidate_end": 4975,
              "candidate_path": "/private/tmp/geode-clean-archive-2f2b450/research/local_review/ebenezer-016-017-reconciliation-2026-09-12/historical-packet/baseline/EB-PDF-016/inputs/candidate.txt",
              "sha256": "30fb63081fd9c0fc98b74e7922b6e96070a39478a942680fef685aeaeb622b17"
            }
          ]
        },
        {
          "column_start": 5,
          "column_span": 1,
          "text": "$528",
          "status": "native_bound_visible_text",
          "native_spans": [
            {
              "physical_page": 2,
              "text": "$528 \n",
              "native_start": 2142,
              "native_end": 2148,
              "candidate_native_offset": 2833,
              "candidate_start": 4975,
              "candidate_end": 4981,
              "candidate_path": "/private/tmp/geode-clean-archive-2f2b450/research/local_review/ebenezer-016-017-reconciliation-2026-09-12/historical-packet/baseline/EB-PDF-016/inputs/candidate.txt",
              "sha256": "33784b622b002822415ca27cf9bed822cae5ecb8b1477df3dcf2f83af631720f"
            }
          ]
        }
      ],
      "table_id": "fees-page-2",
      "column_roles": [
        "Fee structure / use category",
        "Unit (residential rows merge columns 1–2 and include heated living space in their labels)",
        "2025 Fee",
        "% Change",
        "2026 Fee"
      ],
      "column_headers": [
        {
          "row_id": "fees-column-header",
          "physical_page": 2,
          "role": "column_header",
          "cells": [
            {
              "column_start": 1,
              "column_span": 2,
              "text": "Fee Structure",
              "status": "native_bound_visible_text",
              "native_spans": [
                {
                  "physical_page": 2,
                  "text": "Fee Structure \n",
                  "native_start": 1578,
                  "native_end": 1593,
                  "candidate_native_offset": 2833,
                  "candidate_start": 4411,
                  "candidate_end": 4426,
                  "candidate_path": "/private/tmp/geode-clean-archive-2f2b450/research/local_review/ebenezer-016-017-reconciliation-2026-09-12/historical-packet/baseline/EB-PDF-016/inputs/candidate.txt",
                  "sha256": "d0e110ba37b30f8afb170152005731f3d2cfc9ae6f41a32e1065c83f2d8d6a08"
                }
              ]
            },
            {
              "column_start": 3,
              "column_span": 1,
              "text": "2025 Fee",
              "status": "native_bound_visible_text",
              "native_spans": [
                {
                  "physical_page": 2,
                  "text": "2025 \n",
                  "native_start": 1593,
                  "native_end": 1599,
                  "candidate_native_offset": 2833,
                  "candidate_start": 4426,
                  "candidate_end": 4432,
                  "candidate_path": "/private/tmp/geode-clean-archive-2f2b450/research/local_review/ebenezer-016-017-reconciliation-2026-09-12/historical-packet/baseline/EB-PDF-016/inputs/candidate.txt",
                  "sha256": "4929c5f380db4e4e64244bb1627a910fe3e865746286961c3dcce2ed1254d609"
                },
                {
                  "physical_page": 2,
                  "text": "Fee \n",
                  "native_start": 1608,
                  "native_end": 1613,
                  "candidate_native_offset": 2833,
                  "candidate_start": 4441,
                  "candidate_end": 4446,
                  "candidate_path": "/private/tmp/geode-clean-archive-2f2b450/research/local_review/ebenezer-016-017-reconciliation-2026-09-12/historical-packet/baseline/EB-PDF-016/inputs/candidate.txt",
                  "sha256": "625c42035f628b130c7d9bfb932180403f60f0619339980ea4a35dcf1d9bd2f3"
                }
              ]
            },
            {
              "column_start": 4,
              "column_span": 1,
              "text": "% Change",
              "status": "native_bound_visible_text",
              "native_spans": [
                {
                  "physical_page": 2,
                  "text": "% \n",
                  "native_start": 1599,
                  "native_end": 1602,
                  "candidate_native_offset": 2833,
                  "candidate_start": 4432,
                  "candidate_end": 4435,
                  "candidate_path": "/private/tmp/geode-clean-archive-2f2b450/research/local_review/ebenezer-016-017-reconciliation-2026-09-12/historical-packet/baseline/EB-PDF-016/inputs/candidate.txt",
                  "sha256": "d39cf8cfab20e2e5431c71eb0b51aaa80741de7e28bc5af488e5de1239a068fb"
                },
                {
                  "physical_page": 2,
                  "text": "Change \n",
                  "native_start": 1613,
                  "native_end": 1621,
                  "candidate_native_offset": 2833,
                  "candidate_start": 4446,
                  "candidate_end": 4454,
                  "candidate_path": "/private/tmp/geode-clean-archive-2f2b450/research/local_review/ebenezer-016-017-reconciliation-2026-09-12/historical-packet/baseline/EB-PDF-016/inputs/candidate.txt",
                  "sha256": "e87df8642f6080a43657a54d0976ebb1dde4c9970ae84b2e36ef20e0c0f5df13"
                }
              ]
            },
            {
              "column_start": 5,
              "column_span": 1,
              "text": "2026 Fee",
              "status": "native_bound_visible_text",
              "native_spans": [
                {
                  "physical_page": 2,
                  "text": "2026 \n",
                  "native_start": 1602,
                  "native_end": 1608,
                  "candidate_native_offset": 2833,
                  "candidate_start": 4435,
                  "candidate_end": 4441,
                  "candidate_path": "/private/tmp/geode-clean-archive-2f2b450/research/local_review/ebenezer-016-017-reconciliation-2026-09-12/historical-packet/baseline/EB-PDF-016/inputs/candidate.txt",
                  "sha256": "c4362841f1265ed47991baebd539e7e82362332883e9f483aff1dd0c72c6164d"
                },
                {
                  "physical_page": 2,
                  "text": "Fee \n",
                  "native_start": 1621,
                  "native_end": 1626,
                  "candidate_native_offset": 2833,
                  "candidate_start": 4454,
                  "candidate_end": 4459,
                  "candidate_path": "/private/tmp/geode-clean-archive-2f2b450/research/local_review/ebenezer-016-017-reconciliation-2026-09-12/historical-packet/baseline/EB-PDF-016/inputs/candidate.txt",
                  "sha256": "625c42035f628b130c7d9bfb932180403f60f0619339980ea4a35dcf1d9bd2f3"
                }
              ]
            }
          ]
        }
      ],
      "group_headers": [
        {
          "row_id": "police-header",
          "physical_page": 2,
          "role": "group_header",
          "cells": [
            {
              "column_start": 1,
              "column_span": 1,
              "text": "Police Development Fee",
              "status": "native_bound_visible_text",
              "native_spans": [
                {
                  "physical_page": 2,
                  "text": "Police Development Fee \n",
                  "native_start": 1626,
                  "native_end": 1650,
                  "candidate_native_offset": 2833,
                  "candidate_start": 4459,
                  "candidate_end": 4483,
                  "candidate_path": "/private/tmp/geode-clean-archive-2f2b450/research/local_review/ebenezer-016-017-reconciliation-2026-09-12/historical-packet/baseline/EB-PDF-016/inputs/candidate.txt",
                  "sha256": "185174f584de1898fdaeea980f7d7ade8f3546ac8406a75d77cddaf6f1cdd30c"
                }
              ]
            },
            {
              "column_start": 2,
              "column_span": 1,
              "text": "Unit",
              "status": "native_bound_visible_text",
              "native_spans": [
                {
                  "physical_page": 2,
                  "text": "Unit \n",
                  "native_start": 1650,
                  "native_end": 1656,
                  "candidate_native_offset": 2833,
                  "candidate_start": 4483,
                  "candidate_end": 4489,
                  "candidate_path": "/private/tmp/geode-clean-archive-2f2b450/research/local_review/ebenezer-016-017-reconciliation-2026-09-12/historical-packet/baseline/EB-PDF-016/inputs/candidate.txt",
                  "sha256": "fa4f120c4a493e3e3c66cab9c58adcdf56ce1f2b4bfe7189c7195dd659086cdf"
                }
              ]
            },
            {
              "column_start": 3,
              "column_span": 1,
              "text": "",
              "status": "visually_blank",
              "native_spans": []
            },
            {
              "column_start": 4,
              "column_span": 1,
              "text": "",
              "status": "visually_blank",
              "native_spans": []
            },
            {
              "column_start": 5,
              "column_span": 1,
              "text": "",
              "status": "visually_blank",
              "native_spans": []
            }
          ]
        }
      ],
      "table_headings": [],
      "association_notes": [
        "Residential rows are merged across the use and unit columns; no unprinted per-dwelling unit is supplied.",
        "Park and Trails group labels merge the first two columns; their numeric group-header cells are blank.",
        "Four visibly blank separator bands have no native text. The Trails separator includes the taller lower whitespace beneath its final row.",
        "Commercial units preserve the source abbreviation 1,000 Sq. Ft of Building. Storm Drainage preserves Per Impervious Square Foot and three-decimal dollar values."
      ],
      "page_image_path": "/private/tmp/geode-clean-archive-2f2b450/research/local_review/ebenezer-016-017-reconciliation-2026-09-12/historical-packet/baseline/EB-PDF-016/inputs/page-0002.png"
    },
    {
      "row_id": "police-fee-7",
      "physical_page": 2,
      "role": "fee",
      "cells": [
        {
          "column_start": 1,
          "column_span": 1,
          "text": "Industrial",
          "status": "native_bound_visible_text",
          "native_spans": [
            {
              "physical_page": 2,
              "text": "Industrial \n",
              "native_start": 2148,
              "native_end": 2160,
              "candidate_native_offset": 2833,
              "candidate_start": 4981,
              "candidate_end": 4993,
              "candidate_path": "/private/tmp/geode-clean-archive-2f2b450/research/local_review/ebenezer-016-017-reconciliation-2026-09-12/historical-packet/baseline/EB-PDF-016/inputs/candidate.txt",
              "sha256": "5b76a5e7abd0cb0329d305d93a9407de9913dff1b340828f7f03b91d5ec28964"
            }
          ]
        },
        {
          "column_start": 2,
          "column_span": 1,
          "text": "1,000 Sq. Ft of Building",
          "status": "native_bound_visible_text",
          "native_spans": [
            {
              "physical_page": 2,
              "text": "1,000 Sq. Ft of Building \n",
              "native_start": 2160,
              "native_end": 2186,
              "candidate_native_offset": 2833,
              "candidate_start": 4993,
              "candidate_end": 5019,
              "candidate_path": "/private/tmp/geode-clean-archive-2f2b450/research/local_review/ebenezer-016-017-reconciliation-2026-09-12/historical-packet/baseline/EB-PDF-016/inputs/candidate.txt",
              "sha256": "66b176a6e9682e611b0dbdfbf9291ca8dc0c6481aec04b28d0cc6b33978668ac"
            }
          ]
        },
        {
          "column_start": 3,
          "column_span": 1,
          "text": "$275",
          "status": "native_bound_visible_text",
          "native_spans": [
            {
              "physical_page": 2,
              "text": "$275 \n",
              "native_start": 2186,
              "native_end": 2192,
              "candidate_native_offset": 2833,
              "candidate_start": 5019,
              "candidate_end": 5025,
              "candidate_path": "/private/tmp/geode-clean-archive-2f2b450/research/local_review/ebenezer-016-017-reconciliation-2026-09-12/historical-packet/baseline/EB-PDF-016/inputs/candidate.txt",
              "sha256": "d95679d15783129d0a1704364d5ff41ad391688dffa6321c297a0040666184cf"
            }
          ]
        },
        {
          "column_start": 4,
          "column_span": 1,
          "text": "-2.18%",
          "status": "native_bound_visible_text",
          "native_spans": [
            {
              "physical_page": 2,
              "text": "-2.18% \n",
              "native_start": 2192,
              "native_end": 2200,
              "candidate_native_offset": 2833,
              "candidate_start": 5025,
              "candidate_end": 5033,
              "candidate_path": "/private/tmp/geode-clean-archive-2f2b450/research/local_review/ebenezer-016-017-reconciliation-2026-09-12/historical-packet/baseline/EB-PDF-016/inputs/candidate.txt",
              "sha256": "84862b5ff641a21b929ff74ac4dc7955a6ff3baea30d1dfbd6cc5d5a1c3de01f"
            }
          ]
        },
        {
          "column_start": 5,
          "column_span": 1,
          "text": "$269",
          "status": "native_bound_visible_text",
          "native_spans": [
            {
              "physical_page": 2,
              "text": "$269 \n",
              "native_start": 2200,
              "native_end": 2206,
              "candidate_native_offset": 2833,
              "candidate_start": 5033,
              "candidate_end": 5039,
              "candidate_path": "/private/tmp/geode-clean-archive-2f2b450/research/local_review/ebenezer-016-017-reconciliation-2026-09-12/historical-packet/baseline/EB-PDF-016/inputs/candidate.txt",
              "sha256": "777163c66feb36eca5b63700ab9c939dc78bd08396867a9529ce1360b124bfa4"
            }
          ]
        }
      ],
      "table_id": "fees-page-2",
      "column_roles": [
        "Fee structure / use category",
        "Unit (residential rows merge columns 1–2 and include heated living space in their labels)",
        "2025 Fee",
        "% Change",
        "2026 Fee"
      ],
      "column_headers": [
        {
          "row_id": "fees-column-header",
          "physical_page": 2,
          "role": "column_header",
          "cells": [
            {
              "column_start": 1,
              "column_span": 2,
              "text": "Fee Structure",
              "status": "native_bound_visible_text",
              "native_spans": [
                {
                  "physical_page": 2,
                  "text": "Fee Structure \n",
                  "native_start": 1578,
                  "native_end": 1593,
                  "candidate_native_offset": 2833,
                  "candidate_start": 4411,
                  "candidate_end": 4426,
                  "candidate_path": "/private/tmp/geode-clean-archive-2f2b450/research/local_review/ebenezer-016-017-reconciliation-2026-09-12/historical-packet/baseline/EB-PDF-016/inputs/candidate.txt",
                  "sha256": "d0e110ba37b30f8afb170152005731f3d2cfc9ae6f41a32e1065c83f2d8d6a08"
                }
              ]
            },
            {
              "column_start": 3,
              "column_span": 1,
              "text": "2025 Fee",
              "status": "native_bound_visible_text",
              "native_spans": [
                {
                  "physical_page": 2,
                  "text": "2025 \n",
                  "native_start": 1593,
                  "native_end": 1599,
                  "candidate_native_offset": 2833,
                  "candidate_start": 4426,
                  "candidate_end": 4432,
                  "candidate_path": "/private/tmp/geode-clean-archive-2f2b450/research/local_review/ebenezer-016-017-reconciliation-2026-09-12/historical-packet/baseline/EB-PDF-016/inputs/candidate.txt",
                  "sha256": "4929c5f380db4e4e64244bb1627a910fe3e865746286961c3dcce2ed1254d609"
                },
                {
                  "physical_page": 2,
                  "text": "Fee \n",
                  "native_start": 1608,
                  "native_end": 1613,
                  "candidate_native_offset": 2833,
                  "candidate_start": 4441,
                  "candidate_end": 4446,
                  "candidate_path": "/private/tmp/geode-clean-archive-2f2b450/research/local_review/ebenezer-016-017-reconciliation-2026-09-12/historical-packet/baseline/EB-PDF-016/inputs/candidate.txt",
                  "sha256": "625c42035f628b130c7d9bfb932180403f60f0619339980ea4a35dcf1d9bd2f3"
                }
              ]
            },
            {
              "column_start": 4,
              "column_span": 1,
              "text": "% Change",
              "status": "native_bound_visible_text",
              "native_spans": [
                {
                  "physical_page": 2,
                  "text": "% \n",
                  "native_start": 1599,
                  "native_end": 1602,
                  "candidate_native_offset": 2833,
                  "candidate_start": 4432,
                  "candidate_end": 4435,
                  "candidate_path": "/private/tmp/geode-clean-archive-2f2b450/research/local_review/ebenezer-016-017-reconciliation-2026-09-12/historical-packet/baseline/EB-PDF-016/inputs/candidate.txt",
                  "sha256": "d39cf8cfab20e2e5431c71eb0b51aaa80741de7e28bc5af488e5de1239a068fb"
                },
                {
                  "physical_page": 2,
                  "text": "Change \n",
                  "native_start": 1613,
                  "native_end": 1621,
                  "candidate_native_offset": 2833,
                  "candidate_start": 4446,
                  "candidate_end": 4454,
                  "candidate_path": "/private/tmp/geode-clean-archive-2f2b450/research/local_review/ebenezer-016-017-reconciliation-2026-09-12/historical-packet/baseline/EB-PDF-016/inputs/candidate.txt",
                  "sha256": "e87df8642f6080a43657a54d0976ebb1dde4c9970ae84b2e36ef20e0c0f5df13"
                }
              ]
            },
            {
              "column_start": 5,
              "column_span": 1,
              "text": "2026 Fee",
              "status": "native_bound_visible_text",
              "native_spans": [
                {
                  "physical_page": 2,
                  "text": "2026 \n",
                  "native_start": 1602,
                  "native_end": 1608,
                  "candidate_native_offset": 2833,
                  "candidate_start": 4435,
                  "candidate_end": 4441,
                  "candidate_path": "/private/tmp/geode-clean-archive-2f2b450/research/local_review/ebenezer-016-017-reconciliation-2026-09-12/historical-packet/baseline/EB-PDF-016/inputs/candidate.txt",
                  "sha256": "c4362841f1265ed47991baebd539e7e82362332883e9f483aff1dd0c72c6164d"
                },
                {
                  "physical_page": 2,
                  "text": "Fee \n",
                  "native_start": 1621,
                  "native_end": 1626,
                  "candidate_native_offset": 2833,
                  "candidate_start": 4454,
                  "candidate_end": 4459,
                  "candidate_path": "/private/tmp/geode-clean-archive-2f2b450/research/local_review/ebenezer-016-017-reconciliation-2026-09-12/historical-packet/baseline/EB-PDF-016/inputs/candidate.txt",
                  "sha256": "625c42035f628b130c7d9bfb932180403f60f0619339980ea4a35dcf1d9bd2f3"
                }
              ]
            }
          ]
        }
      ],
      "group_headers": [
        {
          "row_id": "police-header",
          "physical_page": 2,
          "role": "group_header",
          "cells": [
            {
              "column_start": 1,
              "column_span": 1,
              "text": "Police Development Fee",
              "status": "native_bound_visible_text",
              "native_spans": [
                {
                  "physical_page": 2,
                  "text": "Police Development Fee \n",
                  "native_start": 1626,
                  "native_end": 1650,
                  "candidate_native_offset": 2833,
                  "candidate_start": 4459,
                  "candidate_end": 4483,
                  "candidate_path": "/private/tmp/geode-clean-archive-2f2b450/research/local_review/ebenezer-016-017-reconciliation-2026-09-12/historical-packet/baseline/EB-PDF-016/inputs/candidate.txt",
                  "sha256": "185174f584de1898fdaeea980f7d7ade8f3546ac8406a75d77cddaf6f1cdd30c"
                }
              ]
            },
            {
              "column_start": 2,
              "column_span": 1,
              "text": "Unit",
              "status": "native_bound_visible_text",
              "native_spans": [
                {
                  "physical_page": 2,
                  "text": "Unit \n",
                  "native_start": 1650,
                  "native_end": 1656,
                  "candidate_native_offset": 2833,
                  "candidate_start": 4483,
                  "candidate_end": 4489,
                  "candidate_path": "/private/tmp/geode-clean-archive-2f2b450/research/local_review/ebenezer-016-017-reconciliation-2026-09-12/historical-packet/baseline/EB-PDF-016/inputs/candidate.txt",
                  "sha256": "fa4f120c4a493e3e3c66cab9c58adcdf56ce1f2b4bfe7189c7195dd659086cdf"
                }
              ]
            },
            {
              "column_start": 3,
              "column_span": 1,
              "text": "",
              "status": "visually_blank",
              "native_spans": []
            },
            {
              "column_start": 4,
              "column_span": 1,
              "text": "",
              "status": "visually_blank",
              "native_spans": []
            },
            {
              "column_start": 5,
              "column_span": 1,
              "text": "",
              "status": "visually_blank",
              "native_spans": []
            }
          ]
        }
      ],
      "table_headings": [],
      "association_notes": [
        "Residential rows are merged across the use and unit columns; no unprinted per-dwelling unit is supplied.",
        "Park and Trails group labels merge the first two columns; their numeric group-header cells are blank.",
        "Four visibly blank separator bands have no native text. The Trails separator includes the taller lower whitespace beneath its final row.",
        "Commercial units preserve the source abbreviation 1,000 Sq. Ft of Building. Storm Drainage preserves Per Impervious Square Foot and three-decimal dollar values."
      ],
      "page_image_path": "/private/tmp/geode-clean-archive-2f2b450/research/local_review/ebenezer-016-017-reconciliation-2026-09-12/historical-packet/baseline/EB-PDF-016/inputs/page-0002.png"
    },
    {
      "row_id": "fire-fee-1",
      "physical_page": 2,
      "role": "fee",
      "cells": [
        {
          "column_start": 1,
          "column_span": 2,
          "text": "Residential 1,200 square feet or less of heated living space",
          "status": "native_bound_visible_text",
          "native_spans": [
            {
              "physical_page": 2,
              "text": "Residential 1,200 square feet or less of heated living space \n",
              "native_start": 2234,
              "native_end": 2296,
              "candidate_native_offset": 2833,
              "candidate_start": 5067,
              "candidate_end": 5129,
              "candidate_path": "/private/tmp/geode-clean-archive-2f2b450/research/local_review/ebenezer-016-017-reconciliation-2026-09-12/historical-packet/baseline/EB-PDF-016/inputs/candidate.txt",
              "sha256": "8d219b49a79f8fb2313d2a173de138a91db4b0edf46db4c1f699fa6ae56a4f9c"
            }
          ]
        },
        {
          "column_start": 3,
          "column_span": 1,
          "text": "$409",
          "status": "native_bound_visible_text",
          "native_spans": [
            {
              "physical_page": 2,
              "text": "$409 \n",
              "native_start": 2296,
              "native_end": 2302,
              "candidate_native_offset": 2833,
              "candidate_start": 5129,
              "candidate_end": 5135,
              "candidate_path": "/private/tmp/geode-clean-archive-2f2b450/research/local_review/ebenezer-016-017-reconciliation-2026-09-12/historical-packet/baseline/EB-PDF-016/inputs/candidate.txt",
              "sha256": "1ce9c85c04edf29c511dcf9700dd53b740972fee13375b1fa74d2fc7b381d742"
            }
          ]
        },
        {
          "column_start": 4,
          "column_span": 1,
          "text": "-1.96%",
          "status": "native_bound_visible_text",
          "native_spans": [
            {
              "physical_page": 2,
              "text": "-1.96% \n",
              "native_start": 2302,
              "native_end": 2310,
              "candidate_native_offset": 2833,
              "candidate_start": 5135,
              "candidate_end": 5143,
              "candidate_path": "/private/tmp/geode-clean-archive-2f2b450/research/local_review/ebenezer-016-017-reconciliation-2026-09-12/historical-packet/baseline/EB-PDF-016/inputs/candidate.txt",
              "sha256": "d94a9b690299dde90caeb41238a89bcd4f55466714c680e6a49d069c71a9717e"
            }
          ]
        },
        {
          "column_start": 5,
          "column_span": 1,
          "text": "$401",
          "status": "native_bound_visible_text",
          "native_spans": [
            {
              "physical_page": 2,
              "text": "$401 \n",
              "native_start": 2310,
              "native_end": 2316,
              "candidate_native_offset": 2833,
              "candidate_start": 5143,
              "candidate_end": 5149,
              "candidate_path": "/private/tmp/geode-clean-archive-2f2b450/research/local_review/ebenezer-016-017-reconciliation-2026-09-12/historical-packet/baseline/EB-PDF-016/inputs/candidate.txt",
              "sha256": "0eb355d27e4fa1963174cc0afc4fc411352443d6e53b7ae9a6affdff2c5528d0"
            }
          ]
        }
      ],
      "table_id": "fees-page-2",
      "column_roles": [
        "Fee structure / use category",
        "Unit (residential rows merge columns 1–2 and include heated living space in their labels)",
        "2025 Fee",
        "% Change",
        "2026 Fee"
      ],
      "column_headers": [
        {
          "row_id": "fees-column-header",
          "physical_page": 2,
          "role": "column_header",
          "cells": [
            {
              "column_start": 1,
              "column_span": 2,
              "text": "Fee Structure",
              "status": "native_bound_visible_text",
              "native_spans": [
                {
                  "physical_page": 2,
                  "text": "Fee Structure \n",
                  "native_start": 1578,
                  "native_end": 1593,
                  "candidate_native_offset": 2833,
                  "candidate_start": 4411,
                  "candidate_end": 4426,
                  "candidate_path": "/private/tmp/geode-clean-archive-2f2b450/research/local_review/ebenezer-016-017-reconciliation-2026-09-12/historical-packet/baseline/EB-PDF-016/inputs/candidate.txt",
                  "sha256": "d0e110ba37b30f8afb170152005731f3d2cfc9ae6f41a32e1065c83f2d8d6a08"
                }
              ]
            },
            {
              "column_start": 3,
              "column_span": 1,
              "text": "2025 Fee",
              "status": "native_bound_visible_text",
              "native_spans": [
                {
                  "physical_page": 2,
                  "text": "2025 \n",
                  "native_start": 1593,
                  "native_end": 1599,
                  "candidate_native_offset": 2833,
                  "candidate_start": 4426,
                  "candidate_end": 4432,
                  "candidate_path": "/private/tmp/geode-clean-archive-2f2b450/research/local_review/ebenezer-016-017-reconciliation-2026-09-12/historical-packet/baseline/EB-PDF-016/inputs/candidate.txt",
                  "sha256": "4929c5f380db4e4e64244bb1627a910fe3e865746286961c3dcce2ed1254d609"
                },
                {
                  "physical_page": 2,
                  "text": "Fee \n",
                  "native_start": 1608,
                  "native_end": 1613,
                  "candidate_native_offset": 2833,
                  "candidate_start": 4441,
                  "candidate_end": 4446,
                  "candidate_path": "/private/tmp/geode-clean-archive-2f2b450/research/local_review/ebenezer-016-017-reconciliation-2026-09-12/historical-packet/baseline/EB-PDF-016/inputs/candidate.txt",
                  "sha256": "625c42035f628b130c7d9bfb932180403f60f0619339980ea4a35dcf1d9bd2f3"
                }
              ]
            },
            {
              "column_start": 4,
              "column_span": 1,
              "text": "% Change",
              "status": "native_bound_visible_text",
              "native_spans": [
                {
                  "physical_page": 2,
                  "text": "% \n",
                  "native_start": 1599,
                  "native_end": 1602,
                  "candidate_native_offset": 2833,
                  "candidate_start": 4432,
                  "candidate_end": 4435,
                  "candidate_path": "/private/tmp/geode-clean-archive-2f2b450/research/local_review/ebenezer-016-017-reconciliation-2026-09-12/historical-packet/baseline/EB-PDF-016/inputs/candidate.txt",
                  "sha256": "d39cf8cfab20e2e5431c71eb0b51aaa80741de7e28bc5af488e5de1239a068fb"
                },
                {
                  "physical_page": 2,
                  "text": "Change \n",
                  "native_start": 1613,
                  "native_end": 1621,
                  "candidate_native_offset": 2833,
                  "candidate_start": 4446,
                  "candidate_end": 4454,
                  "candidate_path": "/private/tmp/geode-clean-archive-2f2b450/research/local_review/ebenezer-016-017-reconciliation-2026-09-12/historical-packet/baseline/EB-PDF-016/inputs/candidate.txt",
                  "sha256": "e87df8642f6080a43657a54d0976ebb1dde4c9970ae84b2e36ef20e0c0f5df13"
                }
              ]
            },
            {
              "column_start": 5,
              "column_span": 1,
              "text": "2026 Fee",
              "status": "native_bound_visible_text",
              "native_spans": [
                {
                  "physical_page": 2,
                  "text": "2026 \n",
                  "native_start": 1602,
                  "native_end": 1608,
                  "candidate_native_offset": 2833,
                  "candidate_start": 4435,
                  "candidate_end": 4441,
                  "candidate_path": "/private/tmp/geode-clean-archive-2f2b450/research/local_review/ebenezer-016-017-reconciliation-2026-09-12/historical-packet/baseline/EB-PDF-016/inputs/candidate.txt",
                  "sha256": "c4362841f1265ed47991baebd539e7e82362332883e9f483aff1dd0c72c6164d"
                },
                {
                  "physical_page": 2,
                  "text": "Fee \n",
                  "native_start": 1621,
                  "native_end": 1626,
                  "candidate_native_offset": 2833,
                  "candidate_start": 4454,
                  "candidate_end": 4459,
                  "candidate_path": "/private/tmp/geode-clean-archive-2f2b450/research/local_review/ebenezer-016-017-reconciliation-2026-09-12/historical-packet/baseline/EB-PDF-016/inputs/candidate.txt",
                  "sha256": "625c42035f628b130c7d9bfb932180403f60f0619339980ea4a35dcf1d9bd2f3"
                }
              ]
            }
          ]
        }
      ],
      "group_headers": [
        {
          "row_id": "fire-header",
          "physical_page": 2,
          "role": "group_header",
          "cells": [
            {
              "column_start": 1,
              "column_span": 1,
              "text": "Fire Development Fee",
              "status": "native_bound_visible_text",
              "native_spans": [
                {
                  "physical_page": 2,
                  "text": "Fire Development Fee \n",
                  "native_start": 2206,
                  "native_end": 2228,
                  "candidate_native_offset": 2833,
                  "candidate_start": 5039,
                  "candidate_end": 5061,
                  "candidate_path": "/private/tmp/geode-clean-archive-2f2b450/research/local_review/ebenezer-016-017-reconciliation-2026-09-12/historical-packet/baseline/EB-PDF-016/inputs/candidate.txt",
                  "sha256": "b7406c6c20dbd49599bd7ac380962c1cb929088480db9b569a379d365fd7493e"
                }
              ]
            },
            {
              "column_start": 2,
              "column_span": 1,
              "text": "Unit",
              "status": "native_bound_visible_text",
              "native_spans": [
                {
                  "physical_page": 2,
                  "text": "Unit \n",
                  "native_start": 2228,
                  "native_end": 2234,
                  "candidate_native_offset": 2833,
                  "candidate_start": 5061,
                  "candidate_end": 5067,
                  "candidate_path": "/private/tmp/geode-clean-archive-2f2b450/research/local_review/ebenezer-016-017-reconciliation-2026-09-12/historical-packet/baseline/EB-PDF-016/inputs/candidate.txt",
                  "sha256": "fa4f120c4a493e3e3c66cab9c58adcdf56ce1f2b4bfe7189c7195dd659086cdf"
                }
              ]
            },
            {
              "column_start": 3,
              "column_span": 1,
              "text": "",
              "status": "visually_blank",
              "native_spans": []
            },
            {
              "column_start": 4,
              "column_span": 1,
              "text": "",
              "status": "visually_blank",
              "native_spans": []
            },
            {
              "column_start": 5,
              "column_span": 1,
              "text": "",
              "status": "visually_blank",
              "native_spans": []
            }
          ]
        }
      ],
      "table_headings": [],
      "association_notes": [
        "Residential rows are merged across the use and unit columns; no unprinted per-dwelling unit is supplied.",
        "Park and Trails group labels merge the first two columns; their numeric group-header cells are blank.",
        "Four visibly blank separator bands have no native text. The Trails separator includes the taller lower whitespace beneath its final row.",
        "Commercial units preserve the source abbreviation 1,000 Sq. Ft of Building. Storm Drainage preserves Per Impervious Square Foot and three-decimal dollar values."
      ],
      "page_image_path": "/private/tmp/geode-clean-archive-2f2b450/research/local_review/ebenezer-016-017-reconciliation-2026-09-12/historical-packet/baseline/EB-PDF-016/inputs/page-0002.png"
    },
    {
      "row_id": "fire-fee-2",
      "physical_page": 2,
      "role": "fee",
      "cells": [
        {
          "column_start": 1,
          "column_span": 2,
          "text": "Residential 1,201 square feet to 1,500 square feet of heated living space",
          "status": "native_bound_visible_text",
          "native_spans": [
            {
              "physical_page": 2,
              "text": "Residential 1,201 square feet to 1,500 square feet of heated living space \n",
              "native_start": 2316,
              "native_end": 2391,
              "candidate_native_offset": 2833,
              "candidate_start": 5149,
              "candidate_end": 5224,
              "candidate_path": "/private/tmp/geode-clean-archive-2f2b450/research/local_review/ebenezer-016-017-reconciliation-2026-09-12/historical-packet/baseline/EB-PDF-016/inputs/candidate.txt",
              "sha256": "7e9573fa333cf5f1d9efe0a987d9ba2870a105bd917942aa456f6503da3a16de"
            }
          ]
        },
        {
          "column_start": 3,
          "column_span": 1,
          "text": "$718",
          "status": "native_bound_visible_text",
          "native_spans": [
            {
              "physical_page": 2,
              "text": "$718 \n",
              "native_start": 2391,
              "native_end": 2397,
              "candidate_native_offset": 2833,
              "candidate_start": 5224,
              "candidate_end": 5230,
              "candidate_path": "/private/tmp/geode-clean-archive-2f2b450/research/local_review/ebenezer-016-017-reconciliation-2026-09-12/historical-packet/baseline/EB-PDF-016/inputs/candidate.txt",
              "sha256": "556a491ee06f8cfb7b4352064f6cba6d9f6ff67a2cb0ca121bf9fcf1e4533830"
            }
          ]
        },
        {
          "column_start": 4,
          "column_span": 1,
          "text": "-2.09%",
          "status": "native_bound_visible_text",
          "native_spans": [
            {
              "physical_page": 2,
              "text": "-2.09% \n",
              "native_start": 2397,
              "native_end": 2405,
              "candidate_native_offset": 2833,
              "candidate_start": 5230,
              "candidate_end": 5238,
              "candidate_path": "/private/tmp/geode-clean-archive-2f2b450/research/local_review/ebenezer-016-017-reconciliation-2026-09-12/historical-packet/baseline/EB-PDF-016/inputs/candidate.txt",
              "sha256": "e3707eccdc84724e36afb4ea0924a1b79ded39e04fb61dcd4dd226cd4e516840"
            }
          ]
        },
        {
          "column_start": 5,
          "column_span": 1,
          "text": "$703",
          "status": "native_bound_visible_text",
          "native_spans": [
            {
              "physical_page": 2,
              "text": "$703 \n",
              "native_start": 2405,
              "native_end": 2411,
              "candidate_native_offset": 2833,
              "candidate_start": 5238,
              "candidate_end": 5244,
              "candidate_path": "/private/tmp/geode-clean-archive-2f2b450/research/local_review/ebenezer-016-017-reconciliation-2026-09-12/historical-packet/baseline/EB-PDF-016/inputs/candidate.txt",
              "sha256": "39803398302d1d6f62198b8ff9a09e93f885afb276e0bdf826ef9f4da3956205"
            }
          ]
        }
      ],
      "table_id": "fees-page-2",
      "column_roles": [
        "Fee structure / use category",
        "Unit (residential rows merge columns 1–2 and include heated living space in their labels)",
        "2025 Fee",
        "% Change",
        "2026 Fee"
      ],
      "column_headers": [
        {
          "row_id": "fees-column-header",
          "physical_page": 2,
          "role": "column_header",
          "cells": [
            {
              "column_start": 1,
              "column_span": 2,
              "text": "Fee Structure",
              "status": "native_bound_visible_text",
              "native_spans": [
                {
                  "physical_page": 2,
                  "text": "Fee Structure \n",
                  "native_start": 1578,
                  "native_end": 1593,
                  "candidate_native_offset": 2833,
                  "candidate_start": 4411,
                  "candidate_end": 4426,
                  "candidate_path": "/private/tmp/geode-clean-archive-2f2b450/research/local_review/ebenezer-016-017-reconciliation-2026-09-12/historical-packet/baseline/EB-PDF-016/inputs/candidate.txt",
                  "sha256": "d0e110ba37b30f8afb170152005731f3d2cfc9ae6f41a32e1065c83f2d8d6a08"
                }
              ]
            },
            {
              "column_start": 3,
              "column_span": 1,
              "text": "2025 Fee",
              "status": "native_bound_visible_text",
              "native_spans": [
                {
                  "physical_page": 2,
                  "text": "2025 \n",
                  "native_start": 1593,
                  "native_end": 1599,
                  "candidate_native_offset": 2833,
                  "candidate_start": 4426,
                  "candidate_end": 4432,
                  "candidate_path": "/private/tmp/geode-clean-archive-2f2b450/research/local_review/ebenezer-016-017-reconciliation-2026-09-12/historical-packet/baseline/EB-PDF-016/inputs/candidate.txt",
                  "sha256": "4929c5f380db4e4e64244bb1627a910fe3e865746286961c3dcce2ed1254d609"
                },
                {
                  "physical_page": 2,
                  "text": "Fee \n",
                  "native_start": 1608,
                  "native_end": 1613,
                  "candidate_native_offset": 2833,
                  "candidate_start": 4441,
                  "candidate_end": 4446,
                  "candidate_path": "/private/tmp/geode-clean-archive-2f2b450/research/local_review/ebenezer-016-017-reconciliation-2026-09-12/historical-packet/baseline/EB-PDF-016/inputs/candidate.txt",
                  "sha256": "625c42035f628b130c7d9bfb932180403f60f0619339980ea4a35dcf1d9bd2f3"
                }
              ]
            },
            {
              "column_start": 4,
              "column_span": 1,
              "text": "% Change",
              "status": "native_bound_visible_text",
              "native_spans": [
                {
                  "physical_page": 2,
                  "text": "% \n",
                  "native_start": 1599,
                  "native_end": 1602,
                  "candidate_native_offset": 2833,
                  "candidate_start": 4432,
                  "candidate_end": 4435,
                  "candidate_path": "/private/tmp/geode-clean-archive-2f2b450/research/local_review/ebenezer-016-017-reconciliation-2026-09-12/historical-packet/baseline/EB-PDF-016/inputs/candidate.txt",
                  "sha256": "d39cf8cfab20e2e5431c71eb0b51aaa80741de7e28bc5af488e5de1239a068fb"
                },
                {
                  "physical_page": 2,
                  "text": "Change \n",
                  "native_start": 1613,
                  "native_end": 1621,
                  "candidate_native_offset": 2833,
                  "candidate_start": 4446,
                  "candidate_end": 4454,
                  "candidate_path": "/private/tmp/geode-clean-archive-2f2b450/research/local_review/ebenezer-016-017-reconciliation-2026-09-12/historical-packet/baseline/EB-PDF-016/inputs/candidate.txt",
                  "sha256": "e87df8642f6080a43657a54d0976ebb1dde4c9970ae84b2e36ef20e0c0f5df13"
                }
              ]
            },
            {
              "column_start": 5,
              "column_span": 1,
              "text": "2026 Fee",
              "status": "native_bound_visible_text",
              "native_spans": [
                {
                  "physical_page": 2,
                  "text": "2026 \n",
                  "native_start": 1602,
                  "native_end": 1608,
                  "candidate_native_offset": 2833,
                  "candidate_start": 4435,
                  "candidate_end": 4441,
                  "candidate_path": "/private/tmp/geode-clean-archive-2f2b450/research/local_review/ebenezer-016-017-reconciliation-2026-09-12/historical-packet/baseline/EB-PDF-016/inputs/candidate.txt",
                  "sha256": "c4362841f1265ed47991baebd539e7e82362332883e9f483aff1dd0c72c6164d"
                },
                {
                  "physical_page": 2,
                  "text": "Fee \n",
                  "native_start": 1621,
                  "native_end": 1626,
                  "candidate_native_offset": 2833,
                  "candidate_start": 4454,
                  "candidate_end": 4459,
                  "candidate_path": "/private/tmp/geode-clean-archive-2f2b450/research/local_review/ebenezer-016-017-reconciliation-2026-09-12/historical-packet/baseline/EB-PDF-016/inputs/candidate.txt",
                  "sha256": "625c42035f628b130c7d9bfb932180403f60f0619339980ea4a35dcf1d9bd2f3"
                }
              ]
            }
          ]
        }
      ],
      "group_headers": [
        {
          "row_id": "fire-header",
          "physical_page": 2,
          "role": "group_header",
          "cells": [
            {
              "column_start": 1,
              "column_span": 1,
              "text": "Fire Development Fee",
              "status": "native_bound_visible_text",
              "native_spans": [
                {
                  "physical_page": 2,
                  "text": "Fire Development Fee \n",
                  "native_start": 2206,
                  "native_end": 2228,
                  "candidate_native_offset": 2833,
                  "candidate_start": 5039,
                  "candidate_end": 5061,
                  "candidate_path": "/private/tmp/geode-clean-archive-2f2b450/research/local_review/ebenezer-016-017-reconciliation-2026-09-12/historical-packet/baseline/EB-PDF-016/inputs/candidate.txt",
                  "sha256": "b7406c6c20dbd49599bd7ac380962c1cb929088480db9b569a379d365fd7493e"
                }
              ]
            },
            {
              "column_start": 2,
              "column_span": 1,
              "text": "Unit",
              "status": "native_bound_visible_text",
              "native_spans": [
                {
                  "physical_page": 2,
                  "text": "Unit \n",
                  "native_start": 2228,
                  "native_end": 2234,
                  "candidate_native_offset": 2833,
                  "candidate_start": 5061,
                  "candidate_end": 5067,
                  "candidate_path": "/private/tmp/geode-clean-archive-2f2b450/research/local_review/ebenezer-016-017-reconciliation-2026-09-12/historical-packet/baseline/EB-PDF-016/inputs/candidate.txt",
                  "sha256": "fa4f120c4a493e3e3c66cab9c58adcdf56ce1f2b4bfe7189c7195dd659086cdf"
                }
              ]
            },
            {
              "column_start": 3,
              "column_span": 1,
              "text": "",
              "status": "visually_blank",
              "native_spans": []
            },
            {
              "column_start": 4,
              "column_span": 1,
              "text": "",
              "status": "visually_blank",
              "native_spans": []
            },
            {
              "column_start": 5,
              "column_span": 1,
              "text": "",
              "status": "visually_blank",
              "native_spans": []
            }
          ]
        }
      ],
      "table_headings": [],
      "association_notes": [
        "Residential rows are merged across the use and unit columns; no unprinted per-dwelling unit is supplied.",
        "Park and Trails group labels merge the first two columns; their numeric group-header cells are blank.",
        "Four visibly blank separator bands have no native text. The Trails separator includes the taller lower whitespace beneath its final row.",
        "Commercial units preserve the source abbreviation 1,000 Sq. Ft of Building. Storm Drainage preserves Per Impervious Square Foot and three-decimal dollar values."
      ],
      "page_image_path": "/private/tmp/geode-clean-archive-2f2b450/research/local_review/ebenezer-016-017-reconciliation-2026-09-12/historical-packet/baseline/EB-PDF-016/inputs/page-0002.png"
    },
    {
      "row_id": "fire-fee-3",
      "physical_page": 2,
      "role": "fee",
      "cells": [
        {
          "column_start": 1,
          "column_span": 2,
          "text": "Residential 1,501 square feet to 1,800 square feet of heated living space",
          "status": "native_bound_visible_text",
          "native_spans": [
            {
              "physical_page": 2,
              "text": "Residential 1,501 square feet to 1,800 square feet of heated living space \n",
              "native_start": 2411,
              "native_end": 2486,
              "candidate_native_offset": 2833,
              "candidate_start": 5244,
              "candidate_end": 5319,
              "candidate_path": "/private/tmp/geode-clean-archive-2f2b450/research/local_review/ebenezer-016-017-reconciliation-2026-09-12/historical-packet/baseline/EB-PDF-016/inputs/candidate.txt",
              "sha256": "0192a5279d31498f8444109b23e4ac24a038420c1f3eab7b52dd95ec16bd54a2"
            }
          ]
        },
        {
          "column_start": 3,
          "column_span": 1,
          "text": "$815",
          "status": "native_bound_visible_text",
          "native_spans": [
            {
              "physical_page": 2,
              "text": "$815 \n",
              "native_start": 2486,
              "native_end": 2492,
              "candidate_native_offset": 2833,
              "candidate_start": 5319,
              "candidate_end": 5325,
              "candidate_path": "/private/tmp/geode-clean-archive-2f2b450/research/local_review/ebenezer-016-017-reconciliation-2026-09-12/historical-packet/baseline/EB-PDF-016/inputs/candidate.txt",
              "sha256": "c9a5414f0dfba7ed6c59996e25b8e40c9ed2407ab24b0e07f2ec6697db71d824"
            }
          ]
        },
        {
          "column_start": 4,
          "column_span": 1,
          "text": "-2.09%",
          "status": "native_bound_visible_text",
          "native_spans": [
            {
              "physical_page": 2,
              "text": "-2.09% \n",
              "native_start": 2492,
              "native_end": 2500,
              "candidate_native_offset": 2833,
              "candidate_start": 5325,
              "candidate_end": 5333,
              "candidate_path": "/private/tmp/geode-clean-archive-2f2b450/research/local_review/ebenezer-016-017-reconciliation-2026-09-12/historical-packet/baseline/EB-PDF-016/inputs/candidate.txt",
              "sha256": "e3707eccdc84724e36afb4ea0924a1b79ded39e04fb61dcd4dd226cd4e516840"
            }
          ]
        },
        {
          "column_start": 5,
          "column_span": 1,
          "text": "$798",
          "status": "native_bound_visible_text",
          "native_spans": [
            {
              "physical_page": 2,
              "text": "$798 \n",
              "native_start": 2500,
              "native_end": 2506,
              "candidate_native_offset": 2833,
              "candidate_start": 5333,
              "candidate_end": 5339,
              "candidate_path": "/private/tmp/geode-clean-archive-2f2b450/research/local_review/ebenezer-016-017-reconciliation-2026-09-12/historical-packet/baseline/EB-PDF-016/inputs/candidate.txt",
              "sha256": "16fa23807347aa9c80f898f3afa3be90dbdd878ab9b41cf81c294c6e5214f5f1"
            }
          ]
        }
      ],
      "table_id": "fees-page-2",
      "column_roles": [
        "Fee structure / use category",
        "Unit (residential rows merge columns 1–2 and include heated living space in their labels)",
        "2025 Fee",
        "% Change",
        "2026 Fee"
      ],
      "column_headers": [
        {
          "row_id": "fees-column-header",
          "physical_page": 2,
          "role": "column_header",
          "cells": [
            {
              "column_start": 1,
              "column_span": 2,
              "text": "Fee Structure",
              "status": "native_bound_visible_text",
              "native_spans": [
                {
                  "physical_page": 2,
                  "text": "Fee Structure \n",
                  "native_start": 1578,
                  "native_end": 1593,
                  "candidate_native_offset": 2833,
                  "candidate_start": 4411,
                  "candidate_end": 4426,
                  "candidate_path": "/private/tmp/geode-clean-archive-2f2b450/research/local_review/ebenezer-016-017-reconciliation-2026-09-12/historical-packet/baseline/EB-PDF-016/inputs/candidate.txt",
                  "sha256": "d0e110ba37b30f8afb170152005731f3d2cfc9ae6f41a32e1065c83f2d8d6a08"
                }
              ]
            },
            {
              "column_start": 3,
              "column_span": 1,
              "text": "2025 Fee",
              "status": "native_bound_visible_text",
              "native_spans": [
                {
                  "physical_page": 2,
                  "text": "2025 \n",
                  "native_start": 1593,
                  "native_end": 1599,
                  "candidate_native_offset": 2833,
                  "candidate_start": 4426,
                  "candidate_end": 4432,
                  "candidate_path": "/private/tmp/geode-clean-archive-2f2b450/research/local_review/ebenezer-016-017-reconciliation-2026-09-12/historical-packet/baseline/EB-PDF-016/inputs/candidate.txt",
                  "sha256": "4929c5f380db4e4e64244bb1627a910fe3e865746286961c3dcce2ed1254d609"
                },
                {
                  "physical_page": 2,
                  "text": "Fee \n",
                  "native_start": 1608,
                  "native_end": 1613,
                  "candidate_native_offset": 2833,
                  "candidate_start": 4441,
                  "candidate_end": 4446,
                  "candidate_path": "/private/tmp/geode-clean-archive-2f2b450/research/local_review/ebenezer-016-017-reconciliation-2026-09-12/historical-packet/baseline/EB-PDF-016/inputs/candidate.txt",
                  "sha256": "625c42035f628b130c7d9bfb932180403f60f0619339980ea4a35dcf1d9bd2f3"
                }
              ]
            },
            {
              "column_start": 4,
              "column_span": 1,
              "text": "% Change",
              "status": "native_bound_visible_text",
              "native_spans": [
                {
                  "physical_page": 2,
                  "text": "% \n",
                  "native_start": 1599,
                  "native_end": 1602,
                  "candidate_native_offset": 2833,
                  "candidate_start": 4432,
                  "candidate_end": 4435,
                  "candidate_path": "/private/tmp/geode-clean-archive-2f2b450/research/local_review/ebenezer-016-017-reconciliation-2026-09-12/historical-packet/baseline/EB-PDF-016/inputs/candidate.txt",
                  "sha256": "d39cf8cfab20e2e5431c71eb0b51aaa80741de7e28bc5af488e5de1239a068fb"
                },
                {
                  "physical_page": 2,
                  "text": "Change \n",
                  "native_start": 1613,
                  "native_end": 1621,
                  "candidate_native_offset": 2833,
                  "candidate_start": 4446,
                  "candidate_end": 4454,
                  "candidate_path": "/private/tmp/geode-clean-archive-2f2b450/research/local_review/ebenezer-016-017-reconciliation-2026-09-12/historical-packet/baseline/EB-PDF-016/inputs/candidate.txt",
                  "sha256": "e87df8642f6080a43657a54d0976ebb1dde4c9970ae84b2e36ef20e0c0f5df13"
                }
              ]
            },
            {
              "column_start": 5,
              "column_span": 1,
              "text": "2026 Fee",
              "status": "native_bound_visible_text",
              "native_spans": [
                {
                  "physical_page": 2,
                  "text": "2026 \n",
                  "native_start": 1602,
                  "native_end": 1608,
                  "candidate_native_offset": 2833,
                  "candidate_start": 4435,
                  "candidate_end": 4441,
                  "candidate_path": "/private/tmp/geode-clean-archive-2f2b450/research/local_review/ebenezer-016-017-reconciliation-2026-09-12/historical-packet/baseline/EB-PDF-016/inputs/candidate.txt",
                  "sha256": "c4362841f1265ed47991baebd539e7e82362332883e9f483aff1dd0c72c6164d"
                },
                {
                  "physical_page": 2,
                  "text": "Fee \n",
                  "native_start": 1621,
                  "native_end": 1626,
                  "candidate_native_offset": 2833,
                  "candidate_start": 4454,
                  "candidate_end": 4459,
                  "candidate_path": "/private/tmp/geode-clean-archive-2f2b450/research/local_review/ebenezer-016-017-reconciliation-2026-09-12/historical-packet/baseline/EB-PDF-016/inputs/candidate.txt",
                  "sha256": "625c42035f628b130c7d9bfb932180403f60f0619339980ea4a35dcf1d9bd2f3"
                }
              ]
            }
          ]
        }
      ],
      "group_headers": [
        {
          "row_id": "fire-header",
          "physical_page": 2,
          "role": "group_header",
          "cells": [
            {
              "column_start": 1,
              "column_span": 1,
              "text": "Fire Development Fee",
              "status": "native_bound_visible_text",
              "native_spans": [
                {
                  "physical_page": 2,
                  "text": "Fire Development Fee \n",
                  "native_start": 2206,
                  "native_end": 2228,
                  "candidate_native_offset": 2833,
                  "candidate_start": 5039,
                  "candidate_end": 5061,
                  "candidate_path": "/private/tmp/geode-clean-archive-2f2b450/research/local_review/ebenezer-016-017-reconciliation-2026-09-12/historical-packet/baseline/EB-PDF-016/inputs/candidate.txt",
                  "sha256": "b7406c6c20dbd49599bd7ac380962c1cb929088480db9b569a379d365fd7493e"
                }
              ]
            },
            {
              "column_start": 2,
              "column_span": 1,
              "text": "Unit",
              "status": "native_bound_visible_text",
              "native_spans": [
                {
                  "physical_page": 2,
                  "text": "Unit \n",
                  "native_start": 2228,
                  "native_end": 2234,
                  "candidate_native_offset": 2833,
                  "candidate_start": 5061,
                  "candidate_end": 5067,
                  "candidate_path": "/private/tmp/geode-clean-archive-2f2b450/research/local_review/ebenezer-016-017-reconciliation-2026-09-12/historical-packet/baseline/EB-PDF-016/inputs/candidate.txt",
                  "sha256": "fa4f120c4a493e3e3c66cab9c58adcdf56ce1f2b4bfe7189c7195dd659086cdf"
                }
              ]
            },
            {
              "column_start": 3,
              "column_span": 1,
              "text": "",
              "status": "visually_blank",
              "native_spans": []
            },
            {
              "column_start": 4,
              "column_span": 1,
              "text": "",
              "status": "visually_blank",
              "native_spans": []
            },
            {
              "column_start": 5,
              "column_span": 1,
              "text": "",
              "status": "visually_blank",
              "native_spans": []
            }
          ]
        }
      ],
      "table_headings": [],
      "association_notes": [
        "Residential rows are merged across the use and unit columns; no unprinted per-dwelling unit is supplied.",
        "Park and Trails group labels merge the first two columns; their numeric group-header cells are blank.",
        "Four visibly blank separator bands have no native text. The Trails separator includes the taller lower whitespace beneath its final row.",
        "Commercial units preserve the source abbreviation 1,000 Sq. Ft of Building. Storm Drainage preserves Per Impervious Square Foot and three-decimal dollar values."
      ],
      "page_image_path": "/private/tmp/geode-clean-archive-2f2b450/research/local_review/ebenezer-016-017-reconciliation-2026-09-12/historical-packet/baseline/EB-PDF-016/inputs/page-0002.png"
    },
    {
      "row_id": "fire-fee-4",
      "physical_page": 2,
      "role": "fee",
      "cells": [
        {
          "column_start": 1,
          "column_span": 2,
          "text": "Residential 1,801 square feet or more of heated living space",
          "status": "native_bound_visible_text",
          "native_spans": [
            {
              "physical_page": 2,
              "text": "Residential 1,801 square feet or more of heated living space \n",
              "native_start": 2506,
              "native_end": 2568,
              "candidate_native_offset": 2833,
              "candidate_start": 5339,
              "candidate_end": 5401,
              "candidate_path": "/private/tmp/geode-clean-archive-2f2b450/research/local_review/ebenezer-016-017-reconciliation-2026-09-12/historical-packet/baseline/EB-PDF-016/inputs/candidate.txt",
              "sha256": "4bb03537efdd9641317d0bc8953294a02263c20a67ed1ce4c269c6faa4845776"
            }
          ]
        },
        {
          "column_start": 3,
          "column_span": 1,
          "text": "$869",
          "status": "native_bound_visible_text",
          "native_spans": [
            {
              "physical_page": 2,
              "text": "$869 \n",
              "native_start": 2568,
              "native_end": 2574,
              "candidate_native_offset": 2833,
              "candidate_start": 5401,
              "candidate_end": 5407,
              "candidate_path": "/private/tmp/geode-clean-archive-2f2b450/research/local_review/ebenezer-016-017-reconciliation-2026-09-12/historical-packet/baseline/EB-PDF-016/inputs/candidate.txt",
              "sha256": "584b266cfe3b9905aa37d4efde5a865a1289bbe704255c824044923336246e28"
            }
          ]
        },
        {
          "column_start": 4,
          "column_span": 1,
          "text": "-2.07%",
          "status": "native_bound_visible_text",
          "native_spans": [
            {
              "physical_page": 2,
              "text": "-2.07% \n",
              "native_start": 2574,
              "native_end": 2582,
              "candidate_native_offset": 2833,
              "candidate_start": 5407,
              "candidate_end": 5415,
              "candidate_path": "/private/tmp/geode-clean-archive-2f2b450/research/local_review/ebenezer-016-017-reconciliation-2026-09-12/historical-packet/baseline/EB-PDF-016/inputs/candidate.txt",
              "sha256": "2e2a167dd6679e0422b321d9212326272715bdbb0ca42540b5725197357952dd"
            }
          ]
        },
        {
          "column_start": 5,
          "column_span": 1,
          "text": "$851",
          "status": "native_bound_visible_text",
          "native_spans": [
            {
              "physical_page": 2,
              "text": "$851 \n",
              "native_start": 2582,
              "native_end": 2588,
              "candidate_native_offset": 2833,
              "candidate_start": 5415,
              "candidate_end": 5421,
              "candidate_path": "/private/tmp/geode-clean-archive-2f2b450/research/local_review/ebenezer-016-017-reconciliation-2026-09-12/historical-packet/baseline/EB-PDF-016/inputs/candidate.txt",
              "sha256": "4e136a36ea575070534e6d088471149ba12606a62f481004ac88336bbd3733be"
            }
          ]
        }
      ],
      "table_id": "fees-page-2",
      "column_roles": [
        "Fee structure / use category",
        "Unit (residential rows merge columns 1–2 and include heated living space in their labels)",
        "2025 Fee",
        "% Change",
        "2026 Fee"
      ],
      "column_headers": [
        {
          "row_id": "fees-column-header",
          "physical_page": 2,
          "role": "column_header",
          "cells": [
            {
              "column_start": 1,
              "column_span": 2,
              "text": "Fee Structure",
              "status": "native_bound_visible_text",
              "native_spans": [
                {
                  "physical_page": 2,
                  "text": "Fee Structure \n",
                  "native_start": 1578,
                  "native_end": 1593,
                  "candidate_native_offset": 2833,
                  "candidate_start": 4411,
                  "candidate_end": 4426,
                  "candidate_path": "/private/tmp/geode-clean-archive-2f2b450/research/local_review/ebenezer-016-017-reconciliation-2026-09-12/historical-packet/baseline/EB-PDF-016/inputs/candidate.txt",
                  "sha256": "d0e110ba37b30f8afb170152005731f3d2cfc9ae6f41a32e1065c83f2d8d6a08"
                }
              ]
            },
            {
              "column_start": 3,
              "column_span": 1,
              "text": "2025 Fee",
              "status": "native_bound_visible_text",
              "native_spans": [
                {
                  "physical_page": 2,
                  "text": "2025 \n",
                  "native_start": 1593,
                  "native_end": 1599,
                  "candidate_native_offset": 2833,
                  "candidate_start": 4426,
                  "candidate_end": 4432,
                  "candidate_path": "/private/tmp/geode-clean-archive-2f2b450/research/local_review/ebenezer-016-017-reconciliation-2026-09-12/historical-packet/baseline/EB-PDF-016/inputs/candidate.txt",
                  "sha256": "4929c5f380db4e4e64244bb1627a910fe3e865746286961c3dcce2ed1254d609"
                },
                {
                  "physical_page": 2,
                  "text": "Fee \n",
                  "native_start": 1608,
                  "native_end": 1613,
                  "candidate_native_offset": 2833,
                  "candidate_start": 4441,
                  "candidate_end": 4446,
                  "candidate_path": "/private/tmp/geode-clean-archive-2f2b450/research/local_review/ebenezer-016-017-reconciliation-2026-09-12/historical-packet/baseline/EB-PDF-016/inputs/candidate.txt",
                  "sha256": "625c42035f628b130c7d9bfb932180403f60f0619339980ea4a35dcf1d9bd2f3"
                }
              ]
            },
            {
              "column_start": 4,
              "column_span": 1,
              "text": "% Change",
              "status": "native_bound_visible_text",
              "native_spans": [
                {
                  "physical_page": 2,
                  "text": "% \n",
                  "native_start": 1599,
                  "native_end": 1602,
                  "candidate_native_offset": 2833,
                  "candidate_start": 4432,
                  "candidate_end": 4435,
                  "candidate_path": "/private/tmp/geode-clean-archive-2f2b450/research/local_review/ebenezer-016-017-reconciliation-2026-09-12/historical-packet/baseline/EB-PDF-016/inputs/candidate.txt",
                  "sha256": "d39cf8cfab20e2e5431c71eb0b51aaa80741de7e28bc5af488e5de1239a068fb"
                },
                {
                  "physical_page": 2,
                  "text": "Change \n",
                  "native_start": 1613,
                  "native_end": 1621,
                  "candidate_native_offset": 2833,
                  "candidate_start": 4446,
                  "candidate_end": 4454,
                  "candidate_path": "/private/tmp/geode-clean-archive-2f2b450/research/local_review/ebenezer-016-017-reconciliation-2026-09-12/historical-packet/baseline/EB-PDF-016/inputs/candidate.txt",
                  "sha256": "e87df8642f6080a43657a54d0976ebb1dde4c9970ae84b2e36ef20e0c0f5df13"
                }
              ]
            },
            {
              "column_start": 5,
              "column_span": 1,
              "text": "2026 Fee",
              "status": "native_bound_visible_text",
              "native_spans": [
                {
                  "physical_page": 2,
                  "text": "2026 \n",
                  "native_start": 1602,
                  "native_end": 1608,
                  "candidate_native_offset": 2833,
                  "candidate_start": 4435,
                  "candidate_end": 4441,
                  "candidate_path": "/private/tmp/geode-clean-archive-2f2b450/research/local_review/ebenezer-016-017-reconciliation-2026-09-12/historical-packet/baseline/EB-PDF-016/inputs/candidate.txt",
                  "sha256": "c4362841f1265ed47991baebd539e7e82362332883e9f483aff1dd0c72c6164d"
                },
                {
                  "physical_page": 2,
                  "text": "Fee \n",
                  "native_start": 1621,
                  "native_end": 1626,
                  "candidate_native_offset": 2833,
                  "candidate_start": 4454,
                  "candidate_end": 4459,
                  "candidate_path": "/private/tmp/geode-clean-archive-2f2b450/research/local_review/ebenezer-016-017-reconciliation-2026-09-12/historical-packet/baseline/EB-PDF-016/inputs/candidate.txt",
                  "sha256": "625c42035f628b130c7d9bfb932180403f60f0619339980ea4a35dcf1d9bd2f3"
                }
              ]
            }
          ]
        }
      ],
      "group_headers": [
        {
          "row_id": "fire-header",
          "physical_page": 2,
          "role": "group_header",
          "cells": [
            {
              "column_start": 1,
              "column_span": 1,
              "text": "Fire Development Fee",
              "status": "native_bound_visible_text",
              "native_spans": [
                {
                  "physical_page": 2,
                  "text": "Fire Development Fee \n",
                  "native_start": 2206,
                  "native_end": 2228,
                  "candidate_native_offset": 2833,
                  "candidate_start": 5039,
                  "candidate_end": 5061,
                  "candidate_path": "/private/tmp/geode-clean-archive-2f2b450/research/local_review/ebenezer-016-017-reconciliation-2026-09-12/historical-packet/baseline/EB-PDF-016/inputs/candidate.txt",
                  "sha256": "b7406c6c20dbd49599bd7ac380962c1cb929088480db9b569a379d365fd7493e"
                }
              ]
            },
            {
              "column_start": 2,
              "column_span": 1,
              "text": "Unit",
              "status": "native_bound_visible_text",
              "native_spans": [
                {
                  "physical_page": 2,
                  "text": "Unit \n",
                  "native_start": 2228,
                  "native_end": 2234,
                  "candidate_native_offset": 2833,
                  "candidate_start": 5061,
                  "candidate_end": 5067,
                  "candidate_path": "/private/tmp/geode-clean-archive-2f2b450/research/local_review/ebenezer-016-017-reconciliation-2026-09-12/historical-packet/baseline/EB-PDF-016/inputs/candidate.txt",
                  "sha256": "fa4f120c4a493e3e3c66cab9c58adcdf56ce1f2b4bfe7189c7195dd659086cdf"
                }
              ]
            },
            {
              "column_start": 3,
              "column_span": 1,
              "text": "",
              "status": "visually_blank",
              "native_spans": []
            },
            {
              "column_start": 4,
              "column_span": 1,
              "text": "",
              "status": "visually_blank",
              "native_spans": []
            },
            {
              "column_start": 5,
              "column_span": 1,
              "text": "",
              "status": "visually_blank",
              "native_spans": []
            }
          ]
        }
      ],
      "table_headings": [],
      "association_notes": [
        "Residential rows are merged across the use and unit columns; no unprinted per-dwelling unit is supplied.",
        "Park and Trails group labels merge the first two columns; their numeric group-header cells are blank.",
        "Four visibly blank separator bands have no native text. The Trails separator includes the taller lower whitespace beneath its final row.",
        "Commercial units preserve the source abbreviation 1,000 Sq. Ft of Building. Storm Drainage preserves Per Impervious Square Foot and three-decimal dollar values."
      ],
      "page_image_path": "/private/tmp/geode-clean-archive-2f2b450/research/local_review/ebenezer-016-017-reconciliation-2026-09-12/historical-packet/baseline/EB-PDF-016/inputs/page-0002.png"
    },
    {
      "row_id": "fire-fee-5",
      "physical_page": 2,
      "role": "fee",
      "cells": [
        {
          "column_start": 1,
          "column_span": 1,
          "text": "Retail/Restaurant",
          "status": "native_bound_visible_text",
          "native_spans": [
            {
              "physical_page": 2,
              "text": "Retail/Restaurant \n",
              "native_start": 2588,
              "native_end": 2607,
              "candidate_native_offset": 2833,
              "candidate_start": 5421,
              "candidate_end": 5440,
              "candidate_path": "/private/tmp/geode-clean-archive-2f2b450/research/local_review/ebenezer-016-017-reconciliation-2026-09-12/historical-packet/baseline/EB-PDF-016/inputs/candidate.txt",
              "sha256": "1d969e1af92128939a518e83b7d93c06f8a00e5c9d60db7cdcbb13784ce14072"
            }
          ]
        },
        {
          "column_start": 2,
          "column_span": 1,
          "text": "1,000 Sq. Ft of Building",
          "status": "native_bound_visible_text",
          "native_spans": [
            {
              "physical_page": 2,
              "text": "1,000 Sq. Ft of Building \n",
              "native_start": 2607,
              "native_end": 2633,
              "candidate_native_offset": 2833,
              "candidate_start": 5440,
              "candidate_end": 5466,
              "candidate_path": "/private/tmp/geode-clean-archive-2f2b450/research/local_review/ebenezer-016-017-reconciliation-2026-09-12/historical-packet/baseline/EB-PDF-016/inputs/candidate.txt",
              "sha256": "66b176a6e9682e611b0dbdfbf9291ca8dc0c6481aec04b28d0cc6b33978668ac"
            }
          ]
        },
        {
          "column_start": 3,
          "column_span": 1,
          "text": "$2,235",
          "status": "native_bound_visible_text",
          "native_spans": [
            {
              "physical_page": 2,
              "text": "$2,235 \n",
              "native_start": 2633,
              "native_end": 2641,
              "candidate_native_offset": 2833,
              "candidate_start": 5466,
              "candidate_end": 5474,
              "candidate_path": "/private/tmp/geode-clean-archive-2f2b450/research/local_review/ebenezer-016-017-reconciliation-2026-09-12/historical-packet/baseline/EB-PDF-016/inputs/candidate.txt",
              "sha256": "e6acfbbbc701209fe76bc029ad05c3085c4322697771448f85f0ab1cf6e5a343"
            }
          ]
        },
        {
          "column_start": 4,
          "column_span": 1,
          "text": "-2.06%",
          "status": "native_bound_visible_text",
          "native_spans": [
            {
              "physical_page": 2,
              "text": "-2.06% \n",
              "native_start": 2641,
              "native_end": 2649,
              "candidate_native_offset": 2833,
              "candidate_start": 5474,
              "candidate_end": 5482,
              "candidate_path": "/private/tmp/geode-clean-archive-2f2b450/research/local_review/ebenezer-016-017-reconciliation-2026-09-12/historical-packet/baseline/EB-PDF-016/inputs/candidate.txt",
              "sha256": "194687c3cf71db71253c5508cadad7450bc391168a693641d2769791beceb014"
            }
          ]
        },
        {
          "column_start": 5,
          "column_span": 1,
          "text": "$2,189",
          "status": "native_bound_visible_text",
          "native_spans": [
            {
              "physical_page": 2,
              "text": "$2,189 \n",
              "native_start": 2649,
              "native_end": 2657,
              "candidate_native_offset": 2833,
              "candidate_start": 5482,
              "candidate_end": 5490,
              "candidate_path": "/private/tmp/geode-clean-archive-2f2b450/research/local_review/ebenezer-016-017-reconciliation-2026-09-12/historical-packet/baseline/EB-PDF-016/inputs/candidate.txt",
              "sha256": "8871f3244f38665f8ce38924302f959625335a469527d31f415a419ef5f97039"
            }
          ]
        }
      ],
      "table_id": "fees-page-2",
      "column_roles": [
        "Fee structure / use category",
        "Unit (residential rows merge columns 1–2 and include heated living space in their labels)",
        "2025 Fee",
        "% Change",
        "2026 Fee"
      ],
      "column_headers": [
        {
          "row_id": "fees-column-header",
          "physical_page": 2,
          "role": "column_header",
          "cells": [
            {
              "column_start": 1,
              "column_span": 2,
              "text": "Fee Structure",
              "status": "native_bound_visible_text",
              "native_spans": [
                {
                  "physical_page": 2,
                  "text": "Fee Structure \n",
                  "native_start": 1578,
                  "native_end": 1593,
                  "candidate_native_offset": 2833,
                  "candidate_start": 4411,
                  "candidate_end": 4426,
                  "candidate_path": "/private/tmp/geode-clean-archive-2f2b450/research/local_review/ebenezer-016-017-reconciliation-2026-09-12/historical-packet/baseline/EB-PDF-016/inputs/candidate.txt",
                  "sha256": "d0e110ba37b30f8afb170152005731f3d2cfc9ae6f41a32e1065c83f2d8d6a08"
                }
              ]
            },
            {
              "column_start": 3,
              "column_span": 1,
              "text": "2025 Fee",
              "status": "native_bound_visible_text",
              "native_spans": [
                {
                  "physical_page": 2,
                  "text": "2025 \n",
                  "native_start": 1593,
                  "native_end": 1599,
                  "candidate_native_offset": 2833,
                  "candidate_start": 4426,
                  "candidate_end": 4432,
                  "candidate_path": "/private/tmp/geode-clean-archive-2f2b450/research/local_review/ebenezer-016-017-reconciliation-2026-09-12/historical-packet/baseline/EB-PDF-016/inputs/candidate.txt",
                  "sha256": "4929c5f380db4e4e64244bb1627a910fe3e865746286961c3dcce2ed1254d609"
                },
                {
                  "physical_page": 2,
                  "text": "Fee \n",
                  "native_start": 1608,
                  "native_end": 1613,
                  "candidate_native_offset": 2833,
                  "candidate_start": 4441,
                  "candidate_end": 4446,
                  "candidate_path": "/private/tmp/geode-clean-archive-2f2b450/research/local_review/ebenezer-016-017-reconciliation-2026-09-12/historical-packet/baseline/EB-PDF-016/inputs/candidate.txt",
                  "sha256": "625c42035f628b130c7d9bfb932180403f60f0619339980ea4a35dcf1d9bd2f3"
                }
              ]
            },
            {
              "column_start": 4,
              "column_span": 1,
              "text": "% Change",
              "status": "native_bound_visible_text",
              "native_spans": [
                {
                  "physical_page": 2,
                  "text": "% \n",
                  "native_start": 1599,
                  "native_end": 1602,
                  "candidate_native_offset": 2833,
                  "candidate_start": 4432,
                  "candidate_end": 4435,
                  "candidate_path": "/private/tmp/geode-clean-archive-2f2b450/research/local_review/ebenezer-016-017-reconciliation-2026-09-12/historical-packet/baseline/EB-PDF-016/inputs/candidate.txt",
                  "sha256": "d39cf8cfab20e2e5431c71eb0b51aaa80741de7e28bc5af488e5de1239a068fb"
                },
                {
                  "physical_page": 2,
                  "text": "Change \n",
                  "native_start": 1613,
                  "native_end": 1621,
                  "candidate_native_offset": 2833,
                  "candidate_start": 4446,
                  "candidate_end": 4454,
                  "candidate_path": "/private/tmp/geode-clean-archive-2f2b450/research/local_review/ebenezer-016-017-reconciliation-2026-09-12/historical-packet/baseline/EB-PDF-016/inputs/candidate.txt",
                  "sha256": "e87df8642f6080a43657a54d0976ebb1dde4c9970ae84b2e36ef20e0c0f5df13"
                }
              ]
            },
            {
              "column_start": 5,
              "column_span": 1,
              "text": "2026 Fee",
              "status": "native_bound_visible_text",
              "native_spans": [
                {
                  "physical_page": 2,
                  "text": "2026 \n",
                  "native_start": 1602,
                  "native_end": 1608,
                  "candidate_native_offset": 2833,
                  "candidate_start": 4435,
                  "candidate_end": 4441,
                  "candidate_path": "/private/tmp/geode-clean-archive-2f2b450/research/local_review/ebenezer-016-017-reconciliation-2026-09-12/historical-packet/baseline/EB-PDF-016/inputs/candidate.txt",
                  "sha256": "c4362841f1265ed47991baebd539e7e82362332883e9f483aff1dd0c72c6164d"
                },
                {
                  "physical_page": 2,
                  "text": "Fee \n",
                  "native_start": 1621,
                  "native_end": 1626,
                  "candidate_native_offset": 2833,
                  "candidate_start": 4454,
                  "candidate_end": 4459,
                  "candidate_path": "/private/tmp/geode-clean-archive-2f2b450/research/local_review/ebenezer-016-017-reconciliation-2026-09-12/historical-packet/baseline/EB-PDF-016/inputs/candidate.txt",
                  "sha256": "625c42035f628b130c7d9bfb932180403f60f0619339980ea4a35dcf1d9bd2f3"
                }
              ]
            }
          ]
        }
      ],
      "group_headers": [
        {
          "row_id": "fire-header",
          "physical_page": 2,
          "role": "group_header",
          "cells": [
            {
              "column_start": 1,
              "column_span": 1,
              "text": "Fire Development Fee",
              "status": "native_bound_visible_text",
              "native_spans": [
                {
                  "physical_page": 2,
                  "text": "Fire Development Fee \n",
                  "native_start": 2206,
                  "native_end": 2228,
                  "candidate_native_offset": 2833,
                  "candidate_start": 5039,
                  "candidate_end": 5061,
                  "candidate_path": "/private/tmp/geode-clean-archive-2f2b450/research/local_review/ebenezer-016-017-reconciliation-2026-09-12/historical-packet/baseline/EB-PDF-016/inputs/candidate.txt",
                  "sha256": "b7406c6c20dbd49599bd7ac380962c1cb929088480db9b569a379d365fd7493e"
                }
              ]
            },
            {
              "column_start": 2,
              "column_span": 1,
              "text": "Unit",
              "status": "native_bound_visible_text",
              "native_spans": [
                {
                  "physical_page": 2,
                  "text": "Unit \n",
                  "native_start": 2228,
                  "native_end": 2234,
                  "candidate_native_offset": 2833,
                  "candidate_start": 5061,
                  "candidate_end": 5067,
                  "candidate_path": "/private/tmp/geode-clean-archive-2f2b450/research/local_review/ebenezer-016-017-reconciliation-2026-09-12/historical-packet/baseline/EB-PDF-016/inputs/candidate.txt",
                  "sha256": "fa4f120c4a493e3e3c66cab9c58adcdf56ce1f2b4bfe7189c7195dd659086cdf"
                }
              ]
            },
            {
              "column_start": 3,
              "column_span": 1,
              "text": "",
              "status": "visually_blank",
              "native_spans": []
            },
            {
              "column_start": 4,
              "column_span": 1,
              "text": "",
              "status": "visually_blank",
              "native_spans": []
            },
            {
              "column_start": 5,
              "column_span": 1,
              "text": "",
              "status": "visually_blank",
              "native_spans": []
            }
          ]
        }
      ],
      "table_headings": [],
      "association_notes": [
        "Residential rows are merged across the use and unit columns; no unprinted per-dwelling unit is supplied.",
        "Park and Trails group labels merge the first two columns; their numeric group-header cells are blank.",
        "Four visibly blank separator bands have no native text. The Trails separator includes the taller lower whitespace beneath its final row.",
        "Commercial units preserve the source abbreviation 1,000 Sq. Ft of Building. Storm Drainage preserves Per Impervious Square Foot and three-decimal dollar values."
      ],
      "page_image_path": "/private/tmp/geode-clean-archive-2f2b450/research/local_review/ebenezer-016-017-reconciliation-2026-09-12/historical-packet/baseline/EB-PDF-016/inputs/page-0002.png"
    },
    {
      "row_id": "fire-fee-6",
      "physical_page": 2,
      "role": "fee",
      "cells": [
        {
          "column_start": 1,
          "column_span": 1,
          "text": "Office & Other Services",
          "status": "native_bound_visible_text",
          "native_spans": [
            {
              "physical_page": 2,
              "text": "Office & Other Services \n",
              "native_start": 2657,
              "native_end": 2682,
              "candidate_native_offset": 2833,
              "candidate_start": 5490,
              "candidate_end": 5515,
              "candidate_path": "/private/tmp/geode-clean-archive-2f2b450/research/local_review/ebenezer-016-017-reconciliation-2026-09-12/historical-packet/baseline/EB-PDF-016/inputs/candidate.txt",
              "sha256": "54894684a89123266bd46707b0aa284bae172f1fd351655698d4477393bbf844"
            }
          ]
        },
        {
          "column_start": 2,
          "column_span": 1,
          "text": "1,000 Sq. Ft of Building",
          "status": "native_bound_visible_text",
          "native_spans": [
            {
              "physical_page": 2,
              "text": "1,000 Sq. Ft of Building \n",
              "native_start": 2682,
              "native_end": 2708,
              "candidate_native_offset": 2833,
              "candidate_start": 5515,
              "candidate_end": 5541,
              "candidate_path": "/private/tmp/geode-clean-archive-2f2b450/research/local_review/ebenezer-016-017-reconciliation-2026-09-12/historical-packet/baseline/EB-PDF-016/inputs/candidate.txt",
              "sha256": "66b176a6e9682e611b0dbdfbf9291ca8dc0c6481aec04b28d0cc6b33978668ac"
            }
          ]
        },
        {
          "column_start": 3,
          "column_span": 1,
          "text": "$1,200",
          "status": "native_bound_visible_text",
          "native_spans": [
            {
              "physical_page": 2,
              "text": "$1,200 \n",
              "native_start": 2708,
              "native_end": 2716,
              "candidate_native_offset": 2833,
              "candidate_start": 5541,
              "candidate_end": 5549,
              "candidate_path": "/private/tmp/geode-clean-archive-2f2b450/research/local_review/ebenezer-016-017-reconciliation-2026-09-12/historical-packet/baseline/EB-PDF-016/inputs/candidate.txt",
              "sha256": "2b7caf25166ef92a88b90ed78bd50bb991dac74b5ab79c8ba923b45fce17ce15"
            }
          ]
        },
        {
          "column_start": 4,
          "column_span": 1,
          "text": "-2.08%",
          "status": "native_bound_visible_text",
          "native_spans": [
            {
              "physical_page": 2,
              "text": "-2.08% \n",
              "native_start": 2716,
              "native_end": 2724,
              "candidate_native_offset": 2833,
              "candidate_start": 5549,
              "candidate_end": 5557,
              "candidate_path": "/private/tmp/geode-clean-archive-2f2b450/research/local_review/ebenezer-016-017-reconciliation-2026-09-12/historical-packet/baseline/EB-PDF-016/inputs/candidate.txt",
              "sha256": "202179d18d9895c4ecefe20f547edd6ac88966fde435c351f5835e849bfbcdc3"
            }
          ]
        },
        {
          "column_start": 5,
          "column_span": 1,
          "text": "$1,175",
          "status": "native_bound_visible_text",
          "native_spans": [
            {
              "physical_page": 2,
              "text": "$1,175 \n",
              "native_start": 2724,
              "native_end": 2732,
              "candidate_native_offset": 2833,
              "candidate_start": 5557,
              "candidate_end": 5565,
              "candidate_path": "/private/tmp/geode-clean-archive-2f2b450/research/local_review/ebenezer-016-017-reconciliation-2026-09-12/historical-packet/baseline/EB-PDF-016/inputs/candidate.txt",
              "sha256": "91c671fc46a981fe720f68e225bad588e3b02c842cf09300dec20e933773c229"
            }
          ]
        }
      ],
      "table_id": "fees-page-2",
      "column_roles": [
        "Fee structure / use category",
        "Unit (residential rows merge columns 1–2 and include heated living space in their labels)",
        "2025 Fee",
        "% Change",
        "2026 Fee"
      ],
      "column_headers": [
        {
          "row_id": "fees-column-header",
          "physical_page": 2,
          "role": "column_header",
          "cells": [
            {
              "column_start": 1,
              "column_span": 2,
              "text": "Fee Structure",
              "status": "native_bound_visible_text",
              "native_spans": [
                {
                  "physical_page": 2,
                  "text": "Fee Structure \n",
                  "native_start": 1578,
                  "native_end": 1593,
                  "candidate_native_offset": 2833,
                  "candidate_start": 4411,
                  "candidate_end": 4426,
                  "candidate_path": "/private/tmp/geode-clean-archive-2f2b450/research/local_review/ebenezer-016-017-reconciliation-2026-09-12/historical-packet/baseline/EB-PDF-016/inputs/candidate.txt",
                  "sha256": "d0e110ba37b30f8afb170152005731f3d2cfc9ae6f41a32e1065c83f2d8d6a08"
                }
              ]
            },
            {
              "column_start": 3,
              "column_span": 1,
              "text": "2025 Fee",
              "status": "native_bound_visible_text",
              "native_spans": [
                {
                  "physical_page": 2,
                  "text": "2025 \n",
                  "native_start": 1593,
                  "native_end": 1599,
                  "candidate_native_offset": 2833,
                  "candidate_start": 4426,
                  "candidate_end": 4432,
                  "candidate_path": "/private/tmp/geode-clean-archive-2f2b450/research/local_review/ebenezer-016-017-reconciliation-2026-09-12/historical-packet/baseline/EB-PDF-016/inputs/candidate.txt",
                  "sha256": "4929c5f380db4e4e64244bb1627a910fe3e865746286961c3dcce2ed1254d609"
                },
                {
                  "physical_page": 2,
                  "text": "Fee \n",
                  "native_start": 1608,
                  "native_end": 1613,
                  "candidate_native_offset": 2833,
                  "candidate_start": 4441,
                  "candidate_end": 4446,
                  "candidate_path": "/private/tmp/geode-clean-archive-2f2b450/research/local_review/ebenezer-016-017-reconciliation-2026-09-12/historical-packet/baseline/EB-PDF-016/inputs/candidate.txt",
                  "sha256": "625c42035f628b130c7d9bfb932180403f60f0619339980ea4a35dcf1d9bd2f3"
                }
              ]
            },
            {
              "column_start": 4,
              "column_span": 1,
              "text": "% Change",
              "status": "native_bound_visible_text",
              "native_spans": [
                {
                  "physical_page": 2,
                  "text": "% \n",
                  "native_start": 1599,
                  "native_end": 1602,
                  "candidate_native_offset": 2833,
                  "candidate_start": 4432,
                  "candidate_end": 4435,
                  "candidate_path": "/private/tmp/geode-clean-archive-2f2b450/research/local_review/ebenezer-016-017-reconciliation-2026-09-12/historical-packet/baseline/EB-PDF-016/inputs/candidate.txt",
                  "sha256": "d39cf8cfab20e2e5431c71eb0b51aaa80741de7e28bc5af488e5de1239a068fb"
                },
                {
                  "physical_page": 2,
                  "text": "Change \n",
                  "native_start": 1613,
                  "native_end": 1621,
                  "candidate_native_offset": 2833,
                  "candidate_start": 4446,
                  "candidate_end": 4454,
                  "candidate_path": "/private/tmp/geode-clean-archive-2f2b450/research/local_review/ebenezer-016-017-reconciliation-2026-09-12/historical-packet/baseline/EB-PDF-016/inputs/candidate.txt",
                  "sha256": "e87df8642f6080a43657a54d0976ebb1dde4c9970ae84b2e36ef20e0c0f5df13"
                }
              ]
            },
            {
              "column_start": 5,
              "column_span": 1,
              "text": "2026 Fee",
              "status": "native_bound_visible_text",
              "native_spans": [
                {
                  "physical_page": 2,
                  "text": "2026 \n",
                  "native_start": 1602,
                  "native_end": 1608,
                  "candidate_native_offset": 2833,
                  "candidate_start": 4435,
                  "candidate_end": 4441,
                  "candidate_path": "/private/tmp/geode-clean-archive-2f2b450/research/local_review/ebenezer-016-017-reconciliation-2026-09-12/historical-packet/baseline/EB-PDF-016/inputs/candidate.txt",
                  "sha256": "c4362841f1265ed47991baebd539e7e82362332883e9f483aff1dd0c72c6164d"
                },
                {
                  "physical_page": 2,
                  "text": "Fee \n",
                  "native_start": 1621,
                  "native_end": 1626,
                  "candidate_native_offset": 2833,
                  "candidate_start": 4454,
                  "candidate_end": 4459,
                  "candidate_path": "/private/tmp/geode-clean-archive-2f2b450/research/local_review/ebenezer-016-017-reconciliation-2026-09-12/historical-packet/baseline/EB-PDF-016/inputs/candidate.txt",
                  "sha256": "625c42035f628b130c7d9bfb932180403f60f0619339980ea4a35dcf1d9bd2f3"
                }
              ]
            }
          ]
        }
      ],
      "group_headers": [
        {
          "row_id": "fire-header",
          "physical_page": 2,
          "role": "group_header",
          "cells": [
            {
              "column_start": 1,
              "column_span": 1,
              "text": "Fire Development Fee",
              "status": "native_bound_visible_text",
              "native_spans": [
                {
                  "physical_page": 2,
                  "text": "Fire Development Fee \n",
                  "native_start": 2206,
                  "native_end": 2228,
                  "candidate_native_offset": 2833,
                  "candidate_start": 5039,
                  "candidate_end": 5061,
                  "candidate_path": "/private/tmp/geode-clean-archive-2f2b450/research/local_review/ebenezer-016-017-reconciliation-2026-09-12/historical-packet/baseline/EB-PDF-016/inputs/candidate.txt",
                  "sha256": "b7406c6c20dbd49599bd7ac380962c1cb929088480db9b569a379d365fd7493e"
                }
              ]
            },
            {
              "column_start": 2,
              "column_span": 1,
              "text": "Unit",
              "status": "native_bound_visible_text",
              "native_spans": [
                {
                  "physical_page": 2,
                  "text": "Unit \n",
                  "native_start": 2228,
                  "native_end": 2234,
                  "candidate_native_offset": 2833,
                  "candidate_start": 5061,
                  "candidate_end": 5067,
                  "candidate_path": "/private/tmp/geode-clean-archive-2f2b450/research/local_review/ebenezer-016-017-reconciliation-2026-09-12/historical-packet/baseline/EB-PDF-016/inputs/candidate.txt",
                  "sha256": "fa4f120c4a493e3e3c66cab9c58adcdf56ce1f2b4bfe7189c7195dd659086cdf"
                }
              ]
            },
            {
              "column_start": 3,
              "column_span": 1,
              "text": "",
              "status": "visually_blank",
              "native_spans": []
            },
            {
              "column_start": 4,
              "column_span": 1,
              "text": "",
              "status": "visually_blank",
              "native_spans": []
            },
            {
              "column_start": 5,
              "column_span": 1,
              "text": "",
              "status": "visually_blank",
              "native_spans": []
            }
          ]
        }
      ],
      "table_headings": [],
      "association_notes": [
        "Residential rows are merged across the use and unit columns; no unprinted per-dwelling unit is supplied.",
        "Park and Trails group labels merge the first two columns; their numeric group-header cells are blank.",
        "Four visibly blank separator bands have no native text. The Trails separator includes the taller lower whitespace beneath its final row.",
        "Commercial units preserve the source abbreviation 1,000 Sq. Ft of Building. Storm Drainage preserves Per Impervious Square Foot and three-decimal dollar values."
      ],
      "page_image_path": "/private/tmp/geode-clean-archive-2f2b450/research/local_review/ebenezer-016-017-reconciliation-2026-09-12/historical-packet/baseline/EB-PDF-016/inputs/page-0002.png"
    },
    {
      "row_id": "fire-fee-7",
      "physical_page": 2,
      "role": "fee",
      "cells": [
        {
          "column_start": 1,
          "column_span": 1,
          "text": "Industrial",
          "status": "native_bound_visible_text",
          "native_spans": [
            {
              "physical_page": 2,
              "text": "Industrial \n",
              "native_start": 2732,
              "native_end": 2744,
              "candidate_native_offset": 2833,
              "candidate_start": 5565,
              "candidate_end": 5577,
              "candidate_path": "/private/tmp/geode-clean-archive-2f2b450/research/local_review/ebenezer-016-017-reconciliation-2026-09-12/historical-packet/baseline/EB-PDF-016/inputs/candidate.txt",
              "sha256": "5b76a5e7abd0cb0329d305d93a9407de9913dff1b340828f7f03b91d5ec28964"
            }
          ]
        },
        {
          "column_start": 2,
          "column_span": 1,
          "text": "1,000 Sq. Ft of Building",
          "status": "native_bound_visible_text",
          "native_spans": [
            {
              "physical_page": 2,
              "text": "1,000 Sq. Ft of Building \n",
              "native_start": 2744,
              "native_end": 2770,
              "candidate_native_offset": 2833,
              "candidate_start": 5577,
              "candidate_end": 5603,
              "candidate_path": "/private/tmp/geode-clean-archive-2f2b450/research/local_review/ebenezer-016-017-reconciliation-2026-09-12/historical-packet/baseline/EB-PDF-016/inputs/candidate.txt",
              "sha256": "66b176a6e9682e611b0dbdfbf9291ca8dc0c6481aec04b28d0cc6b33978668ac"
            }
          ]
        },
        {
          "column_start": 3,
          "column_span": 1,
          "text": "$613",
          "status": "native_bound_visible_text",
          "native_spans": [
            {
              "physical_page": 2,
              "text": "$613 \n",
              "native_start": 2770,
              "native_end": 2776,
              "candidate_native_offset": 2833,
              "candidate_start": 5603,
              "candidate_end": 5609,
              "candidate_path": "/private/tmp/geode-clean-archive-2f2b450/research/local_review/ebenezer-016-017-reconciliation-2026-09-12/historical-packet/baseline/EB-PDF-016/inputs/candidate.txt",
              "sha256": "2c0655ffd6ec89f910492e4de311e4cc93a9ea71a09e4d9aa81c5931387b8615"
            }
          ]
        },
        {
          "column_start": 4,
          "column_span": 1,
          "text": "-2.12%",
          "status": "native_bound_visible_text",
          "native_spans": [
            {
              "physical_page": 2,
              "text": "-2.12% \n",
              "native_start": 2776,
              "native_end": 2784,
              "candidate_native_offset": 2833,
              "candidate_start": 5609,
              "candidate_end": 5617,
              "candidate_path": "/private/tmp/geode-clean-archive-2f2b450/research/local_review/ebenezer-016-017-reconciliation-2026-09-12/historical-packet/baseline/EB-PDF-016/inputs/candidate.txt",
              "sha256": "da142569b8119d1908e171a7481274c6f8174500420da32a9f629ecfb8f53df2"
            }
          ]
        },
        {
          "column_start": 5,
          "column_span": 1,
          "text": "$600",
          "status": "native_bound_visible_text",
          "native_spans": [
            {
              "physical_page": 2,
              "text": "$600 \n",
              "native_start": 2784,
              "native_end": 2790,
              "candidate_native_offset": 2833,
              "candidate_start": 5617,
              "candidate_end": 5623,
              "candidate_path": "/private/tmp/geode-clean-archive-2f2b450/research/local_review/ebenezer-016-017-reconciliation-2026-09-12/historical-packet/baseline/EB-PDF-016/inputs/candidate.txt",
              "sha256": "24f4239a9981445a96d122ff1aa4dedaa08c4b4e36157ae4ef0f9755c7a2811e"
            }
          ]
        }
      ],
      "table_id": "fees-page-2",
      "column_roles": [
        "Fee structure / use category",
        "Unit (residential rows merge columns 1–2 and include heated living space in their labels)",
        "2025 Fee",
        "% Change",
        "2026 Fee"
      ],
      "column_headers": [
        {
          "row_id": "fees-column-header",
          "physical_page": 2,
          "role": "column_header",
          "cells": [
            {
              "column_start": 1,
              "column_span": 2,
              "text": "Fee Structure",
              "status": "native_bound_visible_text",
              "native_spans": [
                {
                  "physical_page": 2,
                  "text": "Fee Structure \n",
                  "native_start": 1578,
                  "native_end": 1593,
                  "candidate_native_offset": 2833,
                  "candidate_start": 4411,
                  "candidate_end": 4426,
                  "candidate_path": "/private/tmp/geode-clean-archive-2f2b450/research/local_review/ebenezer-016-017-reconciliation-2026-09-12/historical-packet/baseline/EB-PDF-016/inputs/candidate.txt",
                  "sha256": "d0e110ba37b30f8afb170152005731f3d2cfc9ae6f41a32e1065c83f2d8d6a08"
                }
              ]
            },
            {
              "column_start": 3,
              "column_span": 1,
              "text": "2025 Fee",
              "status": "native_bound_visible_text",
              "native_spans": [
                {
                  "physical_page": 2,
                  "text": "2025 \n",
                  "native_start": 1593,
                  "native_end": 1599,
                  "candidate_native_offset": 2833,
                  "candidate_start": 4426,
                  "candidate_end": 4432,
                  "candidate_path": "/private/tmp/geode-clean-archive-2f2b450/research/local_review/ebenezer-016-017-reconciliation-2026-09-12/historical-packet/baseline/EB-PDF-016/inputs/candidate.txt",
                  "sha256": "4929c5f380db4e4e64244bb1627a910fe3e865746286961c3dcce2ed1254d609"
                },
                {
                  "physical_page": 2,
                  "text": "Fee \n",
                  "native_start": 1608,
                  "native_end": 1613,
                  "candidate_native_offset": 2833,
                  "candidate_start": 4441,
                  "candidate_end": 4446,
                  "candidate_path": "/private/tmp/geode-clean-archive-2f2b450/research/local_review/ebenezer-016-017-reconciliation-2026-09-12/historical-packet/baseline/EB-PDF-016/inputs/candidate.txt",
                  "sha256": "625c42035f628b130c7d9bfb932180403f60f0619339980ea4a35dcf1d9bd2f3"
                }
              ]
            },
            {
              "column_start": 4,
              "column_span": 1,
              "text": "% Change",
              "status": "native_bound_visible_text",
              "native_spans": [
                {
                  "physical_page": 2,
                  "text": "% \n",
                  "native_start": 1599,
                  "native_end": 1602,
                  "candidate_native_offset": 2833,
                  "candidate_start": 4432,
                  "candidate_end": 4435,
                  "candidate_path": "/private/tmp/geode-clean-archive-2f2b450/research/local_review/ebenezer-016-017-reconciliation-2026-09-12/historical-packet/baseline/EB-PDF-016/inputs/candidate.txt",
                  "sha256": "d39cf8cfab20e2e5431c71eb0b51aaa80741de7e28bc5af488e5de1239a068fb"
                },
                {
                  "physical_page": 2,
                  "text": "Change \n",
                  "native_start": 1613,
                  "native_end": 1621,
                  "candidate_native_offset": 2833,
                  "candidate_start": 4446,
                  "candidate_end": 4454,
                  "candidate_path": "/private/tmp/geode-clean-archive-2f2b450/research/local_review/ebenezer-016-017-reconciliation-2026-09-12/historical-packet/baseline/EB-PDF-016/inputs/candidate.txt",
                  "sha256": "e87df8642f6080a43657a54d0976ebb1dde4c9970ae84b2e36ef20e0c0f5df13"
                }
              ]
            },
            {
              "column_start": 5,
              "column_span": 1,
              "text": "2026 Fee",
              "status": "native_bound_visible_text",
              "native_spans": [
                {
                  "physical_page": 2,
                  "text": "2026 \n",
                  "native_start": 1602,
                  "native_end": 1608,
                  "candidate_native_offset": 2833,
                  "candidate_start": 4435,
                  "candidate_end": 4441,
                  "candidate_path": "/private/tmp/geode-clean-archive-2f2b450/research/local_review/ebenezer-016-017-reconciliation-2026-09-12/historical-packet/baseline/EB-PDF-016/inputs/candidate.txt",
                  "sha256": "c4362841f1265ed47991baebd539e7e82362332883e9f483aff1dd0c72c6164d"
                },
                {
                  "physical_page": 2,
                  "text": "Fee \n",
                  "native_start": 1621,
                  "native_end": 1626,
                  "candidate_native_offset": 2833,
                  "candidate_start": 4454,
                  "candidate_end": 4459,
                  "candidate_path": "/private/tmp/geode-clean-archive-2f2b450/research/local_review/ebenezer-016-017-reconciliation-2026-09-12/historical-packet/baseline/EB-PDF-016/inputs/candidate.txt",
                  "sha256": "625c42035f628b130c7d9bfb932180403f60f0619339980ea4a35dcf1d9bd2f3"
                }
              ]
            }
          ]
        }
      ],
      "group_headers": [
        {
          "row_id": "fire-header",
          "physical_page": 2,
          "role": "group_header",
          "cells": [
            {
              "column_start": 1,
              "column_span": 1,
              "text": "Fire Development Fee",
              "status": "native_bound_visible_text",
              "native_spans": [
                {
                  "physical_page": 2,
                  "text": "Fire Development Fee \n",
                  "native_start": 2206,
                  "native_end": 2228,
                  "candidate_native_offset": 2833,
                  "candidate_start": 5039,
                  "candidate_end": 5061,
                  "candidate_path": "/private/tmp/geode-clean-archive-2f2b450/research/local_review/ebenezer-016-017-reconciliation-2026-09-12/historical-packet/baseline/EB-PDF-016/inputs/candidate.txt",
                  "sha256": "b7406c6c20dbd49599bd7ac380962c1cb929088480db9b569a379d365fd7493e"
                }
              ]
            },
            {
              "column_start": 2,
              "column_span": 1,
              "text": "Unit",
              "status": "native_bound_visible_text",
              "native_spans": [
                {
                  "physical_page": 2,
                  "text": "Unit \n",
                  "native_start": 2228,
                  "native_end": 2234,
                  "candidate_native_offset": 2833,
                  "candidate_start": 5061,
                  "candidate_end": 5067,
                  "candidate_path": "/private/tmp/geode-clean-archive-2f2b450/research/local_review/ebenezer-016-017-reconciliation-2026-09-12/historical-packet/baseline/EB-PDF-016/inputs/candidate.txt",
                  "sha256": "fa4f120c4a493e3e3c66cab9c58adcdf56ce1f2b4bfe7189c7195dd659086cdf"
                }
              ]
            },
            {
              "column_start": 3,
              "column_span": 1,
              "text": "",
              "status": "visually_blank",
              "native_spans": []
            },
            {
              "column_start": 4,
              "column_span": 1,
              "text": "",
              "status": "visually_blank",
              "native_spans": []
            },
            {
              "column_start": 5,
              "column_span": 1,
              "text": "",
              "status": "visually_blank",
              "native_spans": []
            }
          ]
        }
      ],
      "table_headings": [],
      "association_notes": [
        "Residential rows are merged across the use and unit columns; no unprinted per-dwelling unit is supplied.",
        "Park and Trails group labels merge the first two columns; their numeric group-header cells are blank.",
        "Four visibly blank separator bands have no native text. The Trails separator includes the taller lower whitespace beneath its final row.",
        "Commercial units preserve the source abbreviation 1,000 Sq. Ft of Building. Storm Drainage preserves Per Impervious Square Foot and three-decimal dollar values."
      ],
      "page_image_path": "/private/tmp/geode-clean-archive-2f2b450/research/local_review/ebenezer-016-017-reconciliation-2026-09-12/historical-packet/baseline/EB-PDF-016/inputs/page-0002.png"
    },
    {
      "row_id": "park-fee-1",
      "physical_page": 2,
      "role": "fee",
      "cells": [
        {
          "column_start": 1,
          "column_span": 2,
          "text": "Residential 1,200 square feet or less of heated living space",
          "status": "native_bound_visible_text",
          "native_spans": [
            {
              "physical_page": 2,
              "text": "Residential 1,200 square feet or less of heated living space \n",
              "native_start": 2812,
              "native_end": 2874,
              "candidate_native_offset": 2833,
              "candidate_start": 5645,
              "candidate_end": 5707,
              "candidate_path": "/private/tmp/geode-clean-archive-2f2b450/research/local_review/ebenezer-016-017-reconciliation-2026-09-12/historical-packet/baseline/EB-PDF-016/inputs/candidate.txt",
              "sha256": "8d219b49a79f8fb2313d2a173de138a91db4b0edf46db4c1f699fa6ae56a4f9c"
            }
          ]
        },
        {
          "column_start": 3,
          "column_span": 1,
          "text": "$3,036",
          "status": "native_bound_visible_text",
          "native_spans": [
            {
              "physical_page": 2,
              "text": "$3,036 \n",
              "native_start": 2874,
              "native_end": 2882,
              "candidate_native_offset": 2833,
              "candidate_start": 5707,
              "candidate_end": 5715,
              "candidate_path": "/private/tmp/geode-clean-archive-2f2b450/research/local_review/ebenezer-016-017-reconciliation-2026-09-12/historical-packet/baseline/EB-PDF-016/inputs/candidate.txt",
              "sha256": "ab3b2b129adaf2686cf6d1ac75ca638520e1a5d87c0e0e69ed9dfb929db47476"
            }
          ]
        },
        {
          "column_start": 4,
          "column_span": 1,
          "text": "-2.08%",
          "status": "native_bound_visible_text",
          "native_spans": [
            {
              "physical_page": 2,
              "text": "-2.08% \n",
              "native_start": 2882,
              "native_end": 2890,
              "candidate_native_offset": 2833,
              "candidate_start": 5715,
              "candidate_end": 5723,
              "candidate_path": "/private/tmp/geode-clean-archive-2f2b450/research/local_review/ebenezer-016-017-reconciliation-2026-09-12/historical-packet/baseline/EB-PDF-016/inputs/candidate.txt",
              "sha256": "202179d18d9895c4ecefe20f547edd6ac88966fde435c351f5835e849bfbcdc3"
            }
          ]
        },
        {
          "column_start": 5,
          "column_span": 1,
          "text": "$2,973",
          "status": "native_bound_visible_text",
          "native_spans": [
            {
              "physical_page": 2,
              "text": "$2,973 \n",
              "native_start": 2890,
              "native_end": 2898,
              "candidate_native_offset": 2833,
              "candidate_start": 5723,
              "candidate_end": 5731,
              "candidate_path": "/private/tmp/geode-clean-archive-2f2b450/research/local_review/ebenezer-016-017-reconciliation-2026-09-12/historical-packet/baseline/EB-PDF-016/inputs/candidate.txt",
              "sha256": "b56efb8cd8d06aa9bf7e139b3b115ec0cea3ba42c62df3055a6d44481a595759"
            }
          ]
        }
      ],
      "table_id": "fees-page-2",
      "column_roles": [
        "Fee structure / use category",
        "Unit (residential rows merge columns 1–2 and include heated living space in their labels)",
        "2025 Fee",
        "% Change",
        "2026 Fee"
      ],
      "column_headers": [
        {
          "row_id": "fees-column-header",
          "physical_page": 2,
          "role": "column_header",
          "cells": [
            {
              "column_start": 1,
              "column_span": 2,
              "text": "Fee Structure",
              "status": "native_bound_visible_text",
              "native_spans": [
                {
                  "physical_page": 2,
                  "text": "Fee Structure \n",
                  "native_start": 1578,
                  "native_end": 1593,
                  "candidate_native_offset": 2833,
                  "candidate_start": 4411,
                  "candidate_end": 4426,
                  "candidate_path": "/private/tmp/geode-clean-archive-2f2b450/research/local_review/ebenezer-016-017-reconciliation-2026-09-12/historical-packet/baseline/EB-PDF-016/inputs/candidate.txt",
                  "sha256": "d0e110ba37b30f8afb170152005731f3d2cfc9ae6f41a32e1065c83f2d8d6a08"
                }
              ]
            },
            {
              "column_start": 3,
              "column_span": 1,
              "text": "2025 Fee",
              "status": "native_bound_visible_text",
              "native_spans": [
                {
                  "physical_page": 2,
                  "text": "2025 \n",
                  "native_start": 1593,
                  "native_end": 1599,
                  "candidate_native_offset": 2833,
                  "candidate_start": 4426,
                  "candidate_end": 4432,
                  "candidate_path": "/private/tmp/geode-clean-archive-2f2b450/research/local_review/ebenezer-016-017-reconciliation-2026-09-12/historical-packet/baseline/EB-PDF-016/inputs/candidate.txt",
                  "sha256": "4929c5f380db4e4e64244bb1627a910fe3e865746286961c3dcce2ed1254d609"
                },
                {
                  "physical_page": 2,
                  "text": "Fee \n",
                  "native_start": 1608,
                  "native_end": 1613,
                  "candidate_native_offset": 2833,
                  "candidate_start": 4441,
                  "candidate_end": 4446,
                  "candidate_path": "/private/tmp/geode-clean-archive-2f2b450/research/local_review/ebenezer-016-017-reconciliation-2026-09-12/historical-packet/baseline/EB-PDF-016/inputs/candidate.txt",
                  "sha256": "625c42035f628b130c7d9bfb932180403f60f0619339980ea4a35dcf1d9bd2f3"
                }
              ]
            },
            {
              "column_start": 4,
              "column_span": 1,
              "text": "% Change",
              "status": "native_bound_visible_text",
              "native_spans": [
                {
                  "physical_page": 2,
                  "text": "% \n",
                  "native_start": 1599,
                  "native_end": 1602,
                  "candidate_native_offset": 2833,
                  "candidate_start": 4432,
                  "candidate_end": 4435,
                  "candidate_path": "/private/tmp/geode-clean-archive-2f2b450/research/local_review/ebenezer-016-017-reconciliation-2026-09-12/historical-packet/baseline/EB-PDF-016/inputs/candidate.txt",
                  "sha256": "d39cf8cfab20e2e5431c71eb0b51aaa80741de7e28bc5af488e5de1239a068fb"
                },
                {
                  "physical_page": 2,
                  "text": "Change \n",
                  "native_start": 1613,
                  "native_end": 1621,
                  "candidate_native_offset": 2833,
                  "candidate_start": 4446,
                  "candidate_end": 4454,
                  "candidate_path": "/private/tmp/geode-clean-archive-2f2b450/research/local_review/ebenezer-016-017-reconciliation-2026-09-12/historical-packet/baseline/EB-PDF-016/inputs/candidate.txt",
                  "sha256": "e87df8642f6080a43657a54d0976ebb1dde4c9970ae84b2e36ef20e0c0f5df13"
                }
              ]
            },
            {
              "column_start": 5,
              "column_span": 1,
              "text": "2026 Fee",
              "status": "native_bound_visible_text",
              "native_spans": [
                {
                  "physical_page": 2,
                  "text": "2026 \n",
                  "native_start": 1602,
                  "native_end": 1608,
                  "candidate_native_offset": 2833,
                  "candidate_start": 4435,
                  "candidate_end": 4441,
                  "candidate_path": "/private/tmp/geode-clean-archive-2f2b450/research/local_review/ebenezer-016-017-reconciliation-2026-09-12/historical-packet/baseline/EB-PDF-016/inputs/candidate.txt",
                  "sha256": "c4362841f1265ed47991baebd539e7e82362332883e9f483aff1dd0c72c6164d"
                },
                {
                  "physical_page": 2,
                  "text": "Fee \n",
                  "native_start": 1621,
                  "native_end": 1626,
                  "candidate_native_offset": 2833,
                  "candidate_start": 4454,
                  "candidate_end": 4459,
                  "candidate_path": "/private/tmp/geode-clean-archive-2f2b450/research/local_review/ebenezer-016-017-reconciliation-2026-09-12/historical-packet/baseline/EB-PDF-016/inputs/candidate.txt",
                  "sha256": "625c42035f628b130c7d9bfb932180403f60f0619339980ea4a35dcf1d9bd2f3"
                }
              ]
            }
          ]
        }
      ],
      "group_headers": [
        {
          "row_id": "park-header",
          "physical_page": 2,
          "role": "group_header",
          "cells": [
            {
              "column_start": 1,
              "column_span": 2,
              "text": "Park Development Fee",
              "status": "native_bound_visible_text",
              "native_spans": [
                {
                  "physical_page": 2,
                  "text": "Park Development Fee \n",
                  "native_start": 2790,
                  "native_end": 2812,
                  "candidate_native_offset": 2833,
                  "candidate_start": 5623,
                  "candidate_end": 5645,
                  "candidate_path": "/private/tmp/geode-clean-archive-2f2b450/research/local_review/ebenezer-016-017-reconciliation-2026-09-12/historical-packet/baseline/EB-PDF-016/inputs/candidate.txt",
                  "sha256": "63671070b625b192cca6af6e9681e97d9b5be0f2ed5264ddb7b0c3a4cd030f25"
                }
              ]
            },
            {
              "column_start": 3,
              "column_span": 1,
              "text": "",
              "status": "visually_blank",
              "native_spans": []
            },
            {
              "column_start": 4,
              "column_span": 1,
              "text": "",
              "status": "visually_blank",
              "native_spans": []
            },
            {
              "column_start": 5,
              "column_span": 1,
              "text": "",
              "status": "visually_blank",
              "native_spans": []
            }
          ]
        }
      ],
      "table_headings": [],
      "association_notes": [
        "Residential rows are merged across the use and unit columns; no unprinted per-dwelling unit is supplied.",
        "Park and Trails group labels merge the first two columns; their numeric group-header cells are blank.",
        "Four visibly blank separator bands have no native text. The Trails separator includes the taller lower whitespace beneath its final row.",
        "Commercial units preserve the source abbreviation 1,000 Sq. Ft of Building. Storm Drainage preserves Per Impervious Square Foot and three-decimal dollar values."
      ],
      "page_image_path": "/private/tmp/geode-clean-archive-2f2b450/research/local_review/ebenezer-016-017-reconciliation-2026-09-12/historical-packet/baseline/EB-PDF-016/inputs/page-0002.png"
    },
    {
      "row_id": "park-fee-2",
      "physical_page": 2,
      "role": "fee",
      "cells": [
        {
          "column_start": 1,
          "column_span": 2,
          "text": "Residential 1,201 square feet to 1,500 square feet of heated living space",
          "status": "native_bound_visible_text",
          "native_spans": [
            {
              "physical_page": 2,
              "text": "Residential 1,201 square feet to 1,500 square feet of heated living space \n",
              "native_start": 2898,
              "native_end": 2973,
              "candidate_native_offset": 2833,
              "candidate_start": 5731,
              "candidate_end": 5806,
              "candidate_path": "/private/tmp/geode-clean-archive-2f2b450/research/local_review/ebenezer-016-017-reconciliation-2026-09-12/historical-packet/baseline/EB-PDF-016/inputs/candidate.txt",
              "sha256": "7e9573fa333cf5f1d9efe0a987d9ba2870a105bd917942aa456f6503da3a16de"
            }
          ]
        },
        {
          "column_start": 3,
          "column_span": 1,
          "text": "$5,334",
          "status": "native_bound_visible_text",
          "native_spans": [
            {
              "physical_page": 2,
              "text": "$5,334 \n",
              "native_start": 2973,
              "native_end": 2981,
              "candidate_native_offset": 2833,
              "candidate_start": 5806,
              "candidate_end": 5814,
              "candidate_path": "/private/tmp/geode-clean-archive-2f2b450/research/local_review/ebenezer-016-017-reconciliation-2026-09-12/historical-packet/baseline/EB-PDF-016/inputs/candidate.txt",
              "sha256": "4d2262aa2189f1430265f4aefd7d20cea55718fcda50496bb2dc139dc6df85d2"
            }
          ]
        },
        {
          "column_start": 4,
          "column_span": 1,
          "text": "-2.06%",
          "status": "native_bound_visible_text",
          "native_spans": [
            {
              "physical_page": 2,
              "text": "-2.06% \n",
              "native_start": 2981,
              "native_end": 2989,
              "candidate_native_offset": 2833,
              "candidate_start": 5814,
              "candidate_end": 5822,
              "candidate_path": "/private/tmp/geode-clean-archive-2f2b450/research/local_review/ebenezer-016-017-reconciliation-2026-09-12/historical-packet/baseline/EB-PDF-016/inputs/candidate.txt",
              "sha256": "194687c3cf71db71253c5508cadad7450bc391168a693641d2769791beceb014"
            }
          ]
        },
        {
          "column_start": 5,
          "column_span": 1,
          "text": "$5,224",
          "status": "native_bound_visible_text",
          "native_spans": [
            {
              "physical_page": 2,
              "text": "$5,224 \n",
              "native_start": 2989,
              "native_end": 2997,
              "candidate_native_offset": 2833,
              "candidate_start": 5822,
              "candidate_end": 5830,
              "candidate_path": "/private/tmp/geode-clean-archive-2f2b450/research/local_review/ebenezer-016-017-reconciliation-2026-09-12/historical-packet/baseline/EB-PDF-016/inputs/candidate.txt",
              "sha256": "9adb25128acdafc4dbfa2bfb482fd0bdbb58b13645564d8fcbd39701839e2e65"
            }
          ]
        }
      ],
      "table_id": "fees-page-2",
      "column_roles": [
        "Fee structure / use category",
        "Unit (residential rows merge columns 1–2 and include heated living space in their labels)",
        "2025 Fee",
        "% Change",
        "2026 Fee"
      ],
      "column_headers": [
        {
          "row_id": "fees-column-header",
          "physical_page": 2,
          "role": "column_header",
          "cells": [
            {
              "column_start": 1,
              "column_span": 2,
              "text": "Fee Structure",
              "status": "native_bound_visible_text",
              "native_spans": [
                {
                  "physical_page": 2,
                  "text": "Fee Structure \n",
                  "native_start": 1578,
                  "native_end": 1593,
                  "candidate_native_offset": 2833,
                  "candidate_start": 4411,
                  "candidate_end": 4426,
                  "candidate_path": "/private/tmp/geode-clean-archive-2f2b450/research/local_review/ebenezer-016-017-reconciliation-2026-09-12/historical-packet/baseline/EB-PDF-016/inputs/candidate.txt",
                  "sha256": "d0e110ba37b30f8afb170152005731f3d2cfc9ae6f41a32e1065c83f2d8d6a08"
                }
              ]
            },
            {
              "column_start": 3,
              "column_span": 1,
              "text": "2025 Fee",
              "status": "native_bound_visible_text",
              "native_spans": [
                {
                  "physical_page": 2,
                  "text": "2025 \n",
                  "native_start": 1593,
                  "native_end": 1599,
                  "candidate_native_offset": 2833,
                  "candidate_start": 4426,
                  "candidate_end": 4432,
                  "candidate_path": "/private/tmp/geode-clean-archive-2f2b450/research/local_review/ebenezer-016-017-reconciliation-2026-09-12/historical-packet/baseline/EB-PDF-016/inputs/candidate.txt",
                  "sha256": "4929c5f380db4e4e64244bb1627a910fe3e865746286961c3dcce2ed1254d609"
                },
                {
                  "physical_page": 2,
                  "text": "Fee \n",
                  "native_start": 1608,
                  "native_end": 1613,
                  "candidate_native_offset": 2833,
                  "candidate_start": 4441,
                  "candidate_end": 4446,
                  "candidate_path": "/private/tmp/geode-clean-archive-2f2b450/research/local_review/ebenezer-016-017-reconciliation-2026-09-12/historical-packet/baseline/EB-PDF-016/inputs/candidate.txt",
                  "sha256": "625c42035f628b130c7d9bfb932180403f60f0619339980ea4a35dcf1d9bd2f3"
                }
              ]
            },
            {
              "column_start": 4,
              "column_span": 1,
              "text": "% Change",
              "status": "native_bound_visible_text",
              "native_spans": [
                {
                  "physical_page": 2,
                  "text": "% \n",
                  "native_start": 1599,
                  "native_end": 1602,
                  "candidate_native_offset": 2833,
                  "candidate_start": 4432,
                  "candidate_end": 4435,
                  "candidate_path": "/private/tmp/geode-clean-archive-2f2b450/research/local_review/ebenezer-016-017-reconciliation-2026-09-12/historical-packet/baseline/EB-PDF-016/inputs/candidate.txt",
                  "sha256": "d39cf8cfab20e2e5431c71eb0b51aaa80741de7e28bc5af488e5de1239a068fb"
                },
                {
                  "physical_page": 2,
                  "text": "Change \n",
                  "native_start": 1613,
                  "native_end": 1621,
                  "candidate_native_offset": 2833,
                  "candidate_start": 4446,
                  "candidate_end": 4454,
                  "candidate_path": "/private/tmp/geode-clean-archive-2f2b450/research/local_review/ebenezer-016-017-reconciliation-2026-09-12/historical-packet/baseline/EB-PDF-016/inputs/candidate.txt",
                  "sha256": "e87df8642f6080a43657a54d0976ebb1dde4c9970ae84b2e36ef20e0c0f5df13"
                }
              ]
            },
            {
              "column_start": 5,
              "column_span": 1,
              "text": "2026 Fee",
              "status": "native_bound_visible_text",
              "native_spans": [
                {
                  "physical_page": 2,
                  "text": "2026 \n",
                  "native_start": 1602,
                  "native_end": 1608,
                  "candidate_native_offset": 2833,
                  "candidate_start": 4435,
                  "candidate_end": 4441,
                  "candidate_path": "/private/tmp/geode-clean-archive-2f2b450/research/local_review/ebenezer-016-017-reconciliation-2026-09-12/historical-packet/baseline/EB-PDF-016/inputs/candidate.txt",
                  "sha256": "c4362841f1265ed47991baebd539e7e82362332883e9f483aff1dd0c72c6164d"
                },
                {
                  "physical_page": 2,
                  "text": "Fee \n",
                  "native_start": 1621,
                  "native_end": 1626,
                  "candidate_native_offset": 2833,
                  "candidate_start": 4454,
                  "candidate_end": 4459,
                  "candidate_path": "/private/tmp/geode-clean-archive-2f2b450/research/local_review/ebenezer-016-017-reconciliation-2026-09-12/historical-packet/baseline/EB-PDF-016/inputs/candidate.txt",
                  "sha256": "625c42035f628b130c7d9bfb932180403f60f0619339980ea4a35dcf1d9bd2f3"
                }
              ]
            }
          ]
        }
      ],
      "group_headers": [
        {
          "row_id": "park-header",
          "physical_page": 2,
          "role": "group_header",
          "cells": [
            {
              "column_start": 1,
              "column_span": 2,
              "text": "Park Development Fee",
              "status": "native_bound_visible_text",
              "native_spans": [
                {
                  "physical_page": 2,
                  "text": "Park Development Fee \n",
                  "native_start": 2790,
                  "native_end": 2812,
                  "candidate_native_offset": 2833,
                  "candidate_start": 5623,
                  "candidate_end": 5645,
                  "candidate_path": "/private/tmp/geode-clean-archive-2f2b450/research/local_review/ebenezer-016-017-reconciliation-2026-09-12/historical-packet/baseline/EB-PDF-016/inputs/candidate.txt",
                  "sha256": "63671070b625b192cca6af6e9681e97d9b5be0f2ed5264ddb7b0c3a4cd030f25"
                }
              ]
            },
            {
              "column_start": 3,
              "column_span": 1,
              "text": "",
              "status": "visually_blank",
              "native_spans": []
            },
            {
              "column_start": 4,
              "column_span": 1,
              "text": "",
              "status": "visually_blank",
              "native_spans": []
            },
            {
              "column_start": 5,
              "column_span": 1,
              "text": "",
              "status": "visually_blank",
              "native_spans": []
            }
          ]
        }
      ],
      "table_headings": [],
      "association_notes": [
        "Residential rows are merged across the use and unit columns; no unprinted per-dwelling unit is supplied.",
        "Park and Trails group labels merge the first two columns; their numeric group-header cells are blank.",
        "Four visibly blank separator bands have no native text. The Trails separator includes the taller lower whitespace beneath its final row.",
        "Commercial units preserve the source abbreviation 1,000 Sq. Ft of Building. Storm Drainage preserves Per Impervious Square Foot and three-decimal dollar values."
      ],
      "page_image_path": "/private/tmp/geode-clean-archive-2f2b450/research/local_review/ebenezer-016-017-reconciliation-2026-09-12/historical-packet/baseline/EB-PDF-016/inputs/page-0002.png"
    },
    {
      "row_id": "park-fee-3",
      "physical_page": 2,
      "role": "fee",
      "cells": [
        {
          "column_start": 1,
          "column_span": 2,
          "text": "Residential 1,501 square feet to 1,800 square feet of heated living space",
          "status": "native_bound_visible_text",
          "native_spans": [
            {
              "physical_page": 2,
              "text": "Residential 1,501 square feet to 1,800 square feet of heated living space \n",
              "native_start": 2997,
              "native_end": 3072,
              "candidate_native_offset": 2833,
              "candidate_start": 5830,
              "candidate_end": 5905,
              "candidate_path": "/private/tmp/geode-clean-archive-2f2b450/research/local_review/ebenezer-016-017-reconciliation-2026-09-12/historical-packet/baseline/EB-PDF-016/inputs/candidate.txt",
              "sha256": "0192a5279d31498f8444109b23e4ac24a038420c1f3eab7b52dd95ec16bd54a2"
            }
          ]
        },
        {
          "column_start": 3,
          "column_span": 1,
          "text": "$6,048",
          "status": "native_bound_visible_text",
          "native_spans": [
            {
              "physical_page": 2,
              "text": "$6,048 \n",
              "native_start": 3072,
              "native_end": 3080,
              "candidate_native_offset": 2833,
              "candidate_start": 5905,
              "candidate_end": 5913,
              "candidate_path": "/private/tmp/geode-clean-archive-2f2b450/research/local_review/ebenezer-016-017-reconciliation-2026-09-12/historical-packet/baseline/EB-PDF-016/inputs/candidate.txt",
              "sha256": "63973cb11d2d746a735ab4479f282ff8504bd1d2789c1d9765f3ba781e2b2163"
            }
          ]
        },
        {
          "column_start": 4,
          "column_span": 1,
          "text": "-2.07%",
          "status": "native_bound_visible_text",
          "native_spans": [
            {
              "physical_page": 2,
              "text": "-2.07% \n",
              "native_start": 3080,
              "native_end": 3088,
              "candidate_native_offset": 2833,
              "candidate_start": 5913,
              "candidate_end": 5921,
              "candidate_path": "/private/tmp/geode-clean-archive-2f2b450/research/local_review/ebenezer-016-017-reconciliation-2026-09-12/historical-packet/baseline/EB-PDF-016/inputs/candidate.txt",
              "sha256": "2e2a167dd6679e0422b321d9212326272715bdbb0ca42540b5725197357952dd"
            }
          ]
        },
        {
          "column_start": 5,
          "column_span": 1,
          "text": "$5,923",
          "status": "native_bound_visible_text",
          "native_spans": [
            {
              "physical_page": 2,
              "text": "$5,923 \n",
              "native_start": 3088,
              "native_end": 3096,
              "candidate_native_offset": 2833,
              "candidate_start": 5921,
              "candidate_end": 5929,
              "candidate_path": "/private/tmp/geode-clean-archive-2f2b450/research/local_review/ebenezer-016-017-reconciliation-2026-09-12/historical-packet/baseline/EB-PDF-016/inputs/candidate.txt",
              "sha256": "e8750e565f0fe96a514689a363d9c617997262af498bf86da9b28a41d691760f"
            }
          ]
        }
      ],
      "table_id": "fees-page-2",
      "column_roles": [
        "Fee structure / use category",
        "Unit (residential rows merge columns 1–2 and include heated living space in their labels)",
        "2025 Fee",
        "% Change",
        "2026 Fee"
      ],
      "column_headers": [
        {
          "row_id": "fees-column-header",
          "physical_page": 2,
          "role": "column_header",
          "cells": [
            {
              "column_start": 1,
              "column_span": 2,
              "text": "Fee Structure",
              "status": "native_bound_visible_text",
              "native_spans": [
                {
                  "physical_page": 2,
                  "text": "Fee Structure \n",
                  "native_start": 1578,
                  "native_end": 1593,
                  "candidate_native_offset": 2833,
                  "candidate_start": 4411,
                  "candidate_end": 4426,
                  "candidate_path": "/private/tmp/geode-clean-archive-2f2b450/research/local_review/ebenezer-016-017-reconciliation-2026-09-12/historical-packet/baseline/EB-PDF-016/inputs/candidate.txt",
                  "sha256": "d0e110ba37b30f8afb170152005731f3d2cfc9ae6f41a32e1065c83f2d8d6a08"
                }
              ]
            },
            {
              "column_start": 3,
              "column_span": 1,
              "text": "2025 Fee",
              "status": "native_bound_visible_text",
              "native_spans": [
                {
                  "physical_page": 2,
                  "text": "2025 \n",
                  "native_start": 1593,
                  "native_end": 1599,
                  "candidate_native_offset": 2833,
                  "candidate_start": 4426,
                  "candidate_end": 4432,
                  "candidate_path": "/private/tmp/geode-clean-archive-2f2b450/research/local_review/ebenezer-016-017-reconciliation-2026-09-12/historical-packet/baseline/EB-PDF-016/inputs/candidate.txt",
                  "sha256": "4929c5f380db4e4e64244bb1627a910fe3e865746286961c3dcce2ed1254d609"
                },
                {
                  "physical_page": 2,
                  "text": "Fee \n",
                  "native_start": 1608,
                  "native_end": 1613,
                  "candidate_native_offset": 2833,
                  "candidate_start": 4441,
                  "candidate_end": 4446,
                  "candidate_path": "/private/tmp/geode-clean-archive-2f2b450/research/local_review/ebenezer-016-017-reconciliation-2026-09-12/historical-packet/baseline/EB-PDF-016/inputs/candidate.txt",
                  "sha256": "625c42035f628b130c7d9bfb932180403f60f0619339980ea4a35dcf1d9bd2f3"
                }
              ]
            },
            {
              "column_start": 4,
              "column_span": 1,
              "text": "% Change",
              "status": "native_bound_visible_text",
              "native_spans": [
                {
                  "physical_page": 2,
                  "text": "% \n",
                  "native_start": 1599,
                  "native_end": 1602,
                  "candidate_native_offset": 2833,
                  "candidate_start": 4432,
                  "candidate_end": 4435,
                  "candidate_path": "/private/tmp/geode-clean-archive-2f2b450/research/local_review/ebenezer-016-017-reconciliation-2026-09-12/historical-packet/baseline/EB-PDF-016/inputs/candidate.txt",
                  "sha256": "d39cf8cfab20e2e5431c71eb0b51aaa80741de7e28bc5af488e5de1239a068fb"
                },
                {
                  "physical_page": 2,
                  "text": "Change \n",
                  "native_start": 1613,
                  "native_end": 1621,
                  "candidate_native_offset": 2833,
                  "candidate_start": 4446,
                  "candidate_end": 4454,
                  "candidate_path": "/private/tmp/geode-clean-archive-2f2b450/research/local_review/ebenezer-016-017-reconciliation-2026-09-12/historical-packet/baseline/EB-PDF-016/inputs/candidate.txt",
                  "sha256": "e87df8642f6080a43657a54d0976ebb1dde4c9970ae84b2e36ef20e0c0f5df13"
                }
              ]
            },
            {
              "column_start": 5,
              "column_span": 1,
              "text": "2026 Fee",
              "status": "native_bound_visible_text",
              "native_spans": [
                {
                  "physical_page": 2,
                  "text": "2026 \n",
                  "native_start": 1602,
                  "native_end": 1608,
                  "candidate_native_offset": 2833,
                  "candidate_start": 4435,
                  "candidate_end": 4441,
                  "candidate_path": "/private/tmp/geode-clean-archive-2f2b450/research/local_review/ebenezer-016-017-reconciliation-2026-09-12/historical-packet/baseline/EB-PDF-016/inputs/candidate.txt",
                  "sha256": "c4362841f1265ed47991baebd539e7e82362332883e9f483aff1dd0c72c6164d"
                },
                {
                  "physical_page": 2,
                  "text": "Fee \n",
                  "native_start": 1621,
                  "native_end": 1626,
                  "candidate_native_offset": 2833,
                  "candidate_start": 4454,
                  "candidate_end": 4459,
                  "candidate_path": "/private/tmp/geode-clean-archive-2f2b450/research/local_review/ebenezer-016-017-reconciliation-2026-09-12/historical-packet/baseline/EB-PDF-016/inputs/candidate.txt",
                  "sha256": "625c42035f628b130c7d9bfb932180403f60f0619339980ea4a35dcf1d9bd2f3"
                }
              ]
            }
          ]
        }
      ],
      "group_headers": [
        {
          "row_id": "park-header",
          "physical_page": 2,
          "role": "group_header",
          "cells": [
            {
              "column_start": 1,
              "column_span": 2,
              "text": "Park Development Fee",
              "status": "native_bound_visible_text",
              "native_spans": [
                {
                  "physical_page": 2,
                  "text": "Park Development Fee \n",
                  "native_start": 2790,
                  "native_end": 2812,
                  "candidate_native_offset": 2833,
                  "candidate_start": 5623,
                  "candidate_end": 5645,
                  "candidate_path": "/private/tmp/geode-clean-archive-2f2b450/research/local_review/ebenezer-016-017-reconciliation-2026-09-12/historical-packet/baseline/EB-PDF-016/inputs/candidate.txt",
                  "sha256": "63671070b625b192cca6af6e9681e97d9b5be0f2ed5264ddb7b0c3a4cd030f25"
                }
              ]
            },
            {
              "column_start": 3,
              "column_span": 1,
              "text": "",
              "status": "visually_blank",
              "native_spans": []
            },
            {
              "column_start": 4,
              "column_span": 1,
              "text": "",
              "status": "visually_blank",
              "native_spans": []
            },
            {
              "column_start": 5,
              "column_span": 1,
              "text": "",
              "status": "visually_blank",
              "native_spans": []
            }
          ]
        }
      ],
      "table_headings": [],
      "association_notes": [
        "Residential rows are merged across the use and unit columns; no unprinted per-dwelling unit is supplied.",
        "Park and Trails group labels merge the first two columns; their numeric group-header cells are blank.",
        "Four visibly blank separator bands have no native text. The Trails separator includes the taller lower whitespace beneath its final row.",
        "Commercial units preserve the source abbreviation 1,000 Sq. Ft of Building. Storm Drainage preserves Per Impervious Square Foot and three-decimal dollar values."
      ],
      "page_image_path": "/private/tmp/geode-clean-archive-2f2b450/research/local_review/ebenezer-016-017-reconciliation-2026-09-12/historical-packet/baseline/EB-PDF-016/inputs/page-0002.png"
    },
    {
      "row_id": "park-fee-4",
      "physical_page": 2,
      "role": "fee",
      "cells": [
        {
          "column_start": 1,
          "column_span": 2,
          "text": "Residential 1,801 square feet or more of heated living space",
          "status": "native_bound_visible_text",
          "native_spans": [
            {
              "physical_page": 2,
              "text": "Residential 1,801 square feet or more of heated living space \n",
              "native_start": 3096,
              "native_end": 3158,
              "candidate_native_offset": 2833,
              "candidate_start": 5929,
              "candidate_end": 5991,
              "candidate_path": "/private/tmp/geode-clean-archive-2f2b450/research/local_review/ebenezer-016-017-reconciliation-2026-09-12/historical-packet/baseline/EB-PDF-016/inputs/candidate.txt",
              "sha256": "4bb03537efdd9641317d0bc8953294a02263c20a67ed1ce4c269c6faa4845776"
            }
          ]
        },
        {
          "column_start": 3,
          "column_span": 1,
          "text": "$6,449",
          "status": "native_bound_visible_text",
          "native_spans": [
            {
              "physical_page": 2,
              "text": "$6,449 \n",
              "native_start": 3158,
              "native_end": 3166,
              "candidate_native_offset": 2833,
              "candidate_start": 5991,
              "candidate_end": 5999,
              "candidate_path": "/private/tmp/geode-clean-archive-2f2b450/research/local_review/ebenezer-016-017-reconciliation-2026-09-12/historical-packet/baseline/EB-PDF-016/inputs/candidate.txt",
              "sha256": "483208b112f6e6b912709078de7e4e8191d061a56786441f2b0a7c28401e7c02"
            }
          ]
        },
        {
          "column_start": 4,
          "column_span": 1,
          "text": "-2.06%",
          "status": "native_bound_visible_text",
          "native_spans": [
            {
              "physical_page": 2,
              "text": "-2.06% \n",
              "native_start": 3166,
              "native_end": 3174,
              "candidate_native_offset": 2833,
              "candidate_start": 5999,
              "candidate_end": 6007,
              "candidate_path": "/private/tmp/geode-clean-archive-2f2b450/research/local_review/ebenezer-016-017-reconciliation-2026-09-12/historical-packet/baseline/EB-PDF-016/inputs/candidate.txt",
              "sha256": "194687c3cf71db71253c5508cadad7450bc391168a693641d2769791beceb014"
            }
          ]
        },
        {
          "column_start": 5,
          "column_span": 1,
          "text": "$6,316",
          "status": "native_bound_visible_text",
          "native_spans": [
            {
              "physical_page": 2,
              "text": "$6,316 \n",
              "native_start": 3174,
              "native_end": 3182,
              "candidate_native_offset": 2833,
              "candidate_start": 6007,
              "candidate_end": 6015,
              "candidate_path": "/private/tmp/geode-clean-archive-2f2b450/research/local_review/ebenezer-016-017-reconciliation-2026-09-12/historical-packet/baseline/EB-PDF-016/inputs/candidate.txt",
              "sha256": "0d1a555e73d96ed565d40d8ec42e14168041759aee2785b725fa4bcbbaa81efa"
            }
          ]
        }
      ],
      "table_id": "fees-page-2",
      "column_roles": [
        "Fee structure / use category",
        "Unit (residential rows merge columns 1–2 and include heated living space in their labels)",
        "2025 Fee",
        "% Change",
        "2026 Fee"
      ],
      "column_headers": [
        {
          "row_id": "fees-column-header",
          "physical_page": 2,
          "role": "column_header",
          "cells": [
            {
              "column_start": 1,
              "column_span": 2,
              "text": "Fee Structure",
              "status": "native_bound_visible_text",
              "native_spans": [
                {
                  "physical_page": 2,
                  "text": "Fee Structure \n",
                  "native_start": 1578,
                  "native_end": 1593,
                  "candidate_native_offset": 2833,
                  "candidate_start": 4411,
                  "candidate_end": 4426,
                  "candidate_path": "/private/tmp/geode-clean-archive-2f2b450/research/local_review/ebenezer-016-017-reconciliation-2026-09-12/historical-packet/baseline/EB-PDF-016/inputs/candidate.txt",
                  "sha256": "d0e110ba37b30f8afb170152005731f3d2cfc9ae6f41a32e1065c83f2d8d6a08"
                }
              ]
            },
            {
              "column_start": 3,
              "column_span": 1,
              "text": "2025 Fee",
              "status": "native_bound_visible_text",
              "native_spans": [
                {
                  "physical_page": 2,
                  "text": "2025 \n",
                  "native_start": 1593,
                  "native_end": 1599,
                  "candidate_native_offset": 2833,
                  "candidate_start": 4426,
                  "candidate_end": 4432,
                  "candidate_path": "/private/tmp/geode-clean-archive-2f2b450/research/local_review/ebenezer-016-017-reconciliation-2026-09-12/historical-packet/baseline/EB-PDF-016/inputs/candidate.txt",
                  "sha256": "4929c5f380db4e4e64244bb1627a910fe3e865746286961c3dcce2ed1254d609"
                },
                {
                  "physical_page": 2,
                  "text": "Fee \n",
                  "native_start": 1608,
                  "native_end": 1613,
                  "candidate_native_offset": 2833,
                  "candidate_start": 4441,
                  "candidate_end": 4446,
                  "candidate_path": "/private/tmp/geode-clean-archive-2f2b450/research/local_review/ebenezer-016-017-reconciliation-2026-09-12/historical-packet/baseline/EB-PDF-016/inputs/candidate.txt",
                  "sha256": "625c42035f628b130c7d9bfb932180403f60f0619339980ea4a35dcf1d9bd2f3"
                }
              ]
            },
            {
              "column_start": 4,
              "column_span": 1,
              "text": "% Change",
              "status": "native_bound_visible_text",
              "native_spans": [
                {
                  "physical_page": 2,
                  "text": "% \n",
                  "native_start": 1599,
                  "native_end": 1602,
                  "candidate_native_offset": 2833,
                  "candidate_start": 4432,
                  "candidate_end": 4435,
                  "candidate_path": "/private/tmp/geode-clean-archive-2f2b450/research/local_review/ebenezer-016-017-reconciliation-2026-09-12/historical-packet/baseline/EB-PDF-016/inputs/candidate.txt",
                  "sha256": "d39cf8cfab20e2e5431c71eb0b51aaa80741de7e28bc5af488e5de1239a068fb"
                },
                {
                  "physical_page": 2,
                  "text": "Change \n",
                  "native_start": 1613,
                  "native_end": 1621,
                  "candidate_native_offset": 2833,
                  "candidate_start": 4446,
                  "candidate_end": 4454,
                  "candidate_path": "/private/tmp/geode-clean-archive-2f2b450/research/local_review/ebenezer-016-017-reconciliation-2026-09-12/historical-packet/baseline/EB-PDF-016/inputs/candidate.txt",
                  "sha256": "e87df8642f6080a43657a54d0976ebb1dde4c9970ae84b2e36ef20e0c0f5df13"
                }
              ]
            },
            {
              "column_start": 5,
              "column_span": 1,
              "text": "2026 Fee",
              "status": "native_bound_visible_text",
              "native_spans": [
                {
                  "physical_page": 2,
                  "text": "2026 \n",
                  "native_start": 1602,
                  "native_end": 1608,
                  "candidate_native_offset": 2833,
                  "candidate_start": 4435,
                  "candidate_end": 4441,
                  "candidate_path": "/private/tmp/geode-clean-archive-2f2b450/research/local_review/ebenezer-016-017-reconciliation-2026-09-12/historical-packet/baseline/EB-PDF-016/inputs/candidate.txt",
                  "sha256": "c4362841f1265ed47991baebd539e7e82362332883e9f483aff1dd0c72c6164d"
                },
                {
                  "physical_page": 2,
                  "text": "Fee \n",
                  "native_start": 1621,
                  "native_end": 1626,
                  "candidate_native_offset": 2833,
                  "candidate_start": 4454,
                  "candidate_end": 4459,
                  "candidate_path": "/private/tmp/geode-clean-archive-2f2b450/research/local_review/ebenezer-016-017-reconciliation-2026-09-12/historical-packet/baseline/EB-PDF-016/inputs/candidate.txt",
                  "sha256": "625c42035f628b130c7d9bfb932180403f60f0619339980ea4a35dcf1d9bd2f3"
                }
              ]
            }
          ]
        }
      ],
      "group_headers": [
        {
          "row_id": "park-header",
          "physical_page": 2,
          "role": "group_header",
          "cells": [
            {
              "column_start": 1,
              "column_span": 2,
              "text": "Park Development Fee",
              "status": "native_bound_visible_text",
              "native_spans": [
                {
                  "physical_page": 2,
                  "text": "Park Development Fee \n",
                  "native_start": 2790,
                  "native_end": 2812,
                  "candidate_native_offset": 2833,
                  "candidate_start": 5623,
                  "candidate_end": 5645,
                  "candidate_path": "/private/tmp/geode-clean-archive-2f2b450/research/local_review/ebenezer-016-017-reconciliation-2026-09-12/historical-packet/baseline/EB-PDF-016/inputs/candidate.txt",
                  "sha256": "63671070b625b192cca6af6e9681e97d9b5be0f2ed5264ddb7b0c3a4cd030f25"
                }
              ]
            },
            {
              "column_start": 3,
              "column_span": 1,
              "text": "",
              "status": "visually_blank",
              "native_spans": []
            },
            {
              "column_start": 4,
              "column_span": 1,
              "text": "",
              "status": "visually_blank",
              "native_spans": []
            },
            {
              "column_start": 5,
              "column_span": 1,
              "text": "",
              "status": "visually_blank",
              "native_spans": []
            }
          ]
        }
      ],
      "table_headings": [],
      "association_notes": [
        "Residential rows are merged across the use and unit columns; no unprinted per-dwelling unit is supplied.",
        "Park and Trails group labels merge the first two columns; their numeric group-header cells are blank.",
        "Four visibly blank separator bands have no native text. The Trails separator includes the taller lower whitespace beneath its final row.",
        "Commercial units preserve the source abbreviation 1,000 Sq. Ft of Building. Storm Drainage preserves Per Impervious Square Foot and three-decimal dollar values."
      ],
      "page_image_path": "/private/tmp/geode-clean-archive-2f2b450/research/local_review/ebenezer-016-017-reconciliation-2026-09-12/historical-packet/baseline/EB-PDF-016/inputs/page-0002.png"
    },
    {
      "row_id": "trails-fee-1",
      "physical_page": 2,
      "role": "fee",
      "cells": [
        {
          "column_start": 1,
          "column_span": 2,
          "text": "Residential 1,200 square feet or less of heated living space",
          "status": "native_bound_visible_text",
          "native_spans": [
            {
              "physical_page": 2,
              "text": "Residential 1,200 square feet or less of heated living space \n",
              "native_start": 3206,
              "native_end": 3268,
              "candidate_native_offset": 2833,
              "candidate_start": 6039,
              "candidate_end": 6101,
              "candidate_path": "/private/tmp/geode-clean-archive-2f2b450/research/local_review/ebenezer-016-017-reconciliation-2026-09-12/historical-packet/baseline/EB-PDF-016/inputs/candidate.txt",
              "sha256": "8d219b49a79f8fb2313d2a173de138a91db4b0edf46db4c1f699fa6ae56a4f9c"
            }
          ]
        },
        {
          "column_start": 3,
          "column_span": 1,
          "text": "$456",
          "status": "native_bound_visible_text",
          "native_spans": [
            {
              "physical_page": 2,
              "text": "$456 \n",
              "native_start": 3268,
              "native_end": 3274,
              "candidate_native_offset": 2833,
              "candidate_start": 6101,
              "candidate_end": 6107,
              "candidate_path": "/private/tmp/geode-clean-archive-2f2b450/research/local_review/ebenezer-016-017-reconciliation-2026-09-12/historical-packet/baseline/EB-PDF-016/inputs/candidate.txt",
              "sha256": "531e57ad2aedeb2801c4c926d70711d87275e925a74f4f957b7bda5da5b59c3a"
            }
          ]
        },
        {
          "column_start": 4,
          "column_span": 1,
          "text": "-1.97%",
          "status": "native_bound_visible_text",
          "native_spans": [
            {
              "physical_page": 2,
              "text": "-1.97% \n",
              "native_start": 3274,
              "native_end": 3282,
              "candidate_native_offset": 2833,
              "candidate_start": 6107,
              "candidate_end": 6115,
              "candidate_path": "/private/tmp/geode-clean-archive-2f2b450/research/local_review/ebenezer-016-017-reconciliation-2026-09-12/historical-packet/baseline/EB-PDF-016/inputs/candidate.txt",
              "sha256": "93fd3a450ae72a2487149eb5ec9464dd27c5f8a036347ed752baaf5d629f3bf4"
            }
          ]
        },
        {
          "column_start": 5,
          "column_span": 1,
          "text": "$447",
          "status": "native_bound_visible_text",
          "native_spans": [
            {
              "physical_page": 2,
              "text": "$447 \n",
              "native_start": 3282,
              "native_end": 3288,
              "candidate_native_offset": 2833,
              "candidate_start": 6115,
              "candidate_end": 6121,
              "candidate_path": "/private/tmp/geode-clean-archive-2f2b450/research/local_review/ebenezer-016-017-reconciliation-2026-09-12/historical-packet/baseline/EB-PDF-016/inputs/candidate.txt",
              "sha256": "07d54b9fe29abff7e8abc00f1d1b9488454d346dd606b8e2bd71946598808368"
            }
          ]
        }
      ],
      "table_id": "fees-page-2",
      "column_roles": [
        "Fee structure / use category",
        "Unit (residential rows merge columns 1–2 and include heated living space in their labels)",
        "2025 Fee",
        "% Change",
        "2026 Fee"
      ],
      "column_headers": [
        {
          "row_id": "fees-column-header",
          "physical_page": 2,
          "role": "column_header",
          "cells": [
            {
              "column_start": 1,
              "column_span": 2,
              "text": "Fee Structure",
              "status": "native_bound_visible_text",
              "native_spans": [
                {
                  "physical_page": 2,
                  "text": "Fee Structure \n",
                  "native_start": 1578,
                  "native_end": 1593,
                  "candidate_native_offset": 2833,
                  "candidate_start": 4411,
                  "candidate_end": 4426,
                  "candidate_path": "/private/tmp/geode-clean-archive-2f2b450/research/local_review/ebenezer-016-017-reconciliation-2026-09-12/historical-packet/baseline/EB-PDF-016/inputs/candidate.txt",
                  "sha256": "d0e110ba37b30f8afb170152005731f3d2cfc9ae6f41a32e1065c83f2d8d6a08"
                }
              ]
            },
            {
              "column_start": 3,
              "column_span": 1,
              "text": "2025 Fee",
              "status": "native_bound_visible_text",
              "native_spans": [
                {
                  "physical_page": 2,
                  "text": "2025 \n",
                  "native_start": 1593,
                  "native_end": 1599,
                  "candidate_native_offset": 2833,
                  "candidate_start": 4426,
                  "candidate_end": 4432,
                  "candidate_path": "/private/tmp/geode-clean-archive-2f2b450/research/local_review/ebenezer-016-017-reconciliation-2026-09-12/historical-packet/baseline/EB-PDF-016/inputs/candidate.txt",
                  "sha256": "4929c5f380db4e4e64244bb1627a910fe3e865746286961c3dcce2ed1254d609"
                },
                {
                  "physical_page": 2,
                  "text": "Fee \n",
                  "native_start": 1608,
                  "native_end": 1613,
                  "candidate_native_offset": 2833,
                  "candidate_start": 4441,
                  "candidate_end": 4446,
                  "candidate_path": "/private/tmp/geode-clean-archive-2f2b450/research/local_review/ebenezer-016-017-reconciliation-2026-09-12/historical-packet/baseline/EB-PDF-016/inputs/candidate.txt",
                  "sha256": "625c42035f628b130c7d9bfb932180403f60f0619339980ea4a35dcf1d9bd2f3"
                }
              ]
            },
            {
              "column_start": 4,
              "column_span": 1,
              "text": "% Change",
              "status": "native_bound_visible_text",
              "native_spans": [
                {
                  "physical_page": 2,
                  "text": "% \n",
                  "native_start": 1599,
                  "native_end": 1602,
                  "candidate_native_offset": 2833,
                  "candidate_start": 4432,
                  "candidate_end": 4435,
                  "candidate_path": "/private/tmp/geode-clean-archive-2f2b450/research/local_review/ebenezer-016-017-reconciliation-2026-09-12/historical-packet/baseline/EB-PDF-016/inputs/candidate.txt",
                  "sha256": "d39cf8cfab20e2e5431c71eb0b51aaa80741de7e28bc5af488e5de1239a068fb"
                },
                {
                  "physical_page": 2,
                  "text": "Change \n",
                  "native_start": 1613,
                  "native_end": 1621,
                  "candidate_native_offset": 2833,
                  "candidate_start": 4446,
                  "candidate_end": 4454,
                  "candidate_path": "/private/tmp/geode-clean-archive-2f2b450/research/local_review/ebenezer-016-017-reconciliation-2026-09-12/historical-packet/baseline/EB-PDF-016/inputs/candidate.txt",
                  "sha256": "e87df8642f6080a43657a54d0976ebb1dde4c9970ae84b2e36ef20e0c0f5df13"
                }
              ]
            },
            {
              "column_start": 5,
              "column_span": 1,
              "text": "2026 Fee",
              "status": "native_bound_visible_text",
              "native_spans": [
                {
                  "physical_page": 2,
                  "text": "2026 \n",
                  "native_start": 1602,
                  "native_end": 1608,
                  "candidate_native_offset": 2833,
                  "candidate_start": 4435,
                  "candidate_end": 4441,
                  "candidate_path": "/private/tmp/geode-clean-archive-2f2b450/research/local_review/ebenezer-016-017-reconciliation-2026-09-12/historical-packet/baseline/EB-PDF-016/inputs/candidate.txt",
                  "sha256": "c4362841f1265ed47991baebd539e7e82362332883e9f483aff1dd0c72c6164d"
                },
                {
                  "physical_page": 2,
                  "text": "Fee \n",
                  "native_start": 1621,
                  "native_end": 1626,
                  "candidate_native_offset": 2833,
                  "candidate_start": 4454,
                  "candidate_end": 4459,
                  "candidate_path": "/private/tmp/geode-clean-archive-2f2b450/research/local_review/ebenezer-016-017-reconciliation-2026-09-12/historical-packet/baseline/EB-PDF-016/inputs/candidate.txt",
                  "sha256": "625c42035f628b130c7d9bfb932180403f60f0619339980ea4a35dcf1d9bd2f3"
                }
              ]
            }
          ]
        }
      ],
      "group_headers": [
        {
          "row_id": "trails-header",
          "physical_page": 2,
          "role": "group_header",
          "cells": [
            {
              "column_start": 1,
              "column_span": 2,
              "text": "Trails Development Fee",
              "status": "native_bound_visible_text",
              "native_spans": [
                {
                  "physical_page": 2,
                  "text": "Trails Development Fee \n",
                  "native_start": 3182,
                  "native_end": 3206,
                  "candidate_native_offset": 2833,
                  "candidate_start": 6015,
                  "candidate_end": 6039,
                  "candidate_path": "/private/tmp/geode-clean-archive-2f2b450/research/local_review/ebenezer-016-017-reconciliation-2026-09-12/historical-packet/baseline/EB-PDF-016/inputs/candidate.txt",
                  "sha256": "259d29ad90204fca13b604ffc5e8c89d6e28786ccefe7a0edecf6a12147ad4af"
                }
              ]
            },
            {
              "column_start": 3,
              "column_span": 1,
              "text": "",
              "status": "visually_blank",
              "native_spans": []
            },
            {
              "column_start": 4,
              "column_span": 1,
              "text": "",
              "status": "visually_blank",
              "native_spans": []
            },
            {
              "column_start": 5,
              "column_span": 1,
              "text": "",
              "status": "visually_blank",
              "native_spans": []
            }
          ]
        }
      ],
      "table_headings": [],
      "association_notes": [
        "Residential rows are merged across the use and unit columns; no unprinted per-dwelling unit is supplied.",
        "Park and Trails group labels merge the first two columns; their numeric group-header cells are blank.",
        "Four visibly blank separator bands have no native text. The Trails separator includes the taller lower whitespace beneath its final row.",
        "Commercial units preserve the source abbreviation 1,000 Sq. Ft of Building. Storm Drainage preserves Per Impervious Square Foot and three-decimal dollar values."
      ],
      "page_image_path": "/private/tmp/geode-clean-archive-2f2b450/research/local_review/ebenezer-016-017-reconciliation-2026-09-12/historical-packet/baseline/EB-PDF-016/inputs/page-0002.png"
    },
    {
      "row_id": "trails-fee-2",
      "physical_page": 2,
      "role": "fee",
      "cells": [
        {
          "column_start": 1,
          "column_span": 2,
          "text": "Residential 1,201 square feet to 1,500 square feet of heated living space",
          "status": "native_bound_visible_text",
          "native_spans": [
            {
              "physical_page": 2,
              "text": "Residential 1,201 square feet to 1,500 square feet of heated living space \n",
              "native_start": 3288,
              "native_end": 3363,
              "candidate_native_offset": 2833,
              "candidate_start": 6121,
              "candidate_end": 6196,
              "candidate_path": "/private/tmp/geode-clean-archive-2f2b450/research/local_review/ebenezer-016-017-reconciliation-2026-09-12/historical-packet/baseline/EB-PDF-016/inputs/candidate.txt",
              "sha256": "7e9573fa333cf5f1d9efe0a987d9ba2870a105bd917942aa456f6503da3a16de"
            }
          ]
        },
        {
          "column_start": 3,
          "column_span": 1,
          "text": "$801",
          "status": "native_bound_visible_text",
          "native_spans": [
            {
              "physical_page": 2,
              "text": "$801 \n",
              "native_start": 3363,
              "native_end": 3369,
              "candidate_native_offset": 2833,
              "candidate_start": 6196,
              "candidate_end": 6202,
              "candidate_path": "/private/tmp/geode-clean-archive-2f2b450/research/local_review/ebenezer-016-017-reconciliation-2026-09-12/historical-packet/baseline/EB-PDF-016/inputs/candidate.txt",
              "sha256": "6a7a107e96d79658cccbbe86f464391bd1fb922b6a8a799a0d35c27c9c8c5bb0"
            }
          ]
        },
        {
          "column_start": 4,
          "column_span": 1,
          "text": "-2.12%",
          "status": "native_bound_visible_text",
          "native_spans": [
            {
              "physical_page": 2,
              "text": "-2.12% \n",
              "native_start": 3369,
              "native_end": 3377,
              "candidate_native_offset": 2833,
              "candidate_start": 6202,
              "candidate_end": 6210,
              "candidate_path": "/private/tmp/geode-clean-archive-2f2b450/research/local_review/ebenezer-016-017-reconciliation-2026-09-12/historical-packet/baseline/EB-PDF-016/inputs/candidate.txt",
              "sha256": "da142569b8119d1908e171a7481274c6f8174500420da32a9f629ecfb8f53df2"
            }
          ]
        },
        {
          "column_start": 5,
          "column_span": 1,
          "text": "$784",
          "status": "native_bound_visible_text",
          "native_spans": [
            {
              "physical_page": 2,
              "text": "$784 \n",
              "native_start": 3377,
              "native_end": 3383,
              "candidate_native_offset": 2833,
              "candidate_start": 6210,
              "candidate_end": 6216,
              "candidate_path": "/private/tmp/geode-clean-archive-2f2b450/research/local_review/ebenezer-016-017-reconciliation-2026-09-12/historical-packet/baseline/EB-PDF-016/inputs/candidate.txt",
              "sha256": "8ed9942c62e185738a83322a78142e6c9365e96221b825e0d831596f149535bc"
            }
          ]
        }
      ],
      "table_id": "fees-page-2",
      "column_roles": [
        "Fee structure / use category",
        "Unit (residential rows merge columns 1–2 and include heated living space in their labels)",
        "2025 Fee",
        "% Change",
        "2026 Fee"
      ],
      "column_headers": [
        {
          "row_id": "fees-column-header",
          "physical_page": 2,
          "role": "column_header",
          "cells": [
            {
              "column_start": 1,
              "column_span": 2,
              "text": "Fee Structure",
              "status": "native_bound_visible_text",
              "native_spans": [
                {
                  "physical_page": 2,
                  "text": "Fee Structure \n",
                  "native_start": 1578,
                  "native_end": 1593,
                  "candidate_native_offset": 2833,
                  "candidate_start": 4411,
                  "candidate_end": 4426,
                  "candidate_path": "/private/tmp/geode-clean-archive-2f2b450/research/local_review/ebenezer-016-017-reconciliation-2026-09-12/historical-packet/baseline/EB-PDF-016/inputs/candidate.txt",
                  "sha256": "d0e110ba37b30f8afb170152005731f3d2cfc9ae6f41a32e1065c83f2d8d6a08"
                }
              ]
            },
            {
              "column_start": 3,
              "column_span": 1,
              "text": "2025 Fee",
              "status": "native_bound_visible_text",
              "native_spans": [
                {
                  "physical_page": 2,
                  "text": "2025 \n",
                  "native_start": 1593,
                  "native_end": 1599,
                  "candidate_native_offset": 2833,
                  "candidate_start": 4426,
                  "candidate_end": 4432,
                  "candidate_path": "/private/tmp/geode-clean-archive-2f2b450/research/local_review/ebenezer-016-017-reconciliation-2026-09-12/historical-packet/baseline/EB-PDF-016/inputs/candidate.txt",
                  "sha256": "4929c5f380db4e4e64244bb1627a910fe3e865746286961c3dcce2ed1254d609"
                },
                {
                  "physical_page": 2,
                  "text": "Fee \n",
                  "native_start": 1608,
                  "native_end": 1613,
                  "candidate_native_offset": 2833,
                  "candidate_start": 4441,
                  "candidate_end": 4446,
                  "candidate_path": "/private/tmp/geode-clean-archive-2f2b450/research/local_review/ebenezer-016-017-reconciliation-2026-09-12/historical-packet/baseline/EB-PDF-016/inputs/candidate.txt",
                  "sha256": "625c42035f628b130c7d9bfb932180403f60f0619339980ea4a35dcf1d9bd2f3"
                }
              ]
            },
            {
              "column_start": 4,
              "column_span": 1,
              "text": "% Change",
              "status": "native_bound_visible_text",
              "native_spans": [
                {
                  "physical_page": 2,
                  "text": "% \n",
                  "native_start": 1599,
                  "native_end": 1602,
                  "candidate_native_offset": 2833,
                  "candidate_start": 4432,
                  "candidate_end": 4435,
                  "candidate_path": "/private/tmp/geode-clean-archive-2f2b450/research/local_review/ebenezer-016-017-reconciliation-2026-09-12/historical-packet/baseline/EB-PDF-016/inputs/candidate.txt",
                  "sha256": "d39cf8cfab20e2e5431c71eb0b51aaa80741de7e28bc5af488e5de1239a068fb"
                },
                {
                  "physical_page": 2,
                  "text": "Change \n",
                  "native_start": 1613,
                  "native_end": 1621,
                  "candidate_native_offset": 2833,
                  "candidate_start": 4446,
                  "candidate_end": 4454,
                  "candidate_path": "/private/tmp/geode-clean-archive-2f2b450/research/local_review/ebenezer-016-017-reconciliation-2026-09-12/historical-packet/baseline/EB-PDF-016/inputs/candidate.txt",
                  "sha256": "e87df8642f6080a43657a54d0976ebb1dde4c9970ae84b2e36ef20e0c0f5df13"
                }
              ]
            },
            {
              "column_start": 5,
              "column_span": 1,
              "text": "2026 Fee",
              "status": "native_bound_visible_text",
              "native_spans": [
                {
                  "physical_page": 2,
                  "text": "2026 \n",
                  "native_start": 1602,
                  "native_end": 1608,
                  "candidate_native_offset": 2833,
                  "candidate_start": 4435,
                  "candidate_end": 4441,
                  "candidate_path": "/private/tmp/geode-clean-archive-2f2b450/research/local_review/ebenezer-016-017-reconciliation-2026-09-12/historical-packet/baseline/EB-PDF-016/inputs/candidate.txt",
                  "sha256": "c4362841f1265ed47991baebd539e7e82362332883e9f483aff1dd0c72c6164d"
                },
                {
                  "physical_page": 2,
                  "text": "Fee \n",
                  "native_start": 1621,
                  "native_end": 1626,
                  "candidate_native_offset": 2833,
                  "candidate_start": 4454,
                  "candidate_end": 4459,
                  "candidate_path": "/private/tmp/geode-clean-archive-2f2b450/research/local_review/ebenezer-016-017-reconciliation-2026-09-12/historical-packet/baseline/EB-PDF-016/inputs/candidate.txt",
                  "sha256": "625c42035f628b130c7d9bfb932180403f60f0619339980ea4a35dcf1d9bd2f3"
                }
              ]
            }
          ]
        }
      ],
      "group_headers": [
        {
          "row_id": "trails-header",
          "physical_page": 2,
          "role": "group_header",
          "cells": [
            {
              "column_start": 1,
              "column_span": 2,
              "text": "Trails Development Fee",
              "status": "native_bound_visible_text",
              "native_spans": [
                {
                  "physical_page": 2,
                  "text": "Trails Development Fee \n",
                  "native_start": 3182,
                  "native_end": 3206,
                  "candidate_native_offset": 2833,
                  "candidate_start": 6015,
                  "candidate_end": 6039,
                  "candidate_path": "/private/tmp/geode-clean-archive-2f2b450/research/local_review/ebenezer-016-017-reconciliation-2026-09-12/historical-packet/baseline/EB-PDF-016/inputs/candidate.txt",
                  "sha256": "259d29ad90204fca13b604ffc5e8c89d6e28786ccefe7a0edecf6a12147ad4af"
                }
              ]
            },
            {
              "column_start": 3,
              "column_span": 1,
              "text": "",
              "status": "visually_blank",
              "native_spans": []
            },
            {
              "column_start": 4,
              "column_span": 1,
              "text": "",
              "status": "visually_blank",
              "native_spans": []
            },
            {
              "column_start": 5,
              "column_span": 1,
              "text": "",
              "status": "visually_blank",
              "native_spans": []
            }
          ]
        }
      ],
      "table_headings": [],
      "association_notes": [
        "Residential rows are merged across the use and unit columns; no unprinted per-dwelling unit is supplied.",
        "Park and Trails group labels merge the first two columns; their numeric group-header cells are blank.",
        "Four visibly blank separator bands have no native text. The Trails separator includes the taller lower whitespace beneath its final row.",
        "Commercial units preserve the source abbreviation 1,000 Sq. Ft of Building. Storm Drainage preserves Per Impervious Square Foot and three-decimal dollar values."
      ],
      "page_image_path": "/private/tmp/geode-clean-archive-2f2b450/research/local_review/ebenezer-016-017-reconciliation-2026-09-12/historical-packet/baseline/EB-PDF-016/inputs/page-0002.png"
    },
    {
      "row_id": "trails-fee-3",
      "physical_page": 2,
      "role": "fee",
      "cells": [
        {
          "column_start": 1,
          "column_span": 2,
          "text": "Residential 1,501 square feet to 1,800 square feet of heated living space",
          "status": "native_bound_visible_text",
          "native_spans": [
            {
              "physical_page": 2,
              "text": "Residential 1,501 square feet to 1,800 square feet of heated living space \n",
              "native_start": 3383,
              "native_end": 3458,
              "candidate_native_offset": 2833,
              "candidate_start": 6216,
              "candidate_end": 6291,
              "candidate_path": "/private/tmp/geode-clean-archive-2f2b450/research/local_review/ebenezer-016-017-reconciliation-2026-09-12/historical-packet/baseline/EB-PDF-016/inputs/candidate.txt",
              "sha256": "0192a5279d31498f8444109b23e4ac24a038420c1f3eab7b52dd95ec16bd54a2"
            }
          ]
        },
        {
          "column_start": 3,
          "column_span": 1,
          "text": "$906",
          "status": "native_bound_visible_text",
          "native_spans": [
            {
              "physical_page": 2,
              "text": "$906 \n",
              "native_start": 3458,
              "native_end": 3464,
              "candidate_native_offset": 2833,
              "candidate_start": 6291,
              "candidate_end": 6297,
              "candidate_path": "/private/tmp/geode-clean-archive-2f2b450/research/local_review/ebenezer-016-017-reconciliation-2026-09-12/historical-packet/baseline/EB-PDF-016/inputs/candidate.txt",
              "sha256": "310cb52d462d4d8cf4c799e48644baffd9f60e61c637ee909fb013cd24a5c4d6"
            }
          ]
        },
        {
          "column_start": 4,
          "column_span": 1,
          "text": "-2.10%",
          "status": "native_bound_visible_text",
          "native_spans": [
            {
              "physical_page": 2,
              "text": "-2.10% \n",
              "native_start": 3464,
              "native_end": 3472,
              "candidate_native_offset": 2833,
              "candidate_start": 6297,
              "candidate_end": 6305,
              "candidate_path": "/private/tmp/geode-clean-archive-2f2b450/research/local_review/ebenezer-016-017-reconciliation-2026-09-12/historical-packet/baseline/EB-PDF-016/inputs/candidate.txt",
              "sha256": "36f61eb80d6843336356968be9bb1a796895a0aa034c0550127dda8f3b7f54d3"
            }
          ]
        },
        {
          "column_start": 5,
          "column_span": 1,
          "text": "$887",
          "status": "native_bound_visible_text",
          "native_spans": [
            {
              "physical_page": 2,
              "text": "$887 \n",
              "native_start": 3472,
              "native_end": 3478,
              "candidate_native_offset": 2833,
              "candidate_start": 6305,
              "candidate_end": 6311,
              "candidate_path": "/private/tmp/geode-clean-archive-2f2b450/research/local_review/ebenezer-016-017-reconciliation-2026-09-12/historical-packet/baseline/EB-PDF-016/inputs/candidate.txt",
              "sha256": "8f4002ff53bfb578ce7be4329a1c82c3fc5cee1224e2871df5f5959704b46eab"
            }
          ]
        }
      ],
      "table_id": "fees-page-2",
      "column_roles": [
        "Fee structure / use category",
        "Unit (residential rows merge columns 1–2 and include heated living space in their labels)",
        "2025 Fee",
        "% Change",
        "2026 Fee"
      ],
      "column_headers": [
        {
          "row_id": "fees-column-header",
          "physical_page": 2,
          "role": "column_header",
          "cells": [
            {
              "column_start": 1,
              "column_span": 2,
              "text": "Fee Structure",
              "status": "native_bound_visible_text",
              "native_spans": [
                {
                  "physical_page": 2,
                  "text": "Fee Structure \n",
                  "native_start": 1578,
                  "native_end": 1593,
                  "candidate_native_offset": 2833,
                  "candidate_start": 4411,
                  "candidate_end": 4426,
                  "candidate_path": "/private/tmp/geode-clean-archive-2f2b450/research/local_review/ebenezer-016-017-reconciliation-2026-09-12/historical-packet/baseline/EB-PDF-016/inputs/candidate.txt",
                  "sha256": "d0e110ba37b30f8afb170152005731f3d2cfc9ae6f41a32e1065c83f2d8d6a08"
                }
              ]
            },
            {
              "column_start": 3,
              "column_span": 1,
              "text": "2025 Fee",
              "status": "native_bound_visible_text",
              "native_spans": [
                {
                  "physical_page": 2,
                  "text": "2025 \n",
                  "native_start": 1593,
                  "native_end": 1599,
                  "candidate_native_offset": 2833,
                  "candidate_start": 4426,
                  "candidate_end": 4432,
                  "candidate_path": "/private/tmp/geode-clean-archive-2f2b450/research/local_review/ebenezer-016-017-reconciliation-2026-09-12/historical-packet/baseline/EB-PDF-016/inputs/candidate.txt",
                  "sha256": "4929c5f380db4e4e64244bb1627a910fe3e865746286961c3dcce2ed1254d609"
                },
                {
                  "physical_page": 2,
                  "text": "Fee \n",
                  "native_start": 1608,
                  "native_end": 1613,
                  "candidate_native_offset": 2833,
                  "candidate_start": 4441,
                  "candidate_end": 4446,
                  "candidate_path": "/private/tmp/geode-clean-archive-2f2b450/research/local_review/ebenezer-016-017-reconciliation-2026-09-12/historical-packet/baseline/EB-PDF-016/inputs/candidate.txt",
                  "sha256": "625c42035f628b130c7d9bfb932180403f60f0619339980ea4a35dcf1d9bd2f3"
                }
              ]
            },
            {
              "column_start": 4,
              "column_span": 1,
              "text": "% Change",
              "status": "native_bound_visible_text",
              "native_spans": [
                {
                  "physical_page": 2,
                  "text": "% \n",
                  "native_start": 1599,
                  "native_end": 1602,
                  "candidate_native_offset": 2833,
                  "candidate_start": 4432,
                  "candidate_end": 4435,
                  "candidate_path": "/private/tmp/geode-clean-archive-2f2b450/research/local_review/ebenezer-016-017-reconciliation-2026-09-12/historical-packet/baseline/EB-PDF-016/inputs/candidate.txt",
                  "sha256": "d39cf8cfab20e2e5431c71eb0b51aaa80741de7e28bc5af488e5de1239a068fb"
                },
                {
                  "physical_page": 2,
                  "text": "Change \n",
                  "native_start": 1613,
                  "native_end": 1621,
                  "candidate_native_offset": 2833,
                  "candidate_start": 4446,
                  "candidate_end": 4454,
                  "candidate_path": "/private/tmp/geode-clean-archive-2f2b450/research/local_review/ebenezer-016-017-reconciliation-2026-09-12/historical-packet/baseline/EB-PDF-016/inputs/candidate.txt",
                  "sha256": "e87df8642f6080a43657a54d0976ebb1dde4c9970ae84b2e36ef20e0c0f5df13"
                }
              ]
            },
            {
              "column_start": 5,
              "column_span": 1,
              "text": "2026 Fee",
              "status": "native_bound_visible_text",
              "native_spans": [
                {
                  "physical_page": 2,
                  "text": "2026 \n",
                  "native_start": 1602,
                  "native_end": 1608,
                  "candidate_native_offset": 2833,
                  "candidate_start": 4435,
                  "candidate_end": 4441,
                  "candidate_path": "/private/tmp/geode-clean-archive-2f2b450/research/local_review/ebenezer-016-017-reconciliation-2026-09-12/historical-packet/baseline/EB-PDF-016/inputs/candidate.txt",
                  "sha256": "c4362841f1265ed47991baebd539e7e82362332883e9f483aff1dd0c72c6164d"
                },
                {
                  "physical_page": 2,
                  "text": "Fee \n",
                  "native_start": 1621,
                  "native_end": 1626,
                  "candidate_native_offset": 2833,
                  "candidate_start": 4454,
                  "candidate_end": 4459,
                  "candidate_path": "/private/tmp/geode-clean-archive-2f2b450/research/local_review/ebenezer-016-017-reconciliation-2026-09-12/historical-packet/baseline/EB-PDF-016/inputs/candidate.txt",
                  "sha256": "625c42035f628b130c7d9bfb932180403f60f0619339980ea4a35dcf1d9bd2f3"
                }
              ]
            }
          ]
        }
      ],
      "group_headers": [
        {
          "row_id": "trails-header",
          "physical_page": 2,
          "role": "group_header",
          "cells": [
            {
              "column_start": 1,
              "column_span": 2,
              "text": "Trails Development Fee",
              "status": "native_bound_visible_text",
              "native_spans": [
                {
                  "physical_page": 2,
                  "text": "Trails Development Fee \n",
                  "native_start": 3182,
                  "native_end": 3206,
                  "candidate_native_offset": 2833,
                  "candidate_start": 6015,
                  "candidate_end": 6039,
                  "candidate_path": "/private/tmp/geode-clean-archive-2f2b450/research/local_review/ebenezer-016-017-reconciliation-2026-09-12/historical-packet/baseline/EB-PDF-016/inputs/candidate.txt",
                  "sha256": "259d29ad90204fca13b604ffc5e8c89d6e28786ccefe7a0edecf6a12147ad4af"
                }
              ]
            },
            {
              "column_start": 3,
              "column_span": 1,
              "text": "",
              "status": "visually_blank",
              "native_spans": []
            },
            {
              "column_start": 4,
              "column_span": 1,
              "text": "",
              "status": "visually_blank",
              "native_spans": []
            },
            {
              "column_start": 5,
              "column_span": 1,
              "text": "",
              "status": "visually_blank",
              "native_spans": []
            }
          ]
        }
      ],
      "table_headings": [],
      "association_notes": [
        "Residential rows are merged across the use and unit columns; no unprinted per-dwelling unit is supplied.",
        "Park and Trails group labels merge the first two columns; their numeric group-header cells are blank.",
        "Four visibly blank separator bands have no native text. The Trails separator includes the taller lower whitespace beneath its final row.",
        "Commercial units preserve the source abbreviation 1,000 Sq. Ft of Building. Storm Drainage preserves Per Impervious Square Foot and three-decimal dollar values."
      ],
      "page_image_path": "/private/tmp/geode-clean-archive-2f2b450/research/local_review/ebenezer-016-017-reconciliation-2026-09-12/historical-packet/baseline/EB-PDF-016/inputs/page-0002.png"
    },
    {
      "row_id": "trails-fee-4",
      "physical_page": 2,
      "role": "fee",
      "cells": [
        {
          "column_start": 1,
          "column_span": 2,
          "text": "Residential 1,801 square feet or more of heated living space",
          "status": "native_bound_visible_text",
          "native_spans": [
            {
              "physical_page": 2,
              "text": "Residential 1,801 square feet or more of heated living space \n",
              "native_start": 3478,
              "native_end": 3540,
              "candidate_native_offset": 2833,
              "candidate_start": 6311,
              "candidate_end": 6373,
              "candidate_path": "/private/tmp/geode-clean-archive-2f2b450/research/local_review/ebenezer-016-017-reconciliation-2026-09-12/historical-packet/baseline/EB-PDF-016/inputs/candidate.txt",
              "sha256": "4bb03537efdd9641317d0bc8953294a02263c20a67ed1ce4c269c6faa4845776"
            }
          ]
        },
        {
          "column_start": 3,
          "column_span": 1,
          "text": "$967",
          "status": "native_bound_visible_text",
          "native_spans": [
            {
              "physical_page": 2,
              "text": "$967 \n",
              "native_start": 3540,
              "native_end": 3546,
              "candidate_native_offset": 2833,
              "candidate_start": 6373,
              "candidate_end": 6379,
              "candidate_path": "/private/tmp/geode-clean-archive-2f2b450/research/local_review/ebenezer-016-017-reconciliation-2026-09-12/historical-packet/baseline/EB-PDF-016/inputs/candidate.txt",
              "sha256": "d4f8f334f65e6192824a898713d83165bebbaf7c406e50417977f93b6f4ded79"
            }
          ]
        },
        {
          "column_start": 4,
          "column_span": 1,
          "text": "-2.07%",
          "status": "native_bound_visible_text",
          "native_spans": [
            {
              "physical_page": 2,
              "text": "-2.07% \n",
              "native_start": 3546,
              "native_end": 3554,
              "candidate_native_offset": 2833,
              "candidate_start": 6379,
              "candidate_end": 6387,
              "candidate_path": "/private/tmp/geode-clean-archive-2f2b450/research/local_review/ebenezer-016-017-reconciliation-2026-09-12/historical-packet/baseline/EB-PDF-016/inputs/candidate.txt",
              "sha256": "2e2a167dd6679e0422b321d9212326272715bdbb0ca42540b5725197357952dd"
            }
          ]
        },
        {
          "column_start": 5,
          "column_span": 1,
          "text": "$947",
          "status": "native_bound_visible_text",
          "native_spans": [
            {
              "physical_page": 2,
              "text": "$947 \n",
              "native_start": 3554,
              "native_end": 3560,
              "candidate_native_offset": 2833,
              "candidate_start": 6387,
              "candidate_end": 6393,
              "candidate_path": "/private/tmp/geode-clean-archive-2f2b450/research/local_review/ebenezer-016-017-reconciliation-2026-09-12/historical-packet/baseline/EB-PDF-016/inputs/candidate.txt",
              "sha256": "fef60eeedd95fe2404cc876053757e461f113a3c9a06eca41f63e6f62773d4a2"
            }
          ]
        }
      ],
      "table_id": "fees-page-2",
      "column_roles": [
        "Fee structure / use category",
        "Unit (residential rows merge columns 1–2 and include heated living space in their labels)",
        "2025 Fee",
        "% Change",
        "2026 Fee"
      ],
      "column_headers": [
        {
          "row_id": "fees-column-header",
          "physical_page": 2,
          "role": "column_header",
          "cells": [
            {
              "column_start": 1,
              "column_span": 2,
              "text": "Fee Structure",
              "status": "native_bound_visible_text",
              "native_spans": [
                {
                  "physical_page": 2,
                  "text": "Fee Structure \n",
                  "native_start": 1578,
                  "native_end": 1593,
                  "candidate_native_offset": 2833,
                  "candidate_start": 4411,
                  "candidate_end": 4426,
                  "candidate_path": "/private/tmp/geode-clean-archive-2f2b450/research/local_review/ebenezer-016-017-reconciliation-2026-09-12/historical-packet/baseline/EB-PDF-016/inputs/candidate.txt",
                  "sha256": "d0e110ba37b30f8afb170152005731f3d2cfc9ae6f41a32e1065c83f2d8d6a08"
                }
              ]
            },
            {
              "column_start": 3,
              "column_span": 1,
              "text": "2025 Fee",
              "status": "native_bound_visible_text",
              "native_spans": [
                {
                  "physical_page": 2,
                  "text": "2025 \n",
                  "native_start": 1593,
                  "native_end": 1599,
                  "candidate_native_offset": 2833,
                  "candidate_start": 4426,
                  "candidate_end": 4432,
                  "candidate_path": "/private/tmp/geode-clean-archive-2f2b450/research/local_review/ebenezer-016-017-reconciliation-2026-09-12/historical-packet/baseline/EB-PDF-016/inputs/candidate.txt",
                  "sha256": "4929c5f380db4e4e64244bb1627a910fe3e865746286961c3dcce2ed1254d609"
                },
                {
                  "physical_page": 2,
                  "text": "Fee \n",
                  "native_start": 1608,
                  "native_end": 1613,
                  "candidate_native_offset": 2833,
                  "candidate_start": 4441,
                  "candidate_end": 4446,
                  "candidate_path": "/private/tmp/geode-clean-archive-2f2b450/research/local_review/ebenezer-016-017-reconciliation-2026-09-12/historical-packet/baseline/EB-PDF-016/inputs/candidate.txt",
                  "sha256": "625c42035f628b130c7d9bfb932180403f60f0619339980ea4a35dcf1d9bd2f3"
                }
              ]
            },
            {
              "column_start": 4,
              "column_span": 1,
              "text": "% Change",
              "status": "native_bound_visible_text",
              "native_spans": [
                {
                  "physical_page": 2,
                  "text": "% \n",
                  "native_start": 1599,
                  "native_end": 1602,
                  "candidate_native_offset": 2833,
                  "candidate_start": 4432,
                  "candidate_end": 4435,
                  "candidate_path": "/private/tmp/geode-clean-archive-2f2b450/research/local_review/ebenezer-016-017-reconciliation-2026-09-12/historical-packet/baseline/EB-PDF-016/inputs/candidate.txt",
                  "sha256": "d39cf8cfab20e2e5431c71eb0b51aaa80741de7e28bc5af488e5de1239a068fb"
                },
                {
                  "physical_page": 2,
                  "text": "Change \n",
                  "native_start": 1613,
                  "native_end": 1621,
                  "candidate_native_offset": 2833,
                  "candidate_start": 4446,
                  "candidate_end": 4454,
                  "candidate_path": "/private/tmp/geode-clean-archive-2f2b450/research/local_review/ebenezer-016-017-reconciliation-2026-09-12/historical-packet/baseline/EB-PDF-016/inputs/candidate.txt",
                  "sha256": "e87df8642f6080a43657a54d0976ebb1dde4c9970ae84b2e36ef20e0c0f5df13"
                }
              ]
            },
            {
              "column_start": 5,
              "column_span": 1,
              "text": "2026 Fee",
              "status": "native_bound_visible_text",
              "native_spans": [
                {
                  "physical_page": 2,
                  "text": "2026 \n",
                  "native_start": 1602,
                  "native_end": 1608,
                  "candidate_native_offset": 2833,
                  "candidate_start": 4435,
                  "candidate_end": 4441,
                  "candidate_path": "/private/tmp/geode-clean-archive-2f2b450/research/local_review/ebenezer-016-017-reconciliation-2026-09-12/historical-packet/baseline/EB-PDF-016/inputs/candidate.txt",
                  "sha256": "c4362841f1265ed47991baebd539e7e82362332883e9f483aff1dd0c72c6164d"
                },
                {
                  "physical_page": 2,
                  "text": "Fee \n",
                  "native_start": 1621,
                  "native_end": 1626,
                  "candidate_native_offset": 2833,
                  "candidate_start": 4454,
                  "candidate_end": 4459,
                  "candidate_path": "/private/tmp/geode-clean-archive-2f2b450/research/local_review/ebenezer-016-017-reconciliation-2026-09-12/historical-packet/baseline/EB-PDF-016/inputs/candidate.txt",
                  "sha256": "625c42035f628b130c7d9bfb932180403f60f0619339980ea4a35dcf1d9bd2f3"
                }
              ]
            }
          ]
        }
      ],
      "group_headers": [
        {
          "row_id": "trails-header",
          "physical_page": 2,
          "role": "group_header",
          "cells": [
            {
              "column_start": 1,
              "column_span": 2,
              "text": "Trails Development Fee",
              "status": "native_bound_visible_text",
              "native_spans": [
                {
                  "physical_page": 2,
                  "text": "Trails Development Fee \n",
                  "native_start": 3182,
                  "native_end": 3206,
                  "candidate_native_offset": 2833,
                  "candidate_start": 6015,
                  "candidate_end": 6039,
                  "candidate_path": "/private/tmp/geode-clean-archive-2f2b450/research/local_review/ebenezer-016-017-reconciliation-2026-09-12/historical-packet/baseline/EB-PDF-016/inputs/candidate.txt",
                  "sha256": "259d29ad90204fca13b604ffc5e8c89d6e28786ccefe7a0edecf6a12147ad4af"
                }
              ]
            },
            {
              "column_start": 3,
              "column_span": 1,
              "text": "",
              "status": "visually_blank",
              "native_spans": []
            },
            {
              "column_start": 4,
              "column_span": 1,
              "text": "",
              "status": "visually_blank",
              "native_spans": []
            },
            {
              "column_start": 5,
              "column_span": 1,
              "text": "",
              "status": "visually_blank",
              "native_spans": []
            }
          ]
        }
      ],
      "table_headings": [],
      "association_notes": [
        "Residential rows are merged across the use and unit columns; no unprinted per-dwelling unit is supplied.",
        "Park and Trails group labels merge the first two columns; their numeric group-header cells are blank.",
        "Four visibly blank separator bands have no native text. The Trails separator includes the taller lower whitespace beneath its final row.",
        "Commercial units preserve the source abbreviation 1,000 Sq. Ft of Building. Storm Drainage preserves Per Impervious Square Foot and three-decimal dollar values."
      ],
      "page_image_path": "/private/tmp/geode-clean-archive-2f2b450/research/local_review/ebenezer-016-017-reconciliation-2026-09-12/historical-packet/baseline/EB-PDF-016/inputs/page-0002.png"
    },
    {
      "row_id": "storm-drainage-fee-1",
      "physical_page": 2,
      "role": "fee",
      "cells": [
        {
          "column_start": 1,
          "column_span": 1,
          "text": "Impervious Area",
          "status": "native_bound_visible_text",
          "native_spans": [
            {
              "physical_page": 2,
              "text": "Impervious Area \n",
              "native_start": 3598,
              "native_end": 3615,
              "candidate_native_offset": 2833,
              "candidate_start": 6431,
              "candidate_end": 6448,
              "candidate_path": "/private/tmp/geode-clean-archive-2f2b450/research/local_review/ebenezer-016-017-reconciliation-2026-09-12/historical-packet/baseline/EB-PDF-016/inputs/candidate.txt",
              "sha256": "01f69e8d1e673c34f47c4d008610906a5343252d3e0a0f3d236ed96261c9a617"
            }
          ]
        },
        {
          "column_start": 2,
          "column_span": 1,
          "text": "Per Impervious Square Foot",
          "status": "native_bound_visible_text",
          "native_spans": [
            {
              "physical_page": 2,
              "text": "Per Impervious Square Foot \n",
              "native_start": 3615,
              "native_end": 3643,
              "candidate_native_offset": 2833,
              "candidate_start": 6448,
              "candidate_end": 6476,
              "candidate_path": "/private/tmp/geode-clean-archive-2f2b450/research/local_review/ebenezer-016-017-reconciliation-2026-09-12/historical-packet/baseline/EB-PDF-016/inputs/candidate.txt",
              "sha256": "aa98b140f108d1650011e1a597b6b249071e4732832576c5b843f5a3cc699b0a"
            }
          ]
        },
        {
          "column_start": 3,
          "column_span": 1,
          "text": "$0.315",
          "status": "native_bound_visible_text",
          "native_spans": [
            {
              "physical_page": 2,
              "text": "$0.315 \n",
              "native_start": 3643,
              "native_end": 3651,
              "candidate_native_offset": 2833,
              "candidate_start": 6476,
              "candidate_end": 6484,
              "candidate_path": "/private/tmp/geode-clean-archive-2f2b450/research/local_review/ebenezer-016-017-reconciliation-2026-09-12/historical-packet/baseline/EB-PDF-016/inputs/candidate.txt",
              "sha256": "6bc9eb3ac173c7d68d427bef92480f7ab2171ac5d406e470e1fdaabf72a512a8"
            }
          ]
        },
        {
          "column_start": 4,
          "column_span": 1,
          "text": "-2.22%",
          "status": "native_bound_visible_text",
          "native_spans": [
            {
              "physical_page": 2,
              "text": "-2.22% \n",
              "native_start": 3651,
              "native_end": 3659,
              "candidate_native_offset": 2833,
              "candidate_start": 6484,
              "candidate_end": 6492,
              "candidate_path": "/private/tmp/geode-clean-archive-2f2b450/research/local_review/ebenezer-016-017-reconciliation-2026-09-12/historical-packet/baseline/EB-PDF-016/inputs/candidate.txt",
              "sha256": "a6f70ccee4d527fc6cb2a25934a4e1028b42d931886b83c3ce8e1c7aeee15e1d"
            }
          ]
        },
        {
          "column_start": 5,
          "column_span": 1,
          "text": "$0.308",
          "status": "native_bound_visible_text",
          "native_spans": [
            {
              "physical_page": 2,
              "text": "$0.308 \n",
              "native_start": 3659,
              "native_end": 3667,
              "candidate_native_offset": 2833,
              "candidate_start": 6492,
              "candidate_end": 6500,
              "candidate_path": "/private/tmp/geode-clean-archive-2f2b450/research/local_review/ebenezer-016-017-reconciliation-2026-09-12/historical-packet/baseline/EB-PDF-016/inputs/candidate.txt",
              "sha256": "227b61946a0b04283b4d30d93647b16cc902140afbc15b8cbe149dbd42c7f03e"
            }
          ]
        }
      ],
      "table_id": "fees-page-2",
      "column_roles": [
        "Fee structure / use category",
        "Unit (residential rows merge columns 1–2 and include heated living space in their labels)",
        "2025 Fee",
        "% Change",
        "2026 Fee"
      ],
      "column_headers": [
        {
          "row_id": "fees-column-header",
          "physical_page": 2,
          "role": "column_header",
          "cells": [
            {
              "column_start": 1,
              "column_span": 2,
              "text": "Fee Structure",
              "status": "native_bound_visible_text",
              "native_spans": [
                {
                  "physical_page": 2,
                  "text": "Fee Structure \n",
                  "native_start": 1578,
                  "native_end": 1593,
                  "candidate_native_offset": 2833,
                  "candidate_start": 4411,
                  "candidate_end": 4426,
                  "candidate_path": "/private/tmp/geode-clean-archive-2f2b450/research/local_review/ebenezer-016-017-reconciliation-2026-09-12/historical-packet/baseline/EB-PDF-016/inputs/candidate.txt",
                  "sha256": "d0e110ba37b30f8afb170152005731f3d2cfc9ae6f41a32e1065c83f2d8d6a08"
                }
              ]
            },
            {
              "column_start": 3,
              "column_span": 1,
              "text": "2025 Fee",
              "status": "native_bound_visible_text",
              "native_spans": [
                {
                  "physical_page": 2,
                  "text": "2025 \n",
                  "native_start": 1593,
                  "native_end": 1599,
                  "candidate_native_offset": 2833,
                  "candidate_start": 4426,
                  "candidate_end": 4432,
                  "candidate_path": "/private/tmp/geode-clean-archive-2f2b450/research/local_review/ebenezer-016-017-reconciliation-2026-09-12/historical-packet/baseline/EB-PDF-016/inputs/candidate.txt",
                  "sha256": "4929c5f380db4e4e64244bb1627a910fe3e865746286961c3dcce2ed1254d609"
                },
                {
                  "physical_page": 2,
                  "text": "Fee \n",
                  "native_start": 1608,
                  "native_end": 1613,
                  "candidate_native_offset": 2833,
                  "candidate_start": 4441,
                  "candidate_end": 4446,
                  "candidate_path": "/private/tmp/geode-clean-archive-2f2b450/research/local_review/ebenezer-016-017-reconciliation-2026-09-12/historical-packet/baseline/EB-PDF-016/inputs/candidate.txt",
                  "sha256": "625c42035f628b130c7d9bfb932180403f60f0619339980ea4a35dcf1d9bd2f3"
                }
              ]
            },
            {
              "column_start": 4,
              "column_span": 1,
              "text": "% Change",
              "status": "native_bound_visible_text",
              "native_spans": [
                {
                  "physical_page": 2,
                  "text": "% \n",
                  "native_start": 1599,
                  "native_end": 1602,
                  "candidate_native_offset": 2833,
                  "candidate_start": 4432,
                  "candidate_end": 4435,
                  "candidate_path": "/private/tmp/geode-clean-archive-2f2b450/research/local_review/ebenezer-016-017-reconciliation-2026-09-12/historical-packet/baseline/EB-PDF-016/inputs/candidate.txt",
                  "sha256": "d39cf8cfab20e2e5431c71eb0b51aaa80741de7e28bc5af488e5de1239a068fb"
                },
                {
                  "physical_page": 2,
                  "text": "Change \n",
                  "native_start": 1613,
                  "native_end": 1621,
                  "candidate_native_offset": 2833,
                  "candidate_start": 4446,
                  "candidate_end": 4454,
                  "candidate_path": "/private/tmp/geode-clean-archive-2f2b450/research/local_review/ebenezer-016-017-reconciliation-2026-09-12/historical-packet/baseline/EB-PDF-016/inputs/candidate.txt",
                  "sha256": "e87df8642f6080a43657a54d0976ebb1dde4c9970ae84b2e36ef20e0c0f5df13"
                }
              ]
            },
            {
              "column_start": 5,
              "column_span": 1,
              "text": "2026 Fee",
              "status": "native_bound_visible_text",
              "native_spans": [
                {
                  "physical_page": 2,
                  "text": "2026 \n",
                  "native_start": 1602,
                  "native_end": 1608,
                  "candidate_native_offset": 2833,
                  "candidate_start": 4435,
                  "candidate_end": 4441,
                  "candidate_path": "/private/tmp/geode-clean-archive-2f2b450/research/local_review/ebenezer-016-017-reconciliation-2026-09-12/historical-packet/baseline/EB-PDF-016/inputs/candidate.txt",
                  "sha256": "c4362841f1265ed47991baebd539e7e82362332883e9f483aff1dd0c72c6164d"
                },
                {
                  "physical_page": 2,
                  "text": "Fee \n",
                  "native_start": 1621,
                  "native_end": 1626,
                  "candidate_native_offset": 2833,
                  "candidate_start": 4454,
                  "candidate_end": 4459,
                  "candidate_path": "/private/tmp/geode-clean-archive-2f2b450/research/local_review/ebenezer-016-017-reconciliation-2026-09-12/historical-packet/baseline/EB-PDF-016/inputs/candidate.txt",
                  "sha256": "625c42035f628b130c7d9bfb932180403f60f0619339980ea4a35dcf1d9bd2f3"
                }
              ]
            }
          ]
        }
      ],
      "group_headers": [
        {
          "row_id": "storm-drainage-header",
          "physical_page": 2,
          "role": "group_header",
          "cells": [
            {
              "column_start": 1,
              "column_span": 1,
              "text": "Storm Drainage Development Fee",
              "status": "native_bound_visible_text",
              "native_spans": [
                {
                  "physical_page": 2,
                  "text": "Storm Drainage Development Fee \n",
                  "native_start": 3560,
                  "native_end": 3592,
                  "candidate_native_offset": 2833,
                  "candidate_start": 6393,
                  "candidate_end": 6425,
                  "candidate_path": "/private/tmp/geode-clean-archive-2f2b450/research/local_review/ebenezer-016-017-reconciliation-2026-09-12/historical-packet/baseline/EB-PDF-016/inputs/candidate.txt",
                  "sha256": "2642066d0d6de5779a43a1b8608378aa1289fa8b200c71adde4b16ac5460139d"
                }
              ]
            },
            {
              "column_start": 2,
              "column_span": 1,
              "text": "Unit",
              "status": "native_bound_visible_text",
              "native_spans": [
                {
                  "physical_page": 2,
                  "text": "Unit \n",
                  "native_start": 3592,
                  "native_end": 3598,
                  "candidate_native_offset": 2833,
                  "candidate_start": 6425,
                  "candidate_end": 6431,
                  "candidate_path": "/private/tmp/geode-clean-archive-2f2b450/research/local_review/ebenezer-016-017-reconciliation-2026-09-12/historical-packet/baseline/EB-PDF-016/inputs/candidate.txt",
                  "sha256": "fa4f120c4a493e3e3c66cab9c58adcdf56ce1f2b4bfe7189c7195dd659086cdf"
                }
              ]
            },
            {
              "column_start": 3,
              "column_span": 1,
              "text": "",
              "status": "visually_blank",
              "native_spans": []
            },
            {
              "column_start": 4,
              "column_span": 1,
              "text": "",
              "status": "visually_blank",
              "native_spans": []
            },
            {
              "column_start": 5,
              "column_span": 1,
              "text": "",
              "status": "visually_blank",
              "native_spans": []
            }
          ]
        }
      ],
      "table_headings": [],
      "association_notes": [
        "Residential rows are merged across the use and unit columns; no unprinted per-dwelling unit is supplied.",
        "Park and Trails group labels merge the first two columns; their numeric group-header cells are blank.",
        "Four visibly blank separator bands have no native text. The Trails separator includes the taller lower whitespace beneath its final row.",
        "Commercial units preserve the source abbreviation 1,000 Sq. Ft of Building. Storm Drainage preserves Per Impervious Square Foot and three-decimal dollar values."
      ],
      "page_image_path": "/private/tmp/geode-clean-archive-2f2b450/research/local_review/ebenezer-016-017-reconciliation-2026-09-12/historical-packet/baseline/EB-PDF-016/inputs/page-0002.png"
    },
    {
      "row_id": "transportation-fee-1",
      "physical_page": 3,
      "role": "fee",
      "cells": [
        {
          "column_start": 1,
          "column_span": 2,
          "text": "Residential 1,200 square feet or less of heated living space",
          "status": "native_bound_visible_text",
          "native_spans": [
            {
              "physical_page": 3,
              "text": "Residential 1,200 square feet or less of heated living space \n",
              "native_start": 269,
              "native_end": 331,
              "candidate_native_offset": 6613,
              "candidate_start": 6882,
              "candidate_end": 6944,
              "candidate_path": "/private/tmp/geode-clean-archive-2f2b450/research/local_review/ebenezer-016-017-reconciliation-2026-09-12/historical-packet/baseline/EB-PDF-016/inputs/candidate.txt",
              "sha256": "8d219b49a79f8fb2313d2a173de138a91db4b0edf46db4c1f699fa6ae56a4f9c"
            }
          ]
        },
        {
          "column_start": 3,
          "column_span": 1,
          "text": "$3,810",
          "status": "native_bound_visible_text",
          "native_spans": [
            {
              "physical_page": 3,
              "text": "$3,810 \n",
              "native_start": 649,
              "native_end": 657,
              "candidate_native_offset": 6613,
              "candidate_start": 7262,
              "candidate_end": 7270,
              "candidate_path": "/private/tmp/geode-clean-archive-2f2b450/research/local_review/ebenezer-016-017-reconciliation-2026-09-12/historical-packet/baseline/EB-PDF-016/inputs/candidate.txt",
              "sha256": "0cbfa1a2a3af16d7a2b505509cc5b49f25d1555fcf385f1ce551e5837b9b807b"
            }
          ]
        },
        {
          "column_start": 4,
          "column_span": 1,
          "text": "-2.07%",
          "status": "native_bound_visible_text",
          "native_spans": [
            {
              "physical_page": 3,
              "text": "-2.07% \n",
              "native_start": 697,
              "native_end": 705,
              "candidate_native_offset": 6613,
              "candidate_start": 7310,
              "candidate_end": 7318,
              "candidate_path": "/private/tmp/geode-clean-archive-2f2b450/research/local_review/ebenezer-016-017-reconciliation-2026-09-12/historical-packet/baseline/EB-PDF-016/inputs/candidate.txt",
              "sha256": "2e2a167dd6679e0422b321d9212326272715bdbb0ca42540b5725197357952dd"
            }
          ]
        },
        {
          "column_start": 5,
          "column_span": 1,
          "text": "$3,731",
          "status": "native_bound_visible_text",
          "native_spans": [
            {
              "physical_page": 3,
              "text": "$3,731 \n",
              "native_start": 745,
              "native_end": 753,
              "candidate_native_offset": 6613,
              "candidate_start": 7358,
              "candidate_end": 7366,
              "candidate_path": "/private/tmp/geode-clean-archive-2f2b450/research/local_review/ebenezer-016-017-reconciliation-2026-09-12/historical-packet/baseline/EB-PDF-016/inputs/candidate.txt",
              "sha256": "68c0e70ecfc7ba82d96eb260d30b258065f4d41e3eb82a9e7445e1d91f17a873"
            }
          ]
        }
      ],
      "table_id": "transportation-page-3",
      "column_roles": [
        "Fee structure / use category",
        "Unit (residential rows merge columns 1–2)",
        "2025 Fee, carried from page 2 header",
        "% Change, carried from page 2 header",
        "2026 Fee, carried from page 2 header"
      ],
      "column_headers": [
        {
          "row_id": "fees-column-header",
          "physical_page": 2,
          "role": "column_header",
          "cells": [
            {
              "column_start": 1,
              "column_span": 2,
              "text": "Fee Structure",
              "status": "native_bound_visible_text",
              "native_spans": [
                {
                  "physical_page": 2,
                  "text": "Fee Structure \n",
                  "native_start": 1578,
                  "native_end": 1593,
                  "candidate_native_offset": 2833,
                  "candidate_start": 4411,
                  "candidate_end": 4426,
                  "candidate_path": "/private/tmp/geode-clean-archive-2f2b450/research/local_review/ebenezer-016-017-reconciliation-2026-09-12/historical-packet/baseline/EB-PDF-016/inputs/candidate.txt",
                  "sha256": "d0e110ba37b30f8afb170152005731f3d2cfc9ae6f41a32e1065c83f2d8d6a08"
                }
              ]
            },
            {
              "column_start": 3,
              "column_span": 1,
              "text": "2025 Fee",
              "status": "native_bound_visible_text",
              "native_spans": [
                {
                  "physical_page": 2,
                  "text": "2025 \n",
                  "native_start": 1593,
                  "native_end": 1599,
                  "candidate_native_offset": 2833,
                  "candidate_start": 4426,
                  "candidate_end": 4432,
                  "candidate_path": "/private/tmp/geode-clean-archive-2f2b450/research/local_review/ebenezer-016-017-reconciliation-2026-09-12/historical-packet/baseline/EB-PDF-016/inputs/candidate.txt",
                  "sha256": "4929c5f380db4e4e64244bb1627a910fe3e865746286961c3dcce2ed1254d609"
                },
                {
                  "physical_page": 2,
                  "text": "Fee \n",
                  "native_start": 1608,
                  "native_end": 1613,
                  "candidate_native_offset": 2833,
                  "candidate_start": 4441,
                  "candidate_end": 4446,
                  "candidate_path": "/private/tmp/geode-clean-archive-2f2b450/research/local_review/ebenezer-016-017-reconciliation-2026-09-12/historical-packet/baseline/EB-PDF-016/inputs/candidate.txt",
                  "sha256": "625c42035f628b130c7d9bfb932180403f60f0619339980ea4a35dcf1d9bd2f3"
                }
              ]
            },
            {
              "column_start": 4,
              "column_span": 1,
              "text": "% Change",
              "status": "native_bound_visible_text",
              "native_spans": [
                {
                  "physical_page": 2,
                  "text": "% \n",
                  "native_start": 1599,
                  "native_end": 1602,
                  "candidate_native_offset": 2833,
                  "candidate_start": 4432,
                  "candidate_end": 4435,
                  "candidate_path": "/private/tmp/geode-clean-archive-2f2b450/research/local_review/ebenezer-016-017-reconciliation-2026-09-12/historical-packet/baseline/EB-PDF-016/inputs/candidate.txt",
                  "sha256": "d39cf8cfab20e2e5431c71eb0b51aaa80741de7e28bc5af488e5de1239a068fb"
                },
                {
                  "physical_page": 2,
                  "text": "Change \n",
                  "native_start": 1613,
                  "native_end": 1621,
                  "candidate_native_offset": 2833,
                  "candidate_start": 4446,
                  "candidate_end": 4454,
                  "candidate_path": "/private/tmp/geode-clean-archive-2f2b450/research/local_review/ebenezer-016-017-reconciliation-2026-09-12/historical-packet/baseline/EB-PDF-016/inputs/candidate.txt",
                  "sha256": "e87df8642f6080a43657a54d0976ebb1dde4c9970ae84b2e36ef20e0c0f5df13"
                }
              ]
            },
            {
              "column_start": 5,
              "column_span": 1,
              "text": "2026 Fee",
              "status": "native_bound_visible_text",
              "native_spans": [
                {
                  "physical_page": 2,
                  "text": "2026 \n",
                  "native_start": 1602,
                  "native_end": 1608,
                  "candidate_native_offset": 2833,
                  "candidate_start": 4435,
                  "candidate_end": 4441,
                  "candidate_path": "/private/tmp/geode-clean-archive-2f2b450/research/local_review/ebenezer-016-017-reconciliation-2026-09-12/historical-packet/baseline/EB-PDF-016/inputs/candidate.txt",
                  "sha256": "c4362841f1265ed47991baebd539e7e82362332883e9f483aff1dd0c72c6164d"
                },
                {
                  "physical_page": 2,
                  "text": "Fee \n",
                  "native_start": 1621,
                  "native_end": 1626,
                  "candidate_native_offset": 2833,
                  "candidate_start": 4454,
                  "candidate_end": 4459,
                  "candidate_path": "/private/tmp/geode-clean-archive-2f2b450/research/local_review/ebenezer-016-017-reconciliation-2026-09-12/historical-packet/baseline/EB-PDF-016/inputs/candidate.txt",
                  "sha256": "625c42035f628b130c7d9bfb932180403f60f0619339980ea4a35dcf1d9bd2f3"
                }
              ]
            }
          ]
        }
      ],
      "group_headers": [
        {
          "row_id": "transportation-header",
          "physical_page": 3,
          "role": "group_header",
          "cells": [
            {
              "column_start": 1,
              "column_span": 1,
              "text": "Transportation Development Fee",
              "status": "native_bound_visible_text",
              "native_spans": [
                {
                  "physical_page": 3,
                  "text": "Transportation Development Fee \n",
                  "native_start": 231,
                  "native_end": 263,
                  "candidate_native_offset": 6613,
                  "candidate_start": 6844,
                  "candidate_end": 6876,
                  "candidate_path": "/private/tmp/geode-clean-archive-2f2b450/research/local_review/ebenezer-016-017-reconciliation-2026-09-12/historical-packet/baseline/EB-PDF-016/inputs/candidate.txt",
                  "sha256": "7654ea031eda308ef41b65b68eb9c44d8a7b969fb6ce55b5379e11a52c6000d5"
                }
              ]
            },
            {
              "column_start": 2,
              "column_span": 1,
              "text": "Unit",
              "status": "native_bound_visible_text",
              "native_spans": [
                {
                  "physical_page": 3,
                  "text": "Unit \n",
                  "native_start": 263,
                  "native_end": 269,
                  "candidate_native_offset": 6613,
                  "candidate_start": 6876,
                  "candidate_end": 6882,
                  "candidate_path": "/private/tmp/geode-clean-archive-2f2b450/research/local_review/ebenezer-016-017-reconciliation-2026-09-12/historical-packet/baseline/EB-PDF-016/inputs/candidate.txt",
                  "sha256": "fa4f120c4a493e3e3c66cab9c58adcdf56ce1f2b4bfe7189c7195dd659086cdf"
                }
              ]
            },
            {
              "column_start": 3,
              "column_span": 1,
              "text": "",
              "status": "visually_blank",
              "native_spans": []
            },
            {
              "column_start": 4,
              "column_span": 1,
              "text": "",
              "status": "visually_blank",
              "native_spans": []
            },
            {
              "column_start": 5,
              "column_span": 1,
              "text": "",
              "status": "visually_blank",
              "native_spans": []
            }
          ]
        }
      ],
      "table_headings": [],
      "association_notes": [
        "The year and percentage headings are not repeated on page 3. The continuing grid aligns with the explicitly cited page 2 header.",
        "Native text emits the first six labels, six 2025 values, six changes and six 2026 values, followed by the complete Industrial row. Cell spans preserve that native ordering while the row records express the visible associations.",
        "Commercial units here read 1,000 Square Feet of Building; they are not silently abbreviated to match page 2."
      ],
      "page_image_path": "/private/tmp/geode-clean-archive-2f2b450/research/local_review/ebenezer-016-017-reconciliation-2026-09-12/historical-packet/baseline/EB-PDF-016/inputs/page-0003.png"
    },
    {
      "row_id": "transportation-fee-2",
      "physical_page": 3,
      "role": "fee",
      "cells": [
        {
          "column_start": 1,
          "column_span": 2,
          "text": "Residential 1,201 square feet to 1,500 square feet of heated living space",
          "status": "native_bound_visible_text",
          "native_spans": [
            {
              "physical_page": 3,
              "text": "Residential 1,201 square feet to 1,500 square feet of heated living space \n",
              "native_start": 331,
              "native_end": 406,
              "candidate_native_offset": 6613,
              "candidate_start": 6944,
              "candidate_end": 7019,
              "candidate_path": "/private/tmp/geode-clean-archive-2f2b450/research/local_review/ebenezer-016-017-reconciliation-2026-09-12/historical-packet/baseline/EB-PDF-016/inputs/candidate.txt",
              "sha256": "7e9573fa333cf5f1d9efe0a987d9ba2870a105bd917942aa456f6503da3a16de"
            }
          ]
        },
        {
          "column_start": 3,
          "column_span": 1,
          "text": "$7,037",
          "status": "native_bound_visible_text",
          "native_spans": [
            {
              "physical_page": 3,
              "text": "$7,037 \n",
              "native_start": 657,
              "native_end": 665,
              "candidate_native_offset": 6613,
              "candidate_start": 7270,
              "candidate_end": 7278,
              "candidate_path": "/private/tmp/geode-clean-archive-2f2b450/research/local_review/ebenezer-016-017-reconciliation-2026-09-12/historical-packet/baseline/EB-PDF-016/inputs/candidate.txt",
              "sha256": "765211911dad2374539ae3b1935ebfaf5849883731db3da6648e9607a14714a6"
            }
          ]
        },
        {
          "column_start": 4,
          "column_span": 1,
          "text": "-2.06%",
          "status": "native_bound_visible_text",
          "native_spans": [
            {
              "physical_page": 3,
              "text": "-2.06% \n",
              "native_start": 705,
              "native_end": 713,
              "candidate_native_offset": 6613,
              "candidate_start": 7318,
              "candidate_end": 7326,
              "candidate_path": "/private/tmp/geode-clean-archive-2f2b450/research/local_review/ebenezer-016-017-reconciliation-2026-09-12/historical-packet/baseline/EB-PDF-016/inputs/candidate.txt",
              "sha256": "194687c3cf71db71253c5508cadad7450bc391168a693641d2769791beceb014"
            }
          ]
        },
        {
          "column_start": 5,
          "column_span": 1,
          "text": "$6,892",
          "status": "native_bound_visible_text",
          "native_spans": [
            {
              "physical_page": 3,
              "text": "$6,892 \n",
              "native_start": 753,
              "native_end": 761,
              "candidate_native_offset": 6613,
              "candidate_start": 7366,
              "candidate_end": 7374,
              "candidate_path": "/private/tmp/geode-clean-archive-2f2b450/research/local_review/ebenezer-016-017-reconciliation-2026-09-12/historical-packet/baseline/EB-PDF-016/inputs/candidate.txt",
              "sha256": "87e5d14536969cc84716888274c16755a3f87b4b3fb3e50c5f9b37a26a5234cc"
            }
          ]
        }
      ],
      "table_id": "transportation-page-3",
      "column_roles": [
        "Fee structure / use category",
        "Unit (residential rows merge columns 1–2)",
        "2025 Fee, carried from page 2 header",
        "% Change, carried from page 2 header",
        "2026 Fee, carried from page 2 header"
      ],
      "column_headers": [
        {
          "row_id": "fees-column-header",
          "physical_page": 2,
          "role": "column_header",
          "cells": [
            {
              "column_start": 1,
              "column_span": 2,
              "text": "Fee Structure",
              "status": "native_bound_visible_text",
              "native_spans": [
                {
                  "physical_page": 2,
                  "text": "Fee Structure \n",
                  "native_start": 1578,
                  "native_end": 1593,
                  "candidate_native_offset": 2833,
                  "candidate_start": 4411,
                  "candidate_end": 4426,
                  "candidate_path": "/private/tmp/geode-clean-archive-2f2b450/research/local_review/ebenezer-016-017-reconciliation-2026-09-12/historical-packet/baseline/EB-PDF-016/inputs/candidate.txt",
                  "sha256": "d0e110ba37b30f8afb170152005731f3d2cfc9ae6f41a32e1065c83f2d8d6a08"
                }
              ]
            },
            {
              "column_start": 3,
              "column_span": 1,
              "text": "2025 Fee",
              "status": "native_bound_visible_text",
              "native_spans": [
                {
                  "physical_page": 2,
                  "text": "2025 \n",
                  "native_start": 1593,
                  "native_end": 1599,
                  "candidate_native_offset": 2833,
                  "candidate_start": 4426,
                  "candidate_end": 4432,
                  "candidate_path": "/private/tmp/geode-clean-archive-2f2b450/research/local_review/ebenezer-016-017-reconciliation-2026-09-12/historical-packet/baseline/EB-PDF-016/inputs/candidate.txt",
                  "sha256": "4929c5f380db4e4e64244bb1627a910fe3e865746286961c3dcce2ed1254d609"
                },
                {
                  "physical_page": 2,
                  "text": "Fee \n",
                  "native_start": 1608,
                  "native_end": 1613,
                  "candidate_native_offset": 2833,
                  "candidate_start": 4441,
                  "candidate_end": 4446,
                  "candidate_path": "/private/tmp/geode-clean-archive-2f2b450/research/local_review/ebenezer-016-017-reconciliation-2026-09-12/historical-packet/baseline/EB-PDF-016/inputs/candidate.txt",
                  "sha256": "625c42035f628b130c7d9bfb932180403f60f0619339980ea4a35dcf1d9bd2f3"
                }
              ]
            },
            {
              "column_start": 4,
              "column_span": 1,
              "text": "% Change",
              "status": "native_bound_visible_text",
              "native_spans": [
                {
                  "physical_page": 2,
                  "text": "% \n",
                  "native_start": 1599,
                  "native_end": 1602,
                  "candidate_native_offset": 2833,
                  "candidate_start": 4432,
                  "candidate_end": 4435,
                  "candidate_path": "/private/tmp/geode-clean-archive-2f2b450/research/local_review/ebenezer-016-017-reconciliation-2026-09-12/historical-packet/baseline/EB-PDF-016/inputs/candidate.txt",
                  "sha256": "d39cf8cfab20e2e5431c71eb0b51aaa80741de7e28bc5af488e5de1239a068fb"
                },
                {
                  "physical_page": 2,
                  "text": "Change \n",
                  "native_start": 1613,
                  "native_end": 1621,
                  "candidate_native_offset": 2833,
                  "candidate_start": 4446,
                  "candidate_end": 4454,
                  "candidate_path": "/private/tmp/geode-clean-archive-2f2b450/research/local_review/ebenezer-016-017-reconciliation-2026-09-12/historical-packet/baseline/EB-PDF-016/inputs/candidate.txt",
                  "sha256": "e87df8642f6080a43657a54d0976ebb1dde4c9970ae84b2e36ef20e0c0f5df13"
                }
              ]
            },
            {
              "column_start": 5,
              "column_span": 1,
              "text": "2026 Fee",
              "status": "native_bound_visible_text",
              "native_spans": [
                {
                  "physical_page": 2,
                  "text": "2026 \n",
                  "native_start": 1602,
                  "native_end": 1608,
                  "candidate_native_offset": 2833,
                  "candidate_start": 4435,
                  "candidate_end": 4441,
                  "candidate_path": "/private/tmp/geode-clean-archive-2f2b450/research/local_review/ebenezer-016-017-reconciliation-2026-09-12/historical-packet/baseline/EB-PDF-016/inputs/candidate.txt",
                  "sha256": "c4362841f1265ed47991baebd539e7e82362332883e9f483aff1dd0c72c6164d"
                },
                {
                  "physical_page": 2,
                  "text": "Fee \n",
                  "native_start": 1621,
                  "native_end": 1626,
                  "candidate_native_offset": 2833,
                  "candidate_start": 4454,
                  "candidate_end": 4459,
                  "candidate_path": "/private/tmp/geode-clean-archive-2f2b450/research/local_review/ebenezer-016-017-reconciliation-2026-09-12/historical-packet/baseline/EB-PDF-016/inputs/candidate.txt",
                  "sha256": "625c42035f628b130c7d9bfb932180403f60f0619339980ea4a35dcf1d9bd2f3"
                }
              ]
            }
          ]
        }
      ],
      "group_headers": [
        {
          "row_id": "transportation-header",
          "physical_page": 3,
          "role": "group_header",
          "cells": [
            {
              "column_start": 1,
              "column_span": 1,
              "text": "Transportation Development Fee",
              "status": "native_bound_visible_text",
              "native_spans": [
                {
                  "physical_page": 3,
                  "text": "Transportation Development Fee \n",
                  "native_start": 231,
                  "native_end": 263,
                  "candidate_native_offset": 6613,
                  "candidate_start": 6844,
                  "candidate_end": 6876,
                  "candidate_path": "/private/tmp/geode-clean-archive-2f2b450/research/local_review/ebenezer-016-017-reconciliation-2026-09-12/historical-packet/baseline/EB-PDF-016/inputs/candidate.txt",
                  "sha256": "7654ea031eda308ef41b65b68eb9c44d8a7b969fb6ce55b5379e11a52c6000d5"
                }
              ]
            },
            {
              "column_start": 2,
              "column_span": 1,
              "text": "Unit",
              "status": "native_bound_visible_text",
              "native_spans": [
                {
                  "physical_page": 3,
                  "text": "Unit \n",
                  "native_start": 263,
                  "native_end": 269,
                  "candidate_native_offset": 6613,
                  "candidate_start": 6876,
                  "candidate_end": 6882,
                  "candidate_path": "/private/tmp/geode-clean-archive-2f2b450/research/local_review/ebenezer-016-017-reconciliation-2026-09-12/historical-packet/baseline/EB-PDF-016/inputs/candidate.txt",
                  "sha256": "fa4f120c4a493e3e3c66cab9c58adcdf56ce1f2b4bfe7189c7195dd659086cdf"
                }
              ]
            },
            {
              "column_start": 3,
              "column_span": 1,
              "text": "",
              "status": "visually_blank",
              "native_spans": []
            },
            {
              "column_start": 4,
              "column_span": 1,
              "text": "",
              "status": "visually_blank",
              "native_spans": []
            },
            {
              "column_start": 5,
              "column_span": 1,
              "text": "",
              "status": "visually_blank",
              "native_spans": []
            }
          ]
        }
      ],
      "table_headings": [],
      "association_notes": [
        "The year and percentage headings are not repeated on page 3. The continuing grid aligns with the explicitly cited page 2 header.",
        "Native text emits the first six labels, six 2025 values, six changes and six 2026 values, followed by the complete Industrial row. Cell spans preserve that native ordering while the row records express the visible associations.",
        "Commercial units here read 1,000 Square Feet of Building; they are not silently abbreviated to match page 2."
      ],
      "page_image_path": "/private/tmp/geode-clean-archive-2f2b450/research/local_review/ebenezer-016-017-reconciliation-2026-09-12/historical-packet/baseline/EB-PDF-016/inputs/page-0003.png"
    },
    {
      "row_id": "transportation-fee-3",
      "physical_page": 3,
      "role": "fee",
      "cells": [
        {
          "column_start": 1,
          "column_span": 2,
          "text": "Residential 1,501 square feet to 1,800 square feet of heated living space",
          "status": "native_bound_visible_text",
          "native_spans": [
            {
              "physical_page": 3,
              "text": "Residential 1,501 square feet to 1,800 square feet of heated living space \n",
              "native_start": 406,
              "native_end": 481,
              "candidate_native_offset": 6613,
              "candidate_start": 7019,
              "candidate_end": 7094,
              "candidate_path": "/private/tmp/geode-clean-archive-2f2b450/research/local_review/ebenezer-016-017-reconciliation-2026-09-12/historical-packet/baseline/EB-PDF-016/inputs/candidate.txt",
              "sha256": "0192a5279d31498f8444109b23e4ac24a038420c1f3eab7b52dd95ec16bd54a2"
            }
          ]
        },
        {
          "column_start": 3,
          "column_span": 1,
          "text": "$8,058",
          "status": "native_bound_visible_text",
          "native_spans": [
            {
              "physical_page": 3,
              "text": "$8,058 \n",
              "native_start": 665,
              "native_end": 673,
              "candidate_native_offset": 6613,
              "candidate_start": 7278,
              "candidate_end": 7286,
              "candidate_path": "/private/tmp/geode-clean-archive-2f2b450/research/local_review/ebenezer-016-017-reconciliation-2026-09-12/historical-packet/baseline/EB-PDF-016/inputs/candidate.txt",
              "sha256": "67ba82e98b16c9c854e8060375b6760ae1382dbf46062b0005113565d68695be"
            }
          ]
        },
        {
          "column_start": 4,
          "column_span": 1,
          "text": "-2.07%",
          "status": "native_bound_visible_text",
          "native_spans": [
            {
              "physical_page": 3,
              "text": "-2.07% \n",
              "native_start": 713,
              "native_end": 721,
              "candidate_native_offset": 6613,
              "candidate_start": 7326,
              "candidate_end": 7334,
              "candidate_path": "/private/tmp/geode-clean-archive-2f2b450/research/local_review/ebenezer-016-017-reconciliation-2026-09-12/historical-packet/baseline/EB-PDF-016/inputs/candidate.txt",
              "sha256": "2e2a167dd6679e0422b321d9212326272715bdbb0ca42540b5725197357952dd"
            }
          ]
        },
        {
          "column_start": 5,
          "column_span": 1,
          "text": "$7,891",
          "status": "native_bound_visible_text",
          "native_spans": [
            {
              "physical_page": 3,
              "text": "$7,891 \n",
              "native_start": 761,
              "native_end": 769,
              "candidate_native_offset": 6613,
              "candidate_start": 7374,
              "candidate_end": 7382,
              "candidate_path": "/private/tmp/geode-clean-archive-2f2b450/research/local_review/ebenezer-016-017-reconciliation-2026-09-12/historical-packet/baseline/EB-PDF-016/inputs/candidate.txt",
              "sha256": "ad768eccc1ea19121cf30d7f755fdb1c47bf0076ff5b788ed3abcd61914a9488"
            }
          ]
        }
      ],
      "table_id": "transportation-page-3",
      "column_roles": [
        "Fee structure / use category",
        "Unit (residential rows merge columns 1–2)",
        "2025 Fee, carried from page 2 header",
        "% Change, carried from page 2 header",
        "2026 Fee, carried from page 2 header"
      ],
      "column_headers": [
        {
          "row_id": "fees-column-header",
          "physical_page": 2,
          "role": "column_header",
          "cells": [
            {
              "column_start": 1,
              "column_span": 2,
              "text": "Fee Structure",
              "status": "native_bound_visible_text",
              "native_spans": [
                {
                  "physical_page": 2,
                  "text": "Fee Structure \n",
                  "native_start": 1578,
                  "native_end": 1593,
                  "candidate_native_offset": 2833,
                  "candidate_start": 4411,
                  "candidate_end": 4426,
                  "candidate_path": "/private/tmp/geode-clean-archive-2f2b450/research/local_review/ebenezer-016-017-reconciliation-2026-09-12/historical-packet/baseline/EB-PDF-016/inputs/candidate.txt",
                  "sha256": "d0e110ba37b30f8afb170152005731f3d2cfc9ae6f41a32e1065c83f2d8d6a08"
                }
              ]
            },
            {
              "column_start": 3,
              "column_span": 1,
              "text": "2025 Fee",
              "status": "native_bound_visible_text",
              "native_spans": [
                {
                  "physical_page": 2,
                  "text": "2025 \n",
                  "native_start": 1593,
                  "native_end": 1599,
                  "candidate_native_offset": 2833,
                  "candidate_start": 4426,
                  "candidate_end": 4432,
                  "candidate_path": "/private/tmp/geode-clean-archive-2f2b450/research/local_review/ebenezer-016-017-reconciliation-2026-09-12/historical-packet/baseline/EB-PDF-016/inputs/candidate.txt",
                  "sha256": "4929c5f380db4e4e64244bb1627a910fe3e865746286961c3dcce2ed1254d609"
                },
                {
                  "physical_page": 2,
                  "text": "Fee \n",
                  "native_start": 1608,
                  "native_end": 1613,
                  "candidate_native_offset": 2833,
                  "candidate_start": 4441,
                  "candidate_end": 4446,
                  "candidate_path": "/private/tmp/geode-clean-archive-2f2b450/research/local_review/ebenezer-016-017-reconciliation-2026-09-12/historical-packet/baseline/EB-PDF-016/inputs/candidate.txt",
                  "sha256": "625c42035f628b130c7d9bfb932180403f60f0619339980ea4a35dcf1d9bd2f3"
                }
              ]
            },
            {
              "column_start": 4,
              "column_span": 1,
              "text": "% Change",
              "status": "native_bound_visible_text",
              "native_spans": [
                {
                  "physical_page": 2,
                  "text": "% \n",
                  "native_start": 1599,
                  "native_end": 1602,
                  "candidate_native_offset": 2833,
                  "candidate_start": 4432,
                  "candidate_end": 4435,
                  "candidate_path": "/private/tmp/geode-clean-archive-2f2b450/research/local_review/ebenezer-016-017-reconciliation-2026-09-12/historical-packet/baseline/EB-PDF-016/inputs/candidate.txt",
                  "sha256": "d39cf8cfab20e2e5431c71eb0b51aaa80741de7e28bc5af488e5de1239a068fb"
                },
                {
                  "physical_page": 2,
                  "text": "Change \n",
                  "native_start": 1613,
                  "native_end": 1621,
                  "candidate_native_offset": 2833,
                  "candidate_start": 4446,
                  "candidate_end": 4454,
                  "candidate_path": "/private/tmp/geode-clean-archive-2f2b450/research/local_review/ebenezer-016-017-reconciliation-2026-09-12/historical-packet/baseline/EB-PDF-016/inputs/candidate.txt",
                  "sha256": "e87df8642f6080a43657a54d0976ebb1dde4c9970ae84b2e36ef20e0c0f5df13"
                }
              ]
            },
            {
              "column_start": 5,
              "column_span": 1,
              "text": "2026 Fee",
              "status": "native_bound_visible_text",
              "native_spans": [
                {
                  "physical_page": 2,
                  "text": "2026 \n",
                  "native_start": 1602,
                  "native_end": 1608,
                  "candidate_native_offset": 2833,
                  "candidate_start": 4435,
                  "candidate_end": 4441,
                  "candidate_path": "/private/tmp/geode-clean-archive-2f2b450/research/local_review/ebenezer-016-017-reconciliation-2026-09-12/historical-packet/baseline/EB-PDF-016/inputs/candidate.txt",
                  "sha256": "c4362841f1265ed47991baebd539e7e82362332883e9f483aff1dd0c72c6164d"
                },
                {
                  "physical_page": 2,
                  "text": "Fee \n",
                  "native_start": 1621,
                  "native_end": 1626,
                  "candidate_native_offset": 2833,
                  "candidate_start": 4454,
                  "candidate_end": 4459,
                  "candidate_path": "/private/tmp/geode-clean-archive-2f2b450/research/local_review/ebenezer-016-017-reconciliation-2026-09-12/historical-packet/baseline/EB-PDF-016/inputs/candidate.txt",
                  "sha256": "625c42035f628b130c7d9bfb932180403f60f0619339980ea4a35dcf1d9bd2f3"
                }
              ]
            }
          ]
        }
      ],
      "group_headers": [
        {
          "row_id": "transportation-header",
          "physical_page": 3,
          "role": "group_header",
          "cells": [
            {
              "column_start": 1,
              "column_span": 1,
              "text": "Transportation Development Fee",
              "status": "native_bound_visible_text",
              "native_spans": [
                {
                  "physical_page": 3,
                  "text": "Transportation Development Fee \n",
                  "native_start": 231,
                  "native_end": 263,
                  "candidate_native_offset": 6613,
                  "candidate_start": 6844,
                  "candidate_end": 6876,
                  "candidate_path": "/private/tmp/geode-clean-archive-2f2b450/research/local_review/ebenezer-016-017-reconciliation-2026-09-12/historical-packet/baseline/EB-PDF-016/inputs/candidate.txt",
                  "sha256": "7654ea031eda308ef41b65b68eb9c44d8a7b969fb6ce55b5379e11a52c6000d5"
                }
              ]
            },
            {
              "column_start": 2,
              "column_span": 1,
              "text": "Unit",
              "status": "native_bound_visible_text",
              "native_spans": [
                {
                  "physical_page": 3,
                  "text": "Unit \n",
                  "native_start": 263,
                  "native_end": 269,
                  "candidate_native_offset": 6613,
                  "candidate_start": 6876,
                  "candidate_end": 6882,
                  "candidate_path": "/private/tmp/geode-clean-archive-2f2b450/research/local_review/ebenezer-016-017-reconciliation-2026-09-12/historical-packet/baseline/EB-PDF-016/inputs/candidate.txt",
                  "sha256": "fa4f120c4a493e3e3c66cab9c58adcdf56ce1f2b4bfe7189c7195dd659086cdf"
                }
              ]
            },
            {
              "column_start": 3,
              "column_span": 1,
              "text": "",
              "status": "visually_blank",
              "native_spans": []
            },
            {
              "column_start": 4,
              "column_span": 1,
              "text": "",
              "status": "visually_blank",
              "native_spans": []
            },
            {
              "column_start": 5,
              "column_span": 1,
              "text": "",
              "status": "visually_blank",
              "native_spans": []
            }
          ]
        }
      ],
      "table_headings": [],
      "association_notes": [
        "The year and percentage headings are not repeated on page 3. The continuing grid aligns with the explicitly cited page 2 header.",
        "Native text emits the first six labels, six 2025 values, six changes and six 2026 values, followed by the complete Industrial row. Cell spans preserve that native ordering while the row records express the visible associations.",
        "Commercial units here read 1,000 Square Feet of Building; they are not silently abbreviated to match page 2."
      ],
      "page_image_path": "/private/tmp/geode-clean-archive-2f2b450/research/local_review/ebenezer-016-017-reconciliation-2026-09-12/historical-packet/baseline/EB-PDF-016/inputs/page-0003.png"
    },
    {
      "row_id": "transportation-fee-4",
      "physical_page": 3,
      "role": "fee",
      "cells": [
        {
          "column_start": 1,
          "column_span": 2,
          "text": "Residential 1,801 square feet or more of heated living space",
          "status": "native_bound_visible_text",
          "native_spans": [
            {
              "physical_page": 3,
              "text": "Residential 1,801 square feet or more of heated living space \n",
              "native_start": 481,
              "native_end": 543,
              "candidate_native_offset": 6613,
              "candidate_start": 7094,
              "candidate_end": 7156,
              "candidate_path": "/private/tmp/geode-clean-archive-2f2b450/research/local_review/ebenezer-016-017-reconciliation-2026-09-12/historical-packet/baseline/EB-PDF-016/inputs/candidate.txt",
              "sha256": "4bb03537efdd9641317d0bc8953294a02263c20a67ed1ce4c269c6faa4845776"
            }
          ]
        },
        {
          "column_start": 3,
          "column_span": 1,
          "text": "$8,609",
          "status": "native_bound_visible_text",
          "native_spans": [
            {
              "physical_page": 3,
              "text": "$8,609 \n",
              "native_start": 673,
              "native_end": 681,
              "candidate_native_offset": 6613,
              "candidate_start": 7286,
              "candidate_end": 7294,
              "candidate_path": "/private/tmp/geode-clean-archive-2f2b450/research/local_review/ebenezer-016-017-reconciliation-2026-09-12/historical-packet/baseline/EB-PDF-016/inputs/candidate.txt",
              "sha256": "28a40a849d357ecf0b1bae969c5b3ab06c554ffbe6b002257b390091962faa4a"
            }
          ]
        },
        {
          "column_start": 4,
          "column_span": 1,
          "text": "-2.07%",
          "status": "native_bound_visible_text",
          "native_spans": [
            {
              "physical_page": 3,
              "text": "-2.07% \n",
              "native_start": 721,
              "native_end": 729,
              "candidate_native_offset": 6613,
              "candidate_start": 7334,
              "candidate_end": 7342,
              "candidate_path": "/private/tmp/geode-clean-archive-2f2b450/research/local_review/ebenezer-016-017-reconciliation-2026-09-12/historical-packet/baseline/EB-PDF-016/inputs/candidate.txt",
              "sha256": "2e2a167dd6679e0422b321d9212326272715bdbb0ca42540b5725197357952dd"
            }
          ]
        },
        {
          "column_start": 5,
          "column_span": 1,
          "text": "$8,431",
          "status": "native_bound_visible_text",
          "native_spans": [
            {
              "physical_page": 3,
              "text": "$8,431 \n",
              "native_start": 769,
              "native_end": 777,
              "candidate_native_offset": 6613,
              "candidate_start": 7382,
              "candidate_end": 7390,
              "candidate_path": "/private/tmp/geode-clean-archive-2f2b450/research/local_review/ebenezer-016-017-reconciliation-2026-09-12/historical-packet/baseline/EB-PDF-016/inputs/candidate.txt",
              "sha256": "05512465560f4243ee2c065f4de277e19b065ceb5c38a6e9fd13483775e281ac"
            }
          ]
        }
      ],
      "table_id": "transportation-page-3",
      "column_roles": [
        "Fee structure / use category",
        "Unit (residential rows merge columns 1–2)",
        "2025 Fee, carried from page 2 header",
        "% Change, carried from page 2 header",
        "2026 Fee, carried from page 2 header"
      ],
      "column_headers": [
        {
          "row_id": "fees-column-header",
          "physical_page": 2,
          "role": "column_header",
          "cells": [
            {
              "column_start": 1,
              "column_span": 2,
              "text": "Fee Structure",
              "status": "native_bound_visible_text",
              "native_spans": [
                {
                  "physical_page": 2,
                  "text": "Fee Structure \n",
                  "native_start": 1578,
                  "native_end": 1593,
                  "candidate_native_offset": 2833,
                  "candidate_start": 4411,
                  "candidate_end": 4426,
                  "candidate_path": "/private/tmp/geode-clean-archive-2f2b450/research/local_review/ebenezer-016-017-reconciliation-2026-09-12/historical-packet/baseline/EB-PDF-016/inputs/candidate.txt",
                  "sha256": "d0e110ba37b30f8afb170152005731f3d2cfc9ae6f41a32e1065c83f2d8d6a08"
                }
              ]
            },
            {
              "column_start": 3,
              "column_span": 1,
              "text": "2025 Fee",
              "status": "native_bound_visible_text",
              "native_spans": [
                {
                  "physical_page": 2,
                  "text": "2025 \n",
                  "native_start": 1593,
                  "native_end": 1599,
                  "candidate_native_offset": 2833,
                  "candidate_start": 4426,
                  "candidate_end": 4432,
                  "candidate_path": "/private/tmp/geode-clean-archive-2f2b450/research/local_review/ebenezer-016-017-reconciliation-2026-09-12/historical-packet/baseline/EB-PDF-016/inputs/candidate.txt",
                  "sha256": "4929c5f380db4e4e64244bb1627a910fe3e865746286961c3dcce2ed1254d609"
                },
                {
                  "physical_page": 2,
                  "text": "Fee \n",
                  "native_start": 1608,
                  "native_end": 1613,
                  "candidate_native_offset": 2833,
                  "candidate_start": 4441,
                  "candidate_end": 4446,
                  "candidate_path": "/private/tmp/geode-clean-archive-2f2b450/research/local_review/ebenezer-016-017-reconciliation-2026-09-12/historical-packet/baseline/EB-PDF-016/inputs/candidate.txt",
                  "sha256": "625c42035f628b130c7d9bfb932180403f60f0619339980ea4a35dcf1d9bd2f3"
                }
              ]
            },
            {
              "column_start": 4,
              "column_span": 1,
              "text": "% Change",
              "status": "native_bound_visible_text",
              "native_spans": [
                {
                  "physical_page": 2,
                  "text": "% \n",
                  "native_start": 1599,
                  "native_end": 1602,
                  "candidate_native_offset": 2833,
                  "candidate_start": 4432,
                  "candidate_end": 4435,
                  "candidate_path": "/private/tmp/geode-clean-archive-2f2b450/research/local_review/ebenezer-016-017-reconciliation-2026-09-12/historical-packet/baseline/EB-PDF-016/inputs/candidate.txt",
                  "sha256": "d39cf8cfab20e2e5431c71eb0b51aaa80741de7e28bc5af488e5de1239a068fb"
                },
                {
                  "physical_page": 2,
                  "text": "Change \n",
                  "native_start": 1613,
                  "native_end": 1621,
                  "candidate_native_offset": 2833,
                  "candidate_start": 4446,
                  "candidate_end": 4454,
                  "candidate_path": "/private/tmp/geode-clean-archive-2f2b450/research/local_review/ebenezer-016-017-reconciliation-2026-09-12/historical-packet/baseline/EB-PDF-016/inputs/candidate.txt",
                  "sha256": "e87df8642f6080a43657a54d0976ebb1dde4c9970ae84b2e36ef20e0c0f5df13"
                }
              ]
            },
            {
              "column_start": 5,
              "column_span": 1,
              "text": "2026 Fee",
              "status": "native_bound_visible_text",
              "native_spans": [
                {
                  "physical_page": 2,
                  "text": "2026 \n",
                  "native_start": 1602,
                  "native_end": 1608,
                  "candidate_native_offset": 2833,
                  "candidate_start": 4435,
                  "candidate_end": 4441,
                  "candidate_path": "/private/tmp/geode-clean-archive-2f2b450/research/local_review/ebenezer-016-017-reconciliation-2026-09-12/historical-packet/baseline/EB-PDF-016/inputs/candidate.txt",
                  "sha256": "c4362841f1265ed47991baebd539e7e82362332883e9f483aff1dd0c72c6164d"
                },
                {
                  "physical_page": 2,
                  "text": "Fee \n",
                  "native_start": 1621,
                  "native_end": 1626,
                  "candidate_native_offset": 2833,
                  "candidate_start": 4454,
                  "candidate_end": 4459,
                  "candidate_path": "/private/tmp/geode-clean-archive-2f2b450/research/local_review/ebenezer-016-017-reconciliation-2026-09-12/historical-packet/baseline/EB-PDF-016/inputs/candidate.txt",
                  "sha256": "625c42035f628b130c7d9bfb932180403f60f0619339980ea4a35dcf1d9bd2f3"
                }
              ]
            }
          ]
        }
      ],
      "group_headers": [
        {
          "row_id": "transportation-header",
          "physical_page": 3,
          "role": "group_header",
          "cells": [
            {
              "column_start": 1,
              "column_span": 1,
              "text": "Transportation Development Fee",
              "status": "native_bound_visible_text",
              "native_spans": [
                {
                  "physical_page": 3,
                  "text": "Transportation Development Fee \n",
                  "native_start": 231,
                  "native_end": 263,
                  "candidate_native_offset": 6613,
                  "candidate_start": 6844,
                  "candidate_end": 6876,
                  "candidate_path": "/private/tmp/geode-clean-archive-2f2b450/research/local_review/ebenezer-016-017-reconciliation-2026-09-12/historical-packet/baseline/EB-PDF-016/inputs/candidate.txt",
                  "sha256": "7654ea031eda308ef41b65b68eb9c44d8a7b969fb6ce55b5379e11a52c6000d5"
                }
              ]
            },
            {
              "column_start": 2,
              "column_span": 1,
              "text": "Unit",
              "status": "native_bound_visible_text",
              "native_spans": [
                {
                  "physical_page": 3,
                  "text": "Unit \n",
                  "native_start": 263,
                  "native_end": 269,
                  "candidate_native_offset": 6613,
                  "candidate_start": 6876,
                  "candidate_end": 6882,
                  "candidate_path": "/private/tmp/geode-clean-archive-2f2b450/research/local_review/ebenezer-016-017-reconciliation-2026-09-12/historical-packet/baseline/EB-PDF-016/inputs/candidate.txt",
                  "sha256": "fa4f120c4a493e3e3c66cab9c58adcdf56ce1f2b4bfe7189c7195dd659086cdf"
                }
              ]
            },
            {
              "column_start": 3,
              "column_span": 1,
              "text": "",
              "status": "visually_blank",
              "native_spans": []
            },
            {
              "column_start": 4,
              "column_span": 1,
              "text": "",
              "status": "visually_blank",
              "native_spans": []
            },
            {
              "column_start": 5,
              "column_span": 1,
              "text": "",
              "status": "visually_blank",
              "native_spans": []
            }
          ]
        }
      ],
      "table_headings": [],
      "association_notes": [
        "The year and percentage headings are not repeated on page 3. The continuing grid aligns with the explicitly cited page 2 header.",
        "Native text emits the first six labels, six 2025 values, six changes and six 2026 values, followed by the complete Industrial row. Cell spans preserve that native ordering while the row records express the visible associations.",
        "Commercial units here read 1,000 Square Feet of Building; they are not silently abbreviated to match page 2."
      ],
      "page_image_path": "/private/tmp/geode-clean-archive-2f2b450/research/local_review/ebenezer-016-017-reconciliation-2026-09-12/historical-packet/baseline/EB-PDF-016/inputs/page-0003.png"
    },
    {
      "row_id": "transportation-fee-5",
      "physical_page": 3,
      "role": "fee",
      "cells": [
        {
          "column_start": 1,
          "column_span": 1,
          "text": "Retail/Restaurant",
          "status": "native_bound_visible_text",
          "native_spans": [
            {
              "physical_page": 3,
              "text": "Retail/Restaurant \n",
              "native_start": 543,
              "native_end": 562,
              "candidate_native_offset": 6613,
              "candidate_start": 7156,
              "candidate_end": 7175,
              "candidate_path": "/private/tmp/geode-clean-archive-2f2b450/research/local_review/ebenezer-016-017-reconciliation-2026-09-12/historical-packet/baseline/EB-PDF-016/inputs/candidate.txt",
              "sha256": "1d969e1af92128939a518e83b7d93c06f8a00e5c9d60db7cdcbb13784ce14072"
            }
          ]
        },
        {
          "column_start": 2,
          "column_span": 1,
          "text": "1,000 Square Feet of Building",
          "status": "native_bound_visible_text",
          "native_spans": [
            {
              "physical_page": 3,
              "text": "1,000 Square Feet of Building \n",
              "native_start": 562,
              "native_end": 593,
              "candidate_native_offset": 6613,
              "candidate_start": 7175,
              "candidate_end": 7206,
              "candidate_path": "/private/tmp/geode-clean-archive-2f2b450/research/local_review/ebenezer-016-017-reconciliation-2026-09-12/historical-packet/baseline/EB-PDF-016/inputs/candidate.txt",
              "sha256": "3a04b99508fde3481b762d28abe51f8a5e3594ee3981ce075de583b1b80a48e1"
            }
          ]
        },
        {
          "column_start": 3,
          "column_span": 1,
          "text": "$9,963",
          "status": "native_bound_visible_text",
          "native_spans": [
            {
              "physical_page": 3,
              "text": "$9,963 \n",
              "native_start": 681,
              "native_end": 689,
              "candidate_native_offset": 6613,
              "candidate_start": 7294,
              "candidate_end": 7302,
              "candidate_path": "/private/tmp/geode-clean-archive-2f2b450/research/local_review/ebenezer-016-017-reconciliation-2026-09-12/historical-packet/baseline/EB-PDF-016/inputs/candidate.txt",
              "sha256": "dae31f27132eb72eca460ceb9694b677dd5c2ec2c1e7f101e4d3ddaded97a81a"
            }
          ]
        },
        {
          "column_start": 4,
          "column_span": 1,
          "text": "-2.07%",
          "status": "native_bound_visible_text",
          "native_spans": [
            {
              "physical_page": 3,
              "text": "-2.07% \n",
              "native_start": 729,
              "native_end": 737,
              "candidate_native_offset": 6613,
              "candidate_start": 7342,
              "candidate_end": 7350,
              "candidate_path": "/private/tmp/geode-clean-archive-2f2b450/research/local_review/ebenezer-016-017-reconciliation-2026-09-12/historical-packet/baseline/EB-PDF-016/inputs/candidate.txt",
              "sha256": "2e2a167dd6679e0422b321d9212326272715bdbb0ca42540b5725197357952dd"
            }
          ]
        },
        {
          "column_start": 5,
          "column_span": 1,
          "text": "$9,757",
          "status": "native_bound_visible_text",
          "native_spans": [
            {
              "physical_page": 3,
              "text": "$9,757 \n",
              "native_start": 777,
              "native_end": 785,
              "candidate_native_offset": 6613,
              "candidate_start": 7390,
              "candidate_end": 7398,
              "candidate_path": "/private/tmp/geode-clean-archive-2f2b450/research/local_review/ebenezer-016-017-reconciliation-2026-09-12/historical-packet/baseline/EB-PDF-016/inputs/candidate.txt",
              "sha256": "f0ddb154a3fe2bf09a0ab41ef27d92763c577373b6e417e9e90b5d8e96813c55"
            }
          ]
        }
      ],
      "table_id": "transportation-page-3",
      "column_roles": [
        "Fee structure / use category",
        "Unit (residential rows merge columns 1–2)",
        "2025 Fee, carried from page 2 header",
        "% Change, carried from page 2 header",
        "2026 Fee, carried from page 2 header"
      ],
      "column_headers": [
        {
          "row_id": "fees-column-header",
          "physical_page": 2,
          "role": "column_header",
          "cells": [
            {
              "column_start": 1,
              "column_span": 2,
              "text": "Fee Structure",
              "status": "native_bound_visible_text",
              "native_spans": [
                {
                  "physical_page": 2,
                  "text": "Fee Structure \n",
                  "native_start": 1578,
                  "native_end": 1593,
                  "candidate_native_offset": 2833,
                  "candidate_start": 4411,
                  "candidate_end": 4426,
                  "candidate_path": "/private/tmp/geode-clean-archive-2f2b450/research/local_review/ebenezer-016-017-reconciliation-2026-09-12/historical-packet/baseline/EB-PDF-016/inputs/candidate.txt",
                  "sha256": "d0e110ba37b30f8afb170152005731f3d2cfc9ae6f41a32e1065c83f2d8d6a08"
                }
              ]
            },
            {
              "column_start": 3,
              "column_span": 1,
              "text": "2025 Fee",
              "status": "native_bound_visible_text",
              "native_spans": [
                {
                  "physical_page": 2,
                  "text": "2025 \n",
                  "native_start": 1593,
                  "native_end": 1599,
                  "candidate_native_offset": 2833,
                  "candidate_start": 4426,
                  "candidate_end": 4432,
                  "candidate_path": "/private/tmp/geode-clean-archive-2f2b450/research/local_review/ebenezer-016-017-reconciliation-2026-09-12/historical-packet/baseline/EB-PDF-016/inputs/candidate.txt",
                  "sha256": "4929c5f380db4e4e64244bb1627a910fe3e865746286961c3dcce2ed1254d609"
                },
                {
                  "physical_page": 2,
                  "text": "Fee \n",
                  "native_start": 1608,
                  "native_end": 1613,
                  "candidate_native_offset": 2833,
                  "candidate_start": 4441,
                  "candidate_end": 4446,
                  "candidate_path": "/private/tmp/geode-clean-archive-2f2b450/research/local_review/ebenezer-016-017-reconciliation-2026-09-12/historical-packet/baseline/EB-PDF-016/inputs/candidate.txt",
                  "sha256": "625c42035f628b130c7d9bfb932180403f60f0619339980ea4a35dcf1d9bd2f3"
                }
              ]
            },
            {
              "column_start": 4,
              "column_span": 1,
              "text": "% Change",
              "status": "native_bound_visible_text",
              "native_spans": [
                {
                  "physical_page": 2,
                  "text": "% \n",
                  "native_start": 1599,
                  "native_end": 1602,
                  "candidate_native_offset": 2833,
                  "candidate_start": 4432,
                  "candidate_end": 4435,
                  "candidate_path": "/private/tmp/geode-clean-archive-2f2b450/research/local_review/ebenezer-016-017-reconciliation-2026-09-12/historical-packet/baseline/EB-PDF-016/inputs/candidate.txt",
                  "sha256": "d39cf8cfab20e2e5431c71eb0b51aaa80741de7e28bc5af488e5de1239a068fb"
                },
                {
                  "physical_page": 2,
                  "text": "Change \n",
                  "native_start": 1613,
                  "native_end": 1621,
                  "candidate_native_offset": 2833,
                  "candidate_start": 4446,
                  "candidate_end": 4454,
                  "candidate_path": "/private/tmp/geode-clean-archive-2f2b450/research/local_review/ebenezer-016-017-reconciliation-2026-09-12/historical-packet/baseline/EB-PDF-016/inputs/candidate.txt",
                  "sha256": "e87df8642f6080a43657a54d0976ebb1dde4c9970ae84b2e36ef20e0c0f5df13"
                }
              ]
            },
            {
              "column_start": 5,
              "column_span": 1,
              "text": "2026 Fee",
              "status": "native_bound_visible_text",
              "native_spans": [
                {
                  "physical_page": 2,
                  "text": "2026 \n",
                  "native_start": 1602,
                  "native_end": 1608,
                  "candidate_native_offset": 2833,
                  "candidate_start": 4435,
                  "candidate_end": 4441,
                  "candidate_path": "/private/tmp/geode-clean-archive-2f2b450/research/local_review/ebenezer-016-017-reconciliation-2026-09-12/historical-packet/baseline/EB-PDF-016/inputs/candidate.txt",
                  "sha256": "c4362841f1265ed47991baebd539e7e82362332883e9f483aff1dd0c72c6164d"
                },
                {
                  "physical_page": 2,
                  "text": "Fee \n",
                  "native_start": 1621,
                  "native_end": 1626,
                  "candidate_native_offset": 2833,
                  "candidate_start": 4454,
                  "candidate_end": 4459,
                  "candidate_path": "/private/tmp/geode-clean-archive-2f2b450/research/local_review/ebenezer-016-017-reconciliation-2026-09-12/historical-packet/baseline/EB-PDF-016/inputs/candidate.txt",
                  "sha256": "625c42035f628b130c7d9bfb932180403f60f0619339980ea4a35dcf1d9bd2f3"
                }
              ]
            }
          ]
        }
      ],
      "group_headers": [
        {
          "row_id": "transportation-header",
          "physical_page": 3,
          "role": "group_header",
          "cells": [
            {
              "column_start": 1,
              "column_span": 1,
              "text": "Transportation Development Fee",
              "status": "native_bound_visible_text",
              "native_spans": [
                {
                  "physical_page": 3,
                  "text": "Transportation Development Fee \n",
                  "native_start": 231,
                  "native_end": 263,
                  "candidate_native_offset": 6613,
                  "candidate_start": 6844,
                  "candidate_end": 6876,
                  "candidate_path": "/private/tmp/geode-clean-archive-2f2b450/research/local_review/ebenezer-016-017-reconciliation-2026-09-12/historical-packet/baseline/EB-PDF-016/inputs/candidate.txt",
                  "sha256": "7654ea031eda308ef41b65b68eb9c44d8a7b969fb6ce55b5379e11a52c6000d5"
                }
              ]
            },
            {
              "column_start": 2,
              "column_span": 1,
              "text": "Unit",
              "status": "native_bound_visible_text",
              "native_spans": [
                {
                  "physical_page": 3,
                  "text": "Unit \n",
                  "native_start": 263,
                  "native_end": 269,
                  "candidate_native_offset": 6613,
                  "candidate_start": 6876,
                  "candidate_end": 6882,
                  "candidate_path": "/private/tmp/geode-clean-archive-2f2b450/research/local_review/ebenezer-016-017-reconciliation-2026-09-12/historical-packet/baseline/EB-PDF-016/inputs/candidate.txt",
                  "sha256": "fa4f120c4a493e3e3c66cab9c58adcdf56ce1f2b4bfe7189c7195dd659086cdf"
                }
              ]
            },
            {
              "column_start": 3,
              "column_span": 1,
              "text": "",
              "status": "visually_blank",
              "native_spans": []
            },
            {
              "column_start": 4,
              "column_span": 1,
              "text": "",
              "status": "visually_blank",
              "native_spans": []
            },
            {
              "column_start": 5,
              "column_span": 1,
              "text": "",
              "status": "visually_blank",
              "native_spans": []
            }
          ]
        }
      ],
      "table_headings": [],
      "association_notes": [
        "The year and percentage headings are not repeated on page 3. The continuing grid aligns with the explicitly cited page 2 header.",
        "Native text emits the first six labels, six 2025 values, six changes and six 2026 values, followed by the complete Industrial row. Cell spans preserve that native ordering while the row records express the visible associations.",
        "Commercial units here read 1,000 Square Feet of Building; they are not silently abbreviated to match page 2."
      ],
      "page_image_path": "/private/tmp/geode-clean-archive-2f2b450/research/local_review/ebenezer-016-017-reconciliation-2026-09-12/historical-packet/baseline/EB-PDF-016/inputs/page-0003.png"
    },
    {
      "row_id": "transportation-fee-6",
      "physical_page": 3,
      "role": "fee",
      "cells": [
        {
          "column_start": 1,
          "column_span": 1,
          "text": "Office & Other Services",
          "status": "native_bound_visible_text",
          "native_spans": [
            {
              "physical_page": 3,
              "text": "Office & Other Services \n",
              "native_start": 593,
              "native_end": 618,
              "candidate_native_offset": 6613,
              "candidate_start": 7206,
              "candidate_end": 7231,
              "candidate_path": "/private/tmp/geode-clean-archive-2f2b450/research/local_review/ebenezer-016-017-reconciliation-2026-09-12/historical-packet/baseline/EB-PDF-016/inputs/candidate.txt",
              "sha256": "54894684a89123266bd46707b0aa284bae172f1fd351655698d4477393bbf844"
            }
          ]
        },
        {
          "column_start": 2,
          "column_span": 1,
          "text": "1,000 Square Feet of Building",
          "status": "native_bound_visible_text",
          "native_spans": [
            {
              "physical_page": 3,
              "text": "1,000 Square Feet of Building \n",
              "native_start": 618,
              "native_end": 649,
              "candidate_native_offset": 6613,
              "candidate_start": 7231,
              "candidate_end": 7262,
              "candidate_path": "/private/tmp/geode-clean-archive-2f2b450/research/local_review/ebenezer-016-017-reconciliation-2026-09-12/historical-packet/baseline/EB-PDF-016/inputs/candidate.txt",
              "sha256": "3a04b99508fde3481b762d28abe51f8a5e3594ee3981ce075de583b1b80a48e1"
            }
          ]
        },
        {
          "column_start": 3,
          "column_span": 1,
          "text": "$6,426",
          "status": "native_bound_visible_text",
          "native_spans": [
            {
              "physical_page": 3,
              "text": "$6,426 \n",
              "native_start": 689,
              "native_end": 697,
              "candidate_native_offset": 6613,
              "candidate_start": 7302,
              "candidate_end": 7310,
              "candidate_path": "/private/tmp/geode-clean-archive-2f2b450/research/local_review/ebenezer-016-017-reconciliation-2026-09-12/historical-packet/baseline/EB-PDF-016/inputs/candidate.txt",
              "sha256": "c4e3434dd70171bdd36d9f95e66a4d3753c50a24474f54cad6aeee81f3370617"
            }
          ]
        },
        {
          "column_start": 4,
          "column_span": 1,
          "text": "-2.07%",
          "status": "native_bound_visible_text",
          "native_spans": [
            {
              "physical_page": 3,
              "text": "-2.07% \n",
              "native_start": 737,
              "native_end": 745,
              "candidate_native_offset": 6613,
              "candidate_start": 7350,
              "candidate_end": 7358,
              "candidate_path": "/private/tmp/geode-clean-archive-2f2b450/research/local_review/ebenezer-016-017-reconciliation-2026-09-12/historical-packet/baseline/EB-PDF-016/inputs/candidate.txt",
              "sha256": "2e2a167dd6679e0422b321d9212326272715bdbb0ca42540b5725197357952dd"
            }
          ]
        },
        {
          "column_start": 5,
          "column_span": 1,
          "text": "$6,293",
          "status": "native_bound_visible_text",
          "native_spans": [
            {
              "physical_page": 3,
              "text": "$6,293 \n",
              "native_start": 785,
              "native_end": 793,
              "candidate_native_offset": 6613,
              "candidate_start": 7398,
              "candidate_end": 7406,
              "candidate_path": "/private/tmp/geode-clean-archive-2f2b450/research/local_review/ebenezer-016-017-reconciliation-2026-09-12/historical-packet/baseline/EB-PDF-016/inputs/candidate.txt",
              "sha256": "d8d273afc3c24f0dd22ad3759bf400644abc6c5da12856d8ac9378a18a8b98ba"
            }
          ]
        }
      ],
      "table_id": "transportation-page-3",
      "column_roles": [
        "Fee structure / use category",
        "Unit (residential rows merge columns 1–2)",
        "2025 Fee, carried from page 2 header",
        "% Change, carried from page 2 header",
        "2026 Fee, carried from page 2 header"
      ],
      "column_headers": [
        {
          "row_id": "fees-column-header",
          "physical_page": 2,
          "role": "column_header",
          "cells": [
            {
              "column_start": 1,
              "column_span": 2,
              "text": "Fee Structure",
              "status": "native_bound_visible_text",
              "native_spans": [
                {
                  "physical_page": 2,
                  "text": "Fee Structure \n",
                  "native_start": 1578,
                  "native_end": 1593,
                  "candidate_native_offset": 2833,
                  "candidate_start": 4411,
                  "candidate_end": 4426,
                  "candidate_path": "/private/tmp/geode-clean-archive-2f2b450/research/local_review/ebenezer-016-017-reconciliation-2026-09-12/historical-packet/baseline/EB-PDF-016/inputs/candidate.txt",
                  "sha256": "d0e110ba37b30f8afb170152005731f3d2cfc9ae6f41a32e1065c83f2d8d6a08"
                }
              ]
            },
            {
              "column_start": 3,
              "column_span": 1,
              "text": "2025 Fee",
              "status": "native_bound_visible_text",
              "native_spans": [
                {
                  "physical_page": 2,
                  "text": "2025 \n",
                  "native_start": 1593,
                  "native_end": 1599,
                  "candidate_native_offset": 2833,
                  "candidate_start": 4426,
                  "candidate_end": 4432,
                  "candidate_path": "/private/tmp/geode-clean-archive-2f2b450/research/local_review/ebenezer-016-017-reconciliation-2026-09-12/historical-packet/baseline/EB-PDF-016/inputs/candidate.txt",
                  "sha256": "4929c5f380db4e4e64244bb1627a910fe3e865746286961c3dcce2ed1254d609"
                },
                {
                  "physical_page": 2,
                  "text": "Fee \n",
                  "native_start": 1608,
                  "native_end": 1613,
                  "candidate_native_offset": 2833,
                  "candidate_start": 4441,
                  "candidate_end": 4446,
                  "candidate_path": "/private/tmp/geode-clean-archive-2f2b450/research/local_review/ebenezer-016-017-reconciliation-2026-09-12/historical-packet/baseline/EB-PDF-016/inputs/candidate.txt",
                  "sha256": "625c42035f628b130c7d9bfb932180403f60f0619339980ea4a35dcf1d9bd2f3"
                }
              ]
            },
            {
              "column_start": 4,
              "column_span": 1,
              "text": "% Change",
              "status": "native_bound_visible_text",
              "native_spans": [
                {
                  "physical_page": 2,
                  "text": "% \n",
                  "native_start": 1599,
                  "native_end": 1602,
                  "candidate_native_offset": 2833,
                  "candidate_start": 4432,
                  "candidate_end": 4435,
                  "candidate_path": "/private/tmp/geode-clean-archive-2f2b450/research/local_review/ebenezer-016-017-reconciliation-2026-09-12/historical-packet/baseline/EB-PDF-016/inputs/candidate.txt",
                  "sha256": "d39cf8cfab20e2e5431c71eb0b51aaa80741de7e28bc5af488e5de1239a068fb"
                },
                {
                  "physical_page": 2,
                  "text": "Change \n",
                  "native_start": 1613,
                  "native_end": 1621,
                  "candidate_native_offset": 2833,
                  "candidate_start": 4446,
                  "candidate_end": 4454,
                  "candidate_path": "/private/tmp/geode-clean-archive-2f2b450/research/local_review/ebenezer-016-017-reconciliation-2026-09-12/historical-packet/baseline/EB-PDF-016/inputs/candidate.txt",
                  "sha256": "e87df8642f6080a43657a54d0976ebb1dde4c9970ae84b2e36ef20e0c0f5df13"
                }
              ]
            },
            {
              "column_start": 5,
              "column_span": 1,
              "text": "2026 Fee",
              "status": "native_bound_visible_text",
              "native_spans": [
                {
                  "physical_page": 2,
                  "text": "2026 \n",
                  "native_start": 1602,
                  "native_end": 1608,
                  "candidate_native_offset": 2833,
                  "candidate_start": 4435,
                  "candidate_end": 4441,
                  "candidate_path": "/private/tmp/geode-clean-archive-2f2b450/research/local_review/ebenezer-016-017-reconciliation-2026-09-12/historical-packet/baseline/EB-PDF-016/inputs/candidate.txt",
                  "sha256": "c4362841f1265ed47991baebd539e7e82362332883e9f483aff1dd0c72c6164d"
                },
                {
                  "physical_page": 2,
                  "text": "Fee \n",
                  "native_start": 1621,
                  "native_end": 1626,
                  "candidate_native_offset": 2833,
                  "candidate_start": 4454,
                  "candidate_end": 4459,
                  "candidate_path": "/private/tmp/geode-clean-archive-2f2b450/research/local_review/ebenezer-016-017-reconciliation-2026-09-12/historical-packet/baseline/EB-PDF-016/inputs/candidate.txt",
                  "sha256": "625c42035f628b130c7d9bfb932180403f60f0619339980ea4a35dcf1d9bd2f3"
                }
              ]
            }
          ]
        }
      ],
      "group_headers": [
        {
          "row_id": "transportation-header",
          "physical_page": 3,
          "role": "group_header",
          "cells": [
            {
              "column_start": 1,
              "column_span": 1,
              "text": "Transportation Development Fee",
              "status": "native_bound_visible_text",
              "native_spans": [
                {
                  "physical_page": 3,
                  "text": "Transportation Development Fee \n",
                  "native_start": 231,
                  "native_end": 263,
                  "candidate_native_offset": 6613,
                  "candidate_start": 6844,
                  "candidate_end": 6876,
                  "candidate_path": "/private/tmp/geode-clean-archive-2f2b450/research/local_review/ebenezer-016-017-reconciliation-2026-09-12/historical-packet/baseline/EB-PDF-016/inputs/candidate.txt",
                  "sha256": "7654ea031eda308ef41b65b68eb9c44d8a7b969fb6ce55b5379e11a52c6000d5"
                }
              ]
            },
            {
              "column_start": 2,
              "column_span": 1,
              "text": "Unit",
              "status": "native_bound_visible_text",
              "native_spans": [
                {
                  "physical_page": 3,
                  "text": "Unit \n",
                  "native_start": 263,
                  "native_end": 269,
                  "candidate_native_offset": 6613,
                  "candidate_start": 6876,
                  "candidate_end": 6882,
                  "candidate_path": "/private/tmp/geode-clean-archive-2f2b450/research/local_review/ebenezer-016-017-reconciliation-2026-09-12/historical-packet/baseline/EB-PDF-016/inputs/candidate.txt",
                  "sha256": "fa4f120c4a493e3e3c66cab9c58adcdf56ce1f2b4bfe7189c7195dd659086cdf"
                }
              ]
            },
            {
              "column_start": 3,
              "column_span": 1,
              "text": "",
              "status": "visually_blank",
              "native_spans": []
            },
            {
              "column_start": 4,
              "column_span": 1,
              "text": "",
              "status": "visually_blank",
              "native_spans": []
            },
            {
              "column_start": 5,
              "column_span": 1,
              "text": "",
              "status": "visually_blank",
              "native_spans": []
            }
          ]
        }
      ],
      "table_headings": [],
      "association_notes": [
        "The year and percentage headings are not repeated on page 3. The continuing grid aligns with the explicitly cited page 2 header.",
        "Native text emits the first six labels, six 2025 values, six changes and six 2026 values, followed by the complete Industrial row. Cell spans preserve that native ordering while the row records express the visible associations.",
        "Commercial units here read 1,000 Square Feet of Building; they are not silently abbreviated to match page 2."
      ],
      "page_image_path": "/private/tmp/geode-clean-archive-2f2b450/research/local_review/ebenezer-016-017-reconciliation-2026-09-12/historical-packet/baseline/EB-PDF-016/inputs/page-0003.png"
    },
    {
      "row_id": "transportation-fee-7",
      "physical_page": 3,
      "role": "fee",
      "cells": [
        {
          "column_start": 1,
          "column_span": 1,
          "text": "Industrial",
          "status": "native_bound_visible_text",
          "native_spans": [
            {
              "physical_page": 3,
              "text": "Industrial \n",
              "native_start": 793,
              "native_end": 805,
              "candidate_native_offset": 6613,
              "candidate_start": 7406,
              "candidate_end": 7418,
              "candidate_path": "/private/tmp/geode-clean-archive-2f2b450/research/local_review/ebenezer-016-017-reconciliation-2026-09-12/historical-packet/baseline/EB-PDF-016/inputs/candidate.txt",
              "sha256": "5b76a5e7abd0cb0329d305d93a9407de9913dff1b340828f7f03b91d5ec28964"
            }
          ]
        },
        {
          "column_start": 2,
          "column_span": 1,
          "text": "1,000 Square Feet of Building",
          "status": "native_bound_visible_text",
          "native_spans": [
            {
              "physical_page": 3,
              "text": "1,000 Square Feet of Building \n",
              "native_start": 805,
              "native_end": 836,
              "candidate_native_offset": 6613,
              "candidate_start": 7418,
              "candidate_end": 7449,
              "candidate_path": "/private/tmp/geode-clean-archive-2f2b450/research/local_review/ebenezer-016-017-reconciliation-2026-09-12/historical-packet/baseline/EB-PDF-016/inputs/candidate.txt",
              "sha256": "3a04b99508fde3481b762d28abe51f8a5e3594ee3981ce075de583b1b80a48e1"
            }
          ]
        },
        {
          "column_start": 3,
          "column_span": 1,
          "text": "$3,273",
          "status": "native_bound_visible_text",
          "native_spans": [
            {
              "physical_page": 3,
              "text": "$3,273 \n",
              "native_start": 836,
              "native_end": 844,
              "candidate_native_offset": 6613,
              "candidate_start": 7449,
              "candidate_end": 7457,
              "candidate_path": "/private/tmp/geode-clean-archive-2f2b450/research/local_review/ebenezer-016-017-reconciliation-2026-09-12/historical-packet/baseline/EB-PDF-016/inputs/candidate.txt",
              "sha256": "49411059daab1c269fb56b9e1161dbbefceeb0201028779be3e738d72bdd074f"
            }
          ]
        },
        {
          "column_start": 4,
          "column_span": 1,
          "text": "-2.08%",
          "status": "native_bound_visible_text",
          "native_spans": [
            {
              "physical_page": 3,
              "text": "-2.08% \n",
              "native_start": 844,
              "native_end": 852,
              "candidate_native_offset": 6613,
              "candidate_start": 7457,
              "candidate_end": 7465,
              "candidate_path": "/private/tmp/geode-clean-archive-2f2b450/research/local_review/ebenezer-016-017-reconciliation-2026-09-12/historical-packet/baseline/EB-PDF-016/inputs/candidate.txt",
              "sha256": "202179d18d9895c4ecefe20f547edd6ac88966fde435c351f5835e849bfbcdc3"
            }
          ]
        },
        {
          "column_start": 5,
          "column_span": 1,
          "text": "$3,205",
          "status": "native_bound_visible_text",
          "native_spans": [
            {
              "physical_page": 3,
              "text": "$3,205 \n",
              "native_start": 852,
              "native_end": 860,
              "candidate_native_offset": 6613,
              "candidate_start": 7465,
              "candidate_end": 7473,
              "candidate_path": "/private/tmp/geode-clean-archive-2f2b450/research/local_review/ebenezer-016-017-reconciliation-2026-09-12/historical-packet/baseline/EB-PDF-016/inputs/candidate.txt",
              "sha256": "4f7e48a52130cf049678adec688f7d7526d06302eda9f4e285c444bcbb58588e"
            }
          ]
        }
      ],
      "table_id": "transportation-page-3",
      "column_roles": [
        "Fee structure / use category",
        "Unit (residential rows merge columns 1–2)",
        "2025 Fee, carried from page 2 header",
        "% Change, carried from page 2 header",
        "2026 Fee, carried from page 2 header"
      ],
      "column_headers": [
        {
          "row_id": "fees-column-header",
          "physical_page": 2,
          "role": "column_header",
          "cells": [
            {
              "column_start": 1,
              "column_span": 2,
              "text": "Fee Structure",
              "status": "native_bound_visible_text",
              "native_spans": [
                {
                  "physical_page": 2,
                  "text": "Fee Structure \n",
                  "native_start": 1578,
                  "native_end": 1593,
                  "candidate_native_offset": 2833,
                  "candidate_start": 4411,
                  "candidate_end": 4426,
                  "candidate_path": "/private/tmp/geode-clean-archive-2f2b450/research/local_review/ebenezer-016-017-reconciliation-2026-09-12/historical-packet/baseline/EB-PDF-016/inputs/candidate.txt",
                  "sha256": "d0e110ba37b30f8afb170152005731f3d2cfc9ae6f41a32e1065c83f2d8d6a08"
                }
              ]
            },
            {
              "column_start": 3,
              "column_span": 1,
              "text": "2025 Fee",
              "status": "native_bound_visible_text",
              "native_spans": [
                {
                  "physical_page": 2,
                  "text": "2025 \n",
                  "native_start": 1593,
                  "native_end": 1599,
                  "candidate_native_offset": 2833,
                  "candidate_start": 4426,
                  "candidate_end": 4432,
                  "candidate_path": "/private/tmp/geode-clean-archive-2f2b450/research/local_review/ebenezer-016-017-reconciliation-2026-09-12/historical-packet/baseline/EB-PDF-016/inputs/candidate.txt",
                  "sha256": "4929c5f380db4e4e64244bb1627a910fe3e865746286961c3dcce2ed1254d609"
                },
                {
                  "physical_page": 2,
                  "text": "Fee \n",
                  "native_start": 1608,
                  "native_end": 1613,
                  "candidate_native_offset": 2833,
                  "candidate_start": 4441,
                  "candidate_end": 4446,
                  "candidate_path": "/private/tmp/geode-clean-archive-2f2b450/research/local_review/ebenezer-016-017-reconciliation-2026-09-12/historical-packet/baseline/EB-PDF-016/inputs/candidate.txt",
                  "sha256": "625c42035f628b130c7d9bfb932180403f60f0619339980ea4a35dcf1d9bd2f3"
                }
              ]
            },
            {
              "column_start": 4,
              "column_span": 1,
              "text": "% Change",
              "status": "native_bound_visible_text",
              "native_spans": [
                {
                  "physical_page": 2,
                  "text": "% \n",
                  "native_start": 1599,
                  "native_end": 1602,
                  "candidate_native_offset": 2833,
                  "candidate_start": 4432,
                  "candidate_end": 4435,
                  "candidate_path": "/private/tmp/geode-clean-archive-2f2b450/research/local_review/ebenezer-016-017-reconciliation-2026-09-12/historical-packet/baseline/EB-PDF-016/inputs/candidate.txt",
                  "sha256": "d39cf8cfab20e2e5431c71eb0b51aaa80741de7e28bc5af488e5de1239a068fb"
                },
                {
                  "physical_page": 2,
                  "text": "Change \n",
                  "native_start": 1613,
                  "native_end": 1621,
                  "candidate_native_offset": 2833,
                  "candidate_start": 4446,
                  "candidate_end": 4454,
                  "candidate_path": "/private/tmp/geode-clean-archive-2f2b450/research/local_review/ebenezer-016-017-reconciliation-2026-09-12/historical-packet/baseline/EB-PDF-016/inputs/candidate.txt",
                  "sha256": "e87df8642f6080a43657a54d0976ebb1dde4c9970ae84b2e36ef20e0c0f5df13"
                }
              ]
            },
            {
              "column_start": 5,
              "column_span": 1,
              "text": "2026 Fee",
              "status": "native_bound_visible_text",
              "native_spans": [
                {
                  "physical_page": 2,
                  "text": "2026 \n",
                  "native_start": 1602,
                  "native_end": 1608,
                  "candidate_native_offset": 2833,
                  "candidate_start": 4435,
                  "candidate_end": 4441,
                  "candidate_path": "/private/tmp/geode-clean-archive-2f2b450/research/local_review/ebenezer-016-017-reconciliation-2026-09-12/historical-packet/baseline/EB-PDF-016/inputs/candidate.txt",
                  "sha256": "c4362841f1265ed47991baebd539e7e82362332883e9f483aff1dd0c72c6164d"
                },
                {
                  "physical_page": 2,
                  "text": "Fee \n",
                  "native_start": 1621,
                  "native_end": 1626,
                  "candidate_native_offset": 2833,
                  "candidate_start": 4454,
                  "candidate_end": 4459,
                  "candidate_path": "/private/tmp/geode-clean-archive-2f2b450/research/local_review/ebenezer-016-017-reconciliation-2026-09-12/historical-packet/baseline/EB-PDF-016/inputs/candidate.txt",
                  "sha256": "625c42035f628b130c7d9bfb932180403f60f0619339980ea4a35dcf1d9bd2f3"
                }
              ]
            }
          ]
        }
      ],
      "group_headers": [
        {
          "row_id": "transportation-header",
          "physical_page": 3,
          "role": "group_header",
          "cells": [
            {
              "column_start": 1,
              "column_span": 1,
              "text": "Transportation Development Fee",
              "status": "native_bound_visible_text",
              "native_spans": [
                {
                  "physical_page": 3,
                  "text": "Transportation Development Fee \n",
                  "native_start": 231,
                  "native_end": 263,
                  "candidate_native_offset": 6613,
                  "candidate_start": 6844,
                  "candidate_end": 6876,
                  "candidate_path": "/private/tmp/geode-clean-archive-2f2b450/research/local_review/ebenezer-016-017-reconciliation-2026-09-12/historical-packet/baseline/EB-PDF-016/inputs/candidate.txt",
                  "sha256": "7654ea031eda308ef41b65b68eb9c44d8a7b969fb6ce55b5379e11a52c6000d5"
                }
              ]
            },
            {
              "column_start": 2,
              "column_span": 1,
              "text": "Unit",
              "status": "native_bound_visible_text",
              "native_spans": [
                {
                  "physical_page": 3,
                  "text": "Unit \n",
                  "native_start": 263,
                  "native_end": 269,
                  "candidate_native_offset": 6613,
                  "candidate_start": 6876,
                  "candidate_end": 6882,
                  "candidate_path": "/private/tmp/geode-clean-archive-2f2b450/research/local_review/ebenezer-016-017-reconciliation-2026-09-12/historical-packet/baseline/EB-PDF-016/inputs/candidate.txt",
                  "sha256": "fa4f120c4a493e3e3c66cab9c58adcdf56ce1f2b4bfe7189c7195dd659086cdf"
                }
              ]
            },
            {
              "column_start": 3,
              "column_span": 1,
              "text": "",
              "status": "visually_blank",
              "native_spans": []
            },
            {
              "column_start": 4,
              "column_span": 1,
              "text": "",
              "status": "visually_blank",
              "native_spans": []
            },
            {
              "column_start": 5,
              "column_span": 1,
              "text": "",
              "status": "visually_blank",
              "native_spans": []
            }
          ]
        }
      ],
      "table_headings": [],
      "association_notes": [
        "The year and percentage headings are not repeated on page 3. The continuing grid aligns with the explicitly cited page 2 header.",
        "Native text emits the first six labels, six 2025 values, six changes and six 2026 values, followed by the complete Industrial row. Cell spans preserve that native ordering while the row records express the visible associations.",
        "Commercial units here read 1,000 Square Feet of Building; they are not silently abbreviated to match page 2."
      ],
      "page_image_path": "/private/tmp/geode-clean-archive-2f2b450/research/local_review/ebenezer-016-017-reconciliation-2026-09-12/historical-packet/baseline/EB-PDF-016/inputs/page-0003.png"
    }
  ],
  "context": [
    {
      "id": "p1-chunk-2",
      "role": "native_artifact",
      "statement": "Unchanged source span",
      "qualification": "not_visible_in_checked_render",
      "native_spans": [
        {
          "physical_page": 1,
          "text": "-A\n",
          "native_start": 595,
          "native_end": 598,
          "candidate_native_offset": 56,
          "candidate_start": 651,
          "candidate_end": 654,
          "candidate_path": "/private/tmp/geode-clean-archive-2f2b450/research/local_review/ebenezer-016-017-reconciliation-2026-09-12/historical-packet/baseline/EB-PDF-016/inputs/candidate.txt",
          "sha256": "698f0fbaa5f56e9fa2aac2f6e537a1f77377aeed4531930a2ca71e10811093df"
        }
      ],
      "page_image_paths": [
        "/private/tmp/geode-clean-archive-2f2b450/research/local_review/ebenezer-016-017-reconciliation-2026-09-12/historical-packet/baseline/EB-PDF-016/inputs/page-0001.png"
      ]
    },
    {
      "id": "p1-chunk-3",
      "role": "header",
      "statement": "Unchanged source span",
      "qualification": "visible",
      "native_spans": [
        {
          "physical_page": 1,
          "text": "2026 Development Impact Fee Schedule \n",
          "native_start": 598,
          "native_end": 636,
          "candidate_native_offset": 56,
          "candidate_start": 654,
          "candidate_end": 692,
          "candidate_path": "/private/tmp/geode-clean-archive-2f2b450/research/local_review/ebenezer-016-017-reconciliation-2026-09-12/historical-packet/baseline/EB-PDF-016/inputs/candidate.txt",
          "sha256": "c406d7eeba71995b55212c5ed6280bedf3c4af927937a9f68eeb8d15f221a9d7"
        }
      ],
      "page_image_paths": [
        "/private/tmp/geode-clean-archive-2f2b450/research/local_review/ebenezer-016-017-reconciliation-2026-09-12/historical-packet/baseline/EB-PDF-016/inputs/page-0001.png"
      ]
    },
    {
      "id": "p1-chunk-4",
      "role": "body",
      "statement": "Unchanged source span",
      "qualification": "visible",
      "native_spans": [
        {
          "physical_page": 1,
          "text": "FINANCE DEPARTMENT \nMEMORANDUM \nDATE: \nNovember 1, 2025 \nFROM: \nCity of Greeley, Colorado \nRE: \n2026 Development Impact Fees \nIn the 2023 adoption of the Police, Fire, Park, Trails, Storm Drainage, and Transportation development \nimpact fees, the methodology to adjust fees annually was adopted. City of Greeley Code Chapter \n4.64.055(b) states that the fees will be recalculated by applying the Economic Adjustment Factor \n(EAF). \nThe EAF is determined on an annual basis, using six weighted data variables, considered to be \nrepresentative of economic growth, the cost of materials and services associated with constructing \ncapital projects, and general economic conditions. The variables include: \n Percent change in Greeley Utility Customer Accounts – representing the growth and scope of \npublic services; \n Percent change in CDOT Construction Cost Index – representing the cost of providing \ntransportation networks; \n Percent change in Engineering News Records Construction Cost Index – representing material \ncosts associated with capital projects; \n Percent change in Engineering News Records Building Cost Index – representing labor costs \nassociated with capital projects; \n Percent change in Assessed Value of Greeley Real Property – representing growth and the \neconomic value of real property assets; and \n Percent change in Greeley MSA Employment – representing a general indicator of the \neconomic health of the area. \nThe 2026 EAF was calculated using the most reliable and consistent annual data sets from the \nprevious full year. Since the EAF is calculated on November 1, 2025, for the 2026 fee year, the \npercent change was calculated using year end 2024 compared to year end 2023. \n",
          "native_start": 636,
          "native_end": 2371,
          "candidate_native_offset": 56,
          "candidate_start": 692,
          "candidate_end": 2427,
          "candidate_path": "/private/tmp/geode-clean-archive-2f2b450/research/local_review/ebenezer-016-017-reconciliation-2026-09-12/historical-packet/baseline/EB-PDF-016/inputs/candidate.txt",
          "sha256": "5ba28cec807067b0352aa1672420b37bf2477645a465c87d13a7f5486f737001"
        }
      ],
      "page_image_paths": [
        "/private/tmp/geode-clean-archive-2f2b450/research/local_review/ebenezer-016-017-reconciliation-2026-09-12/historical-packet/baseline/EB-PDF-016/inputs/page-0001.png"
      ]
    },
    {
      "id": "p2-chunk-2",
      "role": "header",
      "statement": "Unchanged source span",
      "qualification": "visible",
      "native_spans": [
        {
          "physical_page": 2,
          "text": "2026 Development Impact Fee Schedule \n",
          "native_start": 885,
          "native_end": 923,
          "candidate_native_offset": 2833,
          "candidate_start": 3718,
          "candidate_end": 3756,
          "candidate_path": "/private/tmp/geode-clean-archive-2f2b450/research/local_review/ebenezer-016-017-reconciliation-2026-09-12/historical-packet/baseline/EB-PDF-016/inputs/candidate.txt",
          "sha256": "c406d7eeba71995b55212c5ed6280bedf3c4af927937a9f68eeb8d15f221a9d7"
        }
      ],
      "page_image_paths": [
        "/private/tmp/geode-clean-archive-2f2b450/research/local_review/ebenezer-016-017-reconciliation-2026-09-12/historical-packet/baseline/EB-PDF-016/inputs/page-0002.png"
      ]
    },
    {
      "id": "p2-chunk-3",
      "role": "body",
      "statement": "Unchanged source span",
      "qualification": "visible",
      "native_spans": [
        {
          "physical_page": 2,
          "text": "For 2026, based on the methodology (applying the economic adjustment factor to the 2025 fee, \nrounding the result to zero decimals and comparing it to the 2025 fee), the Police, Fire, Park, Trails, \nStorm Drainage, and Transportation development impact fees will decrease an average of -2.07%. \nThe Water and Sewer board establishes the Water and Sewer Plant Investment Fees (PIF), the \nequivalent to impact fees. These will be adopted in December. \nThe fee adjustment requires public notification approximately 120 days before the March 1, 2026 \neffective date. The fee changes by type of Development Impact Fee are presented on the attached \nschedule. \n",
          "native_start": 923,
          "native_end": 1578,
          "candidate_native_offset": 2833,
          "candidate_start": 3756,
          "candidate_end": 4411,
          "candidate_path": "/private/tmp/geode-clean-archive-2f2b450/research/local_review/ebenezer-016-017-reconciliation-2026-09-12/historical-packet/baseline/EB-PDF-016/inputs/candidate.txt",
          "sha256": "0700927260384b81ecb71aafd2a4b46a67e5a45c30b67f3edbc9368b49f3e062"
        }
      ],
      "page_image_paths": [
        "/private/tmp/geode-clean-archive-2f2b450/research/local_review/ebenezer-016-017-reconciliation-2026-09-12/historical-packet/baseline/EB-PDF-016/inputs/page-0002.png"
      ]
    },
    {
      "id": "p3-chunk-2",
      "role": "header",
      "statement": "Unchanged source span",
      "qualification": "visible",
      "native_spans": [
        {
          "physical_page": 3,
          "text": "2026 Development Impact Fee Schedule \n",
          "native_start": 193,
          "native_end": 231,
          "candidate_native_offset": 6613,
          "candidate_start": 6806,
          "candidate_end": 6844,
          "candidate_path": "/private/tmp/geode-clean-archive-2f2b450/research/local_review/ebenezer-016-017-reconciliation-2026-09-12/historical-packet/baseline/EB-PDF-016/inputs/candidate.txt",
          "sha256": "c406d7eeba71995b55212c5ed6280bedf3c4af927937a9f68eeb8d15f221a9d7"
        }
      ],
      "page_image_paths": [
        "/private/tmp/geode-clean-archive-2f2b450/research/local_review/ebenezer-016-017-reconciliation-2026-09-12/historical-packet/baseline/EB-PDF-016/inputs/page-0003.png"
      ]
    },
    {
      "id": "memo-identity",
      "role": "date_claim",
      "statement": "The source identifies a Finance Department memorandum dated November 1, 2025, from City of Greeley, Colorado, concerning 2026 Development Impact Fees.",
      "qualification": "The memorandum date and subject year do not independently establish an adopted ordinance or current fees.",
      "native_spans": [
        {
          "physical_page": 1,
          "text": "2026 Development Impact Fee Schedule \nFINANCE DEPARTMENT \nMEMORANDUM \nDATE: \nNovember 1, 2025 \nFROM: \nCity of Greeley, Colorado \nRE: \n2026 Development Impact Fees \n",
          "native_start": 598,
          "native_end": 762,
          "candidate_native_offset": 56,
          "candidate_start": 654,
          "candidate_end": 818,
          "candidate_path": "/private/tmp/geode-clean-archive-2f2b450/research/local_review/ebenezer-016-017-reconciliation-2026-09-12/historical-packet/baseline/EB-PDF-016/inputs/candidate.txt",
          "sha256": "b841f8afa8a796729d38ebe74069364865082bb400edfba529c6218e3bd89c47"
        }
      ],
      "page_image_paths": [
        "/private/tmp/geode-clean-archive-2f2b450/research/local_review/ebenezer-016-017-reconciliation-2026-09-12/historical-packet/baseline/EB-PDF-016/inputs/page-0001.png"
      ]
    },
    {
      "id": "native-minus-a",
      "role": "native_not_visible",
      "statement": "The native extraction contains -A before the repeated page title. No -A is visible in the full page or direct header crop at its PDF text bounds. It remains in the exhaustive original bytes.",
      "qualification": "Do not append it to the visible title or silently remove it from the native record. Cause of the invisible text is not certified.",
      "native_spans": [
        {
          "physical_page": 1,
          "text": "-A\n",
          "native_start": 595,
          "native_end": 598,
          "candidate_native_offset": 56,
          "candidate_start": 651,
          "candidate_end": 654,
          "candidate_path": "/private/tmp/geode-clean-archive-2f2b450/research/local_review/ebenezer-016-017-reconciliation-2026-09-12/historical-packet/baseline/EB-PDF-016/inputs/candidate.txt",
          "sha256": "698f0fbaa5f56e9fa2aac2f6e537a1f77377aeed4531930a2ca71e10811093df"
        }
      ],
      "page_image_paths": [
        "/private/tmp/geode-clean-archive-2f2b450/research/local_review/ebenezer-016-017-reconciliation-2026-09-12/historical-packet/baseline/EB-PDF-016/inputs/page-0001.png"
      ]
    },
    {
      "id": "logo",
      "role": "image_only",
      "statement": "The colored logo contains the words City of, Greeley and Colorado. These logo words are recorded as image evidence, separately from native text.",
      "qualification": "This is a visual word observation, not a complete vector/logo transcription or a signature/authenticity claim.",
      "native_spans": [],
      "page_image_paths": [
        "/private/tmp/geode-clean-archive-2f2b450/research/local_review/ebenezer-016-017-reconciliation-2026-09-12/historical-packet/baseline/EB-PDF-016/inputs/page-0001.png"
      ]
    },
    {
      "id": "adoption-methodology-claim",
      "role": "scope_boundary",
      "statement": "The memorandum states that the six named development impact fee types and their annual adjustment methodology were adopted in 2023, and cites City of Greeley Code Chapter 4.64.055(b).",
      "qualification": "This review checks that wording. It does not verify the cited code, the adoption instrument, or the legal status of the 2026 schedule.",
      "native_spans": [
        {
          "physical_page": 1,
          "text": "In the 2023 adoption of the Police, Fire, Park, Trails, Storm Drainage, and Transportation development \nimpact fees, the methodology to adjust fees annually was adopted. City of Greeley Code Chapter \n4.64.055(b) states that the fees will be recalculated by applying the Economic Adjustment Factor \n(EAF). \n",
          "native_start": 762,
          "native_end": 1068,
          "candidate_native_offset": 56,
          "candidate_start": 818,
          "candidate_end": 1124,
          "candidate_path": "/private/tmp/geode-clean-archive-2f2b450/research/local_review/ebenezer-016-017-reconciliation-2026-09-12/historical-packet/baseline/EB-PDF-016/inputs/candidate.txt",
          "sha256": "6b3feebbb69b8e76221b60104176b32fdf29f275ec5ee812917aed2d542386ad"
        }
      ],
      "page_image_paths": [
        "/private/tmp/geode-clean-archive-2f2b450/research/local_review/ebenezer-016-017-reconciliation-2026-09-12/historical-packet/baseline/EB-PDF-016/inputs/page-0001.png"
      ]
    },
    {
      "id": "six-economic-indicators",
      "role": "source_wording",
      "statement": "All six listed indicators and their stated purposes are preserved, including Greeley Utility Customer Accounts, both Engineering News Records indices, assessed value and Greeley MSA Employment.",
      "qualification": "The prose expands labels used in the EAF table; these are source descriptions, not independently validated economic data. Native bullet codepoint U+F0B7 is retained although the visible mark is a round bullet.",
      "native_spans": [
        {
          "physical_page": 1,
          "text": "The EAF is determined on an annual basis, using six weighted data variables, considered to be \nrepresentative of economic growth, the cost of materials and services associated with constructing \ncapital projects, and general economic conditions. The variables include: \n Percent change in Greeley Utility Customer Accounts – representing the growth and scope of \npublic services; \n Percent change in CDOT Construction Cost Index – representing the cost of providing \ntransportation networks; \n Percent change in Engineering News Records Construction Cost Index – representing material \ncosts associated with capital projects; \n Percent change in Engineering News Records Building Cost Index – representing labor costs \nassociated with capital projects; \n Percent change in Assessed Value of Greeley Real Property – representing growth and the \neconomic value of real property assets; and \n Percent change in Greeley MSA Employment – representing a general indicator of the \neconomic health of the area. \n",
          "native_start": 1068,
          "native_end": 2102,
          "candidate_native_offset": 56,
          "candidate_start": 1124,
          "candidate_end": 2158,
          "candidate_path": "/private/tmp/geode-clean-archive-2f2b450/research/local_review/ebenezer-016-017-reconciliation-2026-09-12/historical-packet/baseline/EB-PDF-016/inputs/candidate.txt",
          "sha256": "7864a712648b4b73e1a1e1e106f01bd67c358bba11d385613f44573276a63575"
        }
      ],
      "page_image_paths": [
        "/private/tmp/geode-clean-archive-2f2b450/research/local_review/ebenezer-016-017-reconciliation-2026-09-12/historical-packet/baseline/EB-PDF-016/inputs/page-0001.png"
      ]
    },
    {
      "id": "eaf-data-period",
      "role": "date_claim",
      "statement": "The source says the EAF is calculated on November 1, 2025 for fee year 2026 using year end 2024 compared with year end 2023.",
      "qualification": "Calculation date, fee year and underlying annual comparison periods remain separate. No newer source was opened.",
      "native_spans": [
        {
          "physical_page": 1,
          "text": "The 2026 EAF was calculated using the most reliable and consistent annual data sets from the \nprevious full year. Since the EAF is calculated on November 1, 2025, for the 2026 fee year, the \npercent change was calculated using year end 2024 compared to year end 2023. \n",
          "native_start": 2102,
          "native_end": 2371,
          "candidate_native_offset": 56,
          "candidate_start": 2158,
          "candidate_end": 2427,
          "candidate_path": "/private/tmp/geode-clean-archive-2f2b450/research/local_review/ebenezer-016-017-reconciliation-2026-09-12/historical-packet/baseline/EB-PDF-016/inputs/candidate.txt",
          "sha256": "30c445ce43488a6012fd62113a808c0c2ab1e65864f459c49f109dc962fb36ae"
        }
      ],
      "page_image_paths": [
        "/private/tmp/geode-clean-archive-2f2b450/research/local_review/ebenezer-016-017-reconciliation-2026-09-12/historical-packet/baseline/EB-PDF-016/inputs/page-0001.png"
      ]
    },
    {
      "id": "eaf-grid-order",
      "role": "reading_order",
      "statement": "The table has six weighted indicator columns plus a resulting EAF column. The native header order interleaves words from different columns. The typed cell map restores only their visually checked associations.",
      "qualification": "The blank EAF weight cell stays blank. The printed -2.07% result and all printed weights and changes are preserved without recomputation.",
      "native_spans": [
        {
          "physical_page": 1,
          "text": "2026 EAF – Weighting and Percent Change by Indicator \nWeight \nGreeley \nGreeley \nUtility \nCDOT \nENR \nENR \nAssessed \nMSA \nCustomers \nCCI \nCCI \nBCI \nValue \nEmployment \n25.0% \n15.0% \n5.0% \n5.0% \n25.0% \n25.0% \nEconomic \nAdjustment \nFactor \n% change\n-6.79%\n-0.22%\n-0.19%\n5.28%\n-4.68%\n2.32%\n-2.07%\n",
          "native_start": 2371,
          "native_end": 2664,
          "candidate_native_offset": 56,
          "candidate_start": 2427,
          "candidate_end": 2720,
          "candidate_path": "/private/tmp/geode-clean-archive-2f2b450/research/local_review/ebenezer-016-017-reconciliation-2026-09-12/historical-packet/baseline/EB-PDF-016/inputs/candidate.txt",
          "sha256": "99425c893243a3ff4f1cb13b236f3c0be96990fd577916d4fd8f701eea4bf0e5"
        }
      ],
      "page_image_paths": [
        "/private/tmp/geode-clean-archive-2f2b450/research/local_review/ebenezer-016-017-reconciliation-2026-09-12/historical-packet/baseline/EB-PDF-016/inputs/page-0001.png"
      ]
    },
    {
      "id": "rounding-and-average",
      "role": "source_arithmetic",
      "statement": "The source describes applying the EAF to the 2025 fee, rounding the result to zero decimals and comparing it to the 2025 fee, then says fees will decrease an average of -2.07%.",
      "qualification": "The exact decrease an average of -2.07% wording is retained. Individual printed percentages and Storm Drainage decimal values are not forced to agree with a recomputed formula.",
      "native_spans": [
        {
          "physical_page": 2,
          "text": "For 2026, based on the methodology (applying the economic adjustment factor to the 2025 fee, \nrounding the result to zero decimals and comparing it to the 2025 fee), the Police, Fire, Park, Trails, \nStorm Drainage, and Transportation development impact fees will decrease an average of -2.07%. \n",
          "native_start": 923,
          "native_end": 1218,
          "candidate_native_offset": 2833,
          "candidate_start": 3756,
          "candidate_end": 4051,
          "candidate_path": "/private/tmp/geode-clean-archive-2f2b450/research/local_review/ebenezer-016-017-reconciliation-2026-09-12/historical-packet/baseline/EB-PDF-016/inputs/candidate.txt",
          "sha256": "b0c173cbbe0af1b192bcb905e455905fc69871eeb68046719c3c8217353cf873"
        }
      ],
      "page_image_paths": [
        "/private/tmp/geode-clean-archive-2f2b450/research/local_review/ebenezer-016-017-reconciliation-2026-09-12/historical-packet/baseline/EB-PDF-016/inputs/page-0002.png"
      ]
    },
    {
      "id": "utility-separate-future-adoption",
      "role": "date_claim",
      "statement": "The Water and Sewer board is described as establishing Water and Sewer Plant Investment Fees, followed by These will be adopted in December.",
      "qualification": "The statement is future-facing relative to the memo; no explicit December year is supplied. This three-page source supplies no water or sewer rates, and the statement does not prove later adoption.",
      "native_spans": [
        {
          "physical_page": 2,
          "text": "The Water and Sewer board establishes the Water and Sewer Plant Investment Fees (PIF), the \nequivalent to impact fees. These will be adopted in December. \n",
          "native_start": 1218,
          "native_end": 1373,
          "candidate_native_offset": 2833,
          "candidate_start": 4051,
          "candidate_end": 4206,
          "candidate_path": "/private/tmp/geode-clean-archive-2f2b450/research/local_review/ebenezer-016-017-reconciliation-2026-09-12/historical-packet/baseline/EB-PDF-016/inputs/candidate.txt",
          "sha256": "81f76b670bbc403068c117961152a0c2a0301581651c61f54a2631551d745acf"
        }
      ],
      "page_image_paths": [
        "/private/tmp/geode-clean-archive-2f2b450/research/local_review/ebenezer-016-017-reconciliation-2026-09-12/historical-packet/baseline/EB-PDF-016/inputs/page-0002.png"
      ]
    },
    {
      "id": "notification-effective-date",
      "role": "date_claim",
      "statement": "The source describes public notification approximately 120 days before the March 1, 2026 effective date and refers to the attached fee schedule.",
      "qualification": "The approximate notification interval and stated effective date are source claims. No exact notice date, compliance finding or present applicability is inferred.",
      "native_spans": [
        {
          "physical_page": 2,
          "text": "The fee adjustment requires public notification approximately 120 days before the March 1, 2026 \neffective date. The fee changes by type of Development Impact Fee are presented on the attached \nschedule. \n",
          "native_start": 1373,
          "native_end": 1578,
          "candidate_native_offset": 2833,
          "candidate_start": 4206,
          "candidate_end": 4411,
          "candidate_path": "/private/tmp/geode-clean-archive-2f2b450/research/local_review/ebenezer-016-017-reconciliation-2026-09-12/historical-packet/baseline/EB-PDF-016/inputs/candidate.txt",
          "sha256": "096c60a9bc04536bacb38225752e15a5e45e22c58f241b27344f580c2caa9764"
        }
      ],
      "page_image_paths": [
        "/private/tmp/geode-clean-archive-2f2b450/research/local_review/ebenezer-016-017-reconciliation-2026-09-12/historical-packet/baseline/EB-PDF-016/inputs/page-0002.png"
      ]
    },
    {
      "id": "fee-grid-units",
      "role": "source_layout",
      "statement": "All 23 page 2 fee rows are mapped to their visible group, use/size condition, printed unit and 2025/change/2026 columns. Residential conditions explicitly refer to heated living space.",
      "qualification": "No new unit is supplied for the merged residential cells. Commercial and impervious-area units remain separate. Blank group and spacer cells remain blank.",
      "native_spans": [
        {
          "physical_page": 2,
          "text": "Fee Structure \n2025 \n% \n2026 \nFee \nChange \nFee \nPolice Development Fee \nUnit \nResidential 1,200 square feet or less of heated living space \n$156 \n-1.92% \n$153 \nResidential 1,201 square feet to 1,500 square feet of heated living space \n$276 \n-2.17% \n$270 \nResidential 1,501 square feet to 1,800 square feet of heated living space \n$314 \n-1.91% \n$308 \nResidential 1,801 square feet or more of heated living space \n$334 \n-2.10% \n$327 \nRetail/Restaurant \n1,000 Sq. Ft of Building \n$1,004 \n-2.09% \n$983 \nOffice & Other Services \n1,000 Sq. Ft of Building \n$539 \n-2.04% \n$528 \nIndustrial \n1,000 Sq. Ft of Building \n$275 \n-2.18% \n$269 \nFire Development Fee \nUnit \nResidential 1,200 square feet or less of heated living space \n$409 \n-1.96% \n$401 \nResidential 1,201 square feet to 1,500 square feet of heated living space \n$718 \n-2.09% \n$703 \nResidential 1,501 square feet to 1,800 square feet of heated living space \n$815 \n-2.09% \n$798 \nResidential 1,801 square feet or more of heated living space \n$869 \n-2.07% \n$851 \nRetail/Restaurant \n1,000 Sq. Ft of Building \n$2,235 \n-2.06% \n$2,189 \nOffice & Other Services \n1,000 Sq. Ft of Building \n$1,200 \n-2.08% \n$1,175 \nIndustrial \n1,000 Sq. Ft of Building \n$613 \n-2.12% \n$600 \nPark Development Fee \nResidential 1,200 square feet or less of heated living space \n$3,036 \n-2.08% \n$2,973 \nResidential 1,201 square feet to 1,500 square feet of heated living space \n$5,334 \n-2.06% \n$5,224 \nResidential 1,501 square feet to 1,800 square feet of heated living space \n$6,048 \n-2.07% \n$5,923 \nResidential 1,801 square feet or more of heated living space \n$6,449 \n-2.06% \n$6,316 \nTrails Development Fee \nResidential 1,200 square feet or less of heated living space \n$456 \n-1.97% \n$447 \nResidential 1,201 square feet to 1,500 square feet of heated living space \n$801 \n-2.12% \n$784 \nResidential 1,501 square feet to 1,800 square feet of heated living space \n$906 \n-2.10% \n$887 \nResidential 1,801 square feet or more of heated living space \n$967 \n-2.07% \n$947 \nStorm Drainage Development Fee \nUnit \nImpervious Area \nPer Impervious Square Foot \n$0.315 \n-2.22% \n$0.308 \n",
          "native_start": 1578,
          "native_end": 3667,
          "candidate_native_offset": 2833,
          "candidate_start": 4411,
          "candidate_end": 6500,
          "candidate_path": "/private/tmp/geode-clean-archive-2f2b450/research/local_review/ebenezer-016-017-reconciliation-2026-09-12/historical-packet/baseline/EB-PDF-016/inputs/candidate.txt",
          "sha256": "92ee20efa15e9fa94cf29662fb812cb1c905da92415a77fbe830e4d71c4d2521"
        }
      ],
      "page_image_paths": [
        "/private/tmp/geode-clean-archive-2f2b450/research/local_review/ebenezer-016-017-reconciliation-2026-09-12/historical-packet/baseline/EB-PDF-016/inputs/page-0002.png"
      ]
    },
    {
      "id": "storm-decimals",
      "role": "source_arithmetic",
      "statement": "The Storm Drainage row prints Impervious Area, Per Impervious Square Foot, $0.315, -2.22%, and $0.308.",
      "qualification": "These printed three-decimal dollar values are retained despite the preceding general zero-decimal rounding description. This review does not resolve or repair that source-level tension.",
      "native_spans": [
        {
          "physical_page": 2,
          "text": "Impervious Area \nPer Impervious Square Foot \n$0.315 \n-2.22% \n$0.308 \n",
          "native_start": 3598,
          "native_end": 3667,
          "candidate_native_offset": 2833,
          "candidate_start": 6431,
          "candidate_end": 6500,
          "candidate_path": "/private/tmp/geode-clean-archive-2f2b450/research/local_review/ebenezer-016-017-reconciliation-2026-09-12/historical-packet/baseline/EB-PDF-016/inputs/candidate.txt",
          "sha256": "b6cc49203e9238f2b65bb803346820a47b5af0f7c9e2cb36283d166983fc4f9b"
        }
      ],
      "page_image_paths": [
        "/private/tmp/geode-clean-archive-2f2b450/research/local_review/ebenezer-016-017-reconciliation-2026-09-12/historical-packet/baseline/EB-PDF-016/inputs/page-0002.png"
      ]
    },
    {
      "id": "transportation-column-major",
      "role": "reading_order",
      "statement": "All seven Transportation rows are mapped visually. The first six native rows are emitted by numeric column, making a plain sequential transcript misleading for row associations.",
      "qualification": "The complete original native bytes are preserved; the explicit grid is a reviewed layout mapping, not a replacement or corrected native extraction.",
      "native_spans": [
        {
          "physical_page": 3,
          "text": "Transportation Development Fee \nUnit \nResidential 1,200 square feet or less of heated living space \nResidential 1,201 square feet to 1,500 square feet of heated living space \nResidential 1,501 square feet to 1,800 square feet of heated living space \nResidential 1,801 square feet or more of heated living space \nRetail/Restaurant \n1,000 Square Feet of Building \nOffice & Other Services \n1,000 Square Feet of Building \n$3,810 \n$7,037 \n$8,058 \n$8,609 \n$9,963 \n$6,426 \n-2.07% \n-2.06% \n-2.07% \n-2.07% \n-2.07% \n-2.07% \n$3,731 \n$6,892 \n$7,891 \n$8,431 \n$9,757 \n$6,293 \nIndustrial \n1,000 Square Feet of Building \n$3,273 \n-2.08% \n$3,205 \n",
          "native_start": 231,
          "native_end": 860,
          "candidate_native_offset": 6613,
          "candidate_start": 6844,
          "candidate_end": 7473,
          "candidate_path": "/private/tmp/geode-clean-archive-2f2b450/research/local_review/ebenezer-016-017-reconciliation-2026-09-12/historical-packet/baseline/EB-PDF-016/inputs/candidate.txt",
          "sha256": "5bae8ecd2f359c41184d7a7eb01a0b217013f834a1b1af6d9cba3daa7956baf0"
        }
      ],
      "page_image_paths": [
        "/private/tmp/geode-clean-archive-2f2b450/research/local_review/ebenezer-016-017-reconciliation-2026-09-12/historical-packet/baseline/EB-PDF-016/inputs/page-0003.png"
      ]
    },
    {
      "id": "transportation-carried-headers",
      "role": "scope_boundary",
      "statement": "Page 3 begins with Transportation Development Fee and Unit. The three numeric column headings are not repeated; the table uses the continuing page 2 grid.",
      "qualification": "The header_reference_row_ids points to fees-column-header on page 2. No year text is invented as visible on page 3.",
      "native_spans": [
        {
          "physical_page": 3,
          "text": "Transportation Development Fee \n",
          "native_start": 231,
          "native_end": 263,
          "candidate_native_offset": 6613,
          "candidate_start": 6844,
          "candidate_end": 6876,
          "candidate_path": "/private/tmp/geode-clean-archive-2f2b450/research/local_review/ebenezer-016-017-reconciliation-2026-09-12/historical-packet/baseline/EB-PDF-016/inputs/candidate.txt",
          "sha256": "7654ea031eda308ef41b65b68eb9c44d8a7b969fb6ce55b5379e11a52c6000d5"
        },
        {
          "physical_page": 3,
          "text": "Unit \n",
          "native_start": 263,
          "native_end": 269,
          "candidate_native_offset": 6613,
          "candidate_start": 6876,
          "candidate_end": 6882,
          "candidate_path": "/private/tmp/geode-clean-archive-2f2b450/research/local_review/ebenezer-016-017-reconciliation-2026-09-12/historical-packet/baseline/EB-PDF-016/inputs/candidate.txt",
          "sha256": "fa4f120c4a493e3e3c66cab9c58adcdf56ce1f2b4bfe7189c7195dd659086cdf"
        }
      ],
      "page_image_paths": [
        "/private/tmp/geode-clean-archive-2f2b450/research/local_review/ebenezer-016-017-reconciliation-2026-09-12/historical-packet/baseline/EB-PDF-016/inputs/page-0003.png"
      ]
    },
    {
      "id": "page-footnote-boundary",
      "role": "source_layout",
      "statement": "The third full page contains the repeated schedule title and the Transportation table, with blank space below. Across all three checked full pages, no visible footnotes or printed page-number labels were observed.",
      "qualification": "This statement is limited to these three retained pages and their renderings; it does not establish completeness of the larger fee framework or linked documents.",
      "native_spans": [
        {
          "physical_page": 3,
          "text": " \n \n \n \n \n \n \n \n \n \n \n \n \n \n \n \n \n \n \n \n \n \n \n \n \n \n \n \n \n \n \n \n \n \n \n \n \n \n \n \n \n \n \n \n \n \n \n \n \n \n \n \n \n \n \n \n \n \n \n \n \n \n \n \n \n \n \n \n \n \n \n \n \n \n \n \n \n  \n \n \n \n \n \n \n \n \n \n \n \n \n \n \n \n \n \n \n2026 Development Impact Fee Schedule \nTransportation Development Fee \nUnit \nResidential 1,200 square feet or less of heated living space \nResidential 1,201 square feet to 1,500 square feet of heated living space \nResidential 1,501 square feet to 1,800 square feet of heated living space \nResidential 1,801 square feet or more of heated living space \nRetail/Restaurant \n1,000 Square Feet of Building \nOffice & Other Services \n1,000 Square Feet of Building \n$3,810 \n$7,037 \n$8,058 \n$8,609 \n$9,963 \n$6,426 \n-2.07% \n-2.06% \n-2.07% \n-2.07% \n-2.07% \n-2.07% \n$3,731 \n$6,892 \n$7,891 \n$8,431 \n$9,757 \n$6,293 \nIndustrial \n1,000 Square Feet of Building \n$3,273 \n-2.08% \n$3,205 \n",
          "native_start": 0,
          "native_end": 860,
          "candidate_native_offset": 6613,
          "candidate_start": 6613,
          "candidate_end": 7473,
          "candidate_path": "/private/tmp/geode-clean-archive-2f2b450/research/local_review/ebenezer-016-017-reconciliation-2026-09-12/historical-packet/baseline/EB-PDF-016/inputs/candidate.txt",
          "sha256": "35f777dfc486122072173e0038f44091b9cdb49d9a30e4c27aab80df436aa94a"
        }
      ],
      "page_image_paths": [
        "/private/tmp/geode-clean-archive-2f2b450/research/local_review/ebenezer-016-017-reconciliation-2026-09-12/historical-packet/baseline/EB-PDF-016/inputs/page-0003.png"
      ]
    }
  ],
  "context_tables": [
    {
      "row_id": "eaf-caption",
      "physical_page": 1,
      "role": "caption",
      "cells": [
        {
          "column_start": 1,
          "column_span": 8,
          "text": "2026 EAF – Weighting and Percent Change by Indicator",
          "status": "native_bound_visible_text",
          "native_spans": [
            {
              "physical_page": 1,
              "text": "2026 EAF – Weighting and Percent Change by Indicator \n",
              "native_start": 2371,
              "native_end": 2427,
              "candidate_native_offset": 56,
              "candidate_start": 2427,
              "candidate_end": 2483,
              "candidate_path": "/private/tmp/geode-clean-archive-2f2b450/research/local_review/ebenezer-016-017-reconciliation-2026-09-12/historical-packet/baseline/EB-PDF-016/inputs/candidate.txt",
              "sha256": "316fccaf958e96cb68f2fe4ec0ad839bb053b9fc461df5f7618b92907ce96ddf"
            }
          ]
        }
      ]
    },
    {
      "row_id": "eaf-header",
      "physical_page": 1,
      "role": "column_header",
      "cells": [
        {
          "column_start": 1,
          "column_span": 1,
          "text": "",
          "status": "visually_blank",
          "native_spans": []
        },
        {
          "column_start": 2,
          "column_span": 1,
          "text": "Greeley Utility Customers",
          "status": "native_bound_visible_text",
          "native_spans": [
            {
              "physical_page": 1,
              "text": "Greeley \n",
              "native_start": 2435,
              "native_end": 2444,
              "candidate_native_offset": 56,
              "candidate_start": 2491,
              "candidate_end": 2500,
              "candidate_path": "/private/tmp/geode-clean-archive-2f2b450/research/local_review/ebenezer-016-017-reconciliation-2026-09-12/historical-packet/baseline/EB-PDF-016/inputs/candidate.txt",
              "sha256": "9413fc13ba89d5f807f9dc39d579526c5d15cad0b256871052969f837b7b0859"
            },
            {
              "physical_page": 1,
              "text": "Utility \n",
              "native_start": 2453,
              "native_end": 2462,
              "candidate_native_offset": 56,
              "candidate_start": 2509,
              "candidate_end": 2518,
              "candidate_path": "/private/tmp/geode-clean-archive-2f2b450/research/local_review/ebenezer-016-017-reconciliation-2026-09-12/historical-packet/baseline/EB-PDF-016/inputs/candidate.txt",
              "sha256": "17520f5d7ebcb8e90dda3ae84b00a54503a536c1c67e59e2d7654992bca7bda8"
            },
            {
              "physical_page": 1,
              "text": "Customers \n",
              "native_start": 2493,
              "native_end": 2504,
              "candidate_native_offset": 56,
              "candidate_start": 2549,
              "candidate_end": 2560,
              "candidate_path": "/private/tmp/geode-clean-archive-2f2b450/research/local_review/ebenezer-016-017-reconciliation-2026-09-12/historical-packet/baseline/EB-PDF-016/inputs/candidate.txt",
              "sha256": "7f0a19cea1c82cb9d71a02ef257bd83ff28f8f7933b711f0c66bcab4c6437daa"
            }
          ]
        },
        {
          "column_start": 3,
          "column_span": 1,
          "text": "CDOT CCI",
          "status": "native_bound_visible_text",
          "native_spans": [
            {
              "physical_page": 1,
              "text": "CDOT \n",
              "native_start": 2462,
              "native_end": 2468,
              "candidate_native_offset": 56,
              "candidate_start": 2518,
              "candidate_end": 2524,
              "candidate_path": "/private/tmp/geode-clean-archive-2f2b450/research/local_review/ebenezer-016-017-reconciliation-2026-09-12/historical-packet/baseline/EB-PDF-016/inputs/candidate.txt",
              "sha256": "17d6bb982a72ffaedb0c04ee7a7d4afcc27473b4ab72062425c7beea9ddf892a"
            },
            {
              "physical_page": 1,
              "text": "CCI \n",
              "native_start": 2504,
              "native_end": 2509,
              "candidate_native_offset": 56,
              "candidate_start": 2560,
              "candidate_end": 2565,
              "candidate_path": "/private/tmp/geode-clean-archive-2f2b450/research/local_review/ebenezer-016-017-reconciliation-2026-09-12/historical-packet/baseline/EB-PDF-016/inputs/candidate.txt",
              "sha256": "cd64d92eb89973749bd7c61815ce8db054ef19bf1cd1415b0425dc4ad4716ffb"
            }
          ]
        },
        {
          "column_start": 4,
          "column_span": 1,
          "text": "ENR CCI",
          "status": "native_bound_visible_text",
          "native_spans": [
            {
              "physical_page": 1,
              "text": "ENR \n",
              "native_start": 2468,
              "native_end": 2473,
              "candidate_native_offset": 56,
              "candidate_start": 2524,
              "candidate_end": 2529,
              "candidate_path": "/private/tmp/geode-clean-archive-2f2b450/research/local_review/ebenezer-016-017-reconciliation-2026-09-12/historical-packet/baseline/EB-PDF-016/inputs/candidate.txt",
              "sha256": "5582b91634e3073f6258b112f110cfd78c18a25ecea8b1c42ef0180dfcf2b624"
            },
            {
              "physical_page": 1,
              "text": "CCI \n",
              "native_start": 2509,
              "native_end": 2514,
              "candidate_native_offset": 56,
              "candidate_start": 2565,
              "candidate_end": 2570,
              "candidate_path": "/private/tmp/geode-clean-archive-2f2b450/research/local_review/ebenezer-016-017-reconciliation-2026-09-12/historical-packet/baseline/EB-PDF-016/inputs/candidate.txt",
              "sha256": "cd64d92eb89973749bd7c61815ce8db054ef19bf1cd1415b0425dc4ad4716ffb"
            }
          ]
        },
        {
          "column_start": 5,
          "column_span": 1,
          "text": "ENR BCI",
          "status": "native_bound_visible_text",
          "native_spans": [
            {
              "physical_page": 1,
              "text": "ENR \n",
              "native_start": 2473,
              "native_end": 2478,
              "candidate_native_offset": 56,
              "candidate_start": 2529,
              "candidate_end": 2534,
              "candidate_path": "/private/tmp/geode-clean-archive-2f2b450/research/local_review/ebenezer-016-017-reconciliation-2026-09-12/historical-packet/baseline/EB-PDF-016/inputs/candidate.txt",
              "sha256": "5582b91634e3073f6258b112f110cfd78c18a25ecea8b1c42ef0180dfcf2b624"
            },
            {
              "physical_page": 1,
              "text": "BCI \n",
              "native_start": 2514,
              "native_end": 2519,
              "candidate_native_offset": 56,
              "candidate_start": 2570,
              "candidate_end": 2575,
              "candidate_path": "/private/tmp/geode-clean-archive-2f2b450/research/local_review/ebenezer-016-017-reconciliation-2026-09-12/historical-packet/baseline/EB-PDF-016/inputs/candidate.txt",
              "sha256": "e23c802a78beb86e33dd8929d013db63984222e9c0a7db51529a72680f43a264"
            }
          ]
        },
        {
          "column_start": 6,
          "column_span": 1,
          "text": "Assessed Value",
          "status": "native_bound_visible_text",
          "native_spans": [
            {
              "physical_page": 1,
              "text": "Assessed \n",
              "native_start": 2478,
              "native_end": 2488,
              "candidate_native_offset": 56,
              "candidate_start": 2534,
              "candidate_end": 2544,
              "candidate_path": "/private/tmp/geode-clean-archive-2f2b450/research/local_review/ebenezer-016-017-reconciliation-2026-09-12/historical-packet/baseline/EB-PDF-016/inputs/candidate.txt",
              "sha256": "fe65982f6626ba193ab30cbb65659176aea9d4f55f3caddbb6e77058c52876e1"
            },
            {
              "physical_page": 1,
              "text": "Value \n",
              "native_start": 2519,
              "native_end": 2526,
              "candidate_native_offset": 56,
              "candidate_start": 2575,
              "candidate_end": 2582,
              "candidate_path": "/private/tmp/geode-clean-archive-2f2b450/research/local_review/ebenezer-016-017-reconciliation-2026-09-12/historical-packet/baseline/EB-PDF-016/inputs/candidate.txt",
              "sha256": "c8ab2a795da346ce7f8a8b5ea144f94158202bd9e37dddbf0676da8a5d0e1d02"
            }
          ]
        },
        {
          "column_start": 7,
          "column_span": 1,
          "text": "Greeley MSA Employment",
          "status": "native_bound_visible_text",
          "native_spans": [
            {
              "physical_page": 1,
              "text": "Greeley \n",
              "native_start": 2444,
              "native_end": 2453,
              "candidate_native_offset": 56,
              "candidate_start": 2500,
              "candidate_end": 2509,
              "candidate_path": "/private/tmp/geode-clean-archive-2f2b450/research/local_review/ebenezer-016-017-reconciliation-2026-09-12/historical-packet/baseline/EB-PDF-016/inputs/candidate.txt",
              "sha256": "9413fc13ba89d5f807f9dc39d579526c5d15cad0b256871052969f837b7b0859"
            },
            {
              "physical_page": 1,
              "text": "MSA \n",
              "native_start": 2488,
              "native_end": 2493,
              "candidate_native_offset": 56,
              "candidate_start": 2544,
              "candidate_end": 2549,
              "candidate_path": "/private/tmp/geode-clean-archive-2f2b450/research/local_review/ebenezer-016-017-reconciliation-2026-09-12/historical-packet/baseline/EB-PDF-016/inputs/candidate.txt",
              "sha256": "6522948345e1bc73ad8c2cb11a9d012af0c92430f6314b9557468400e45b3895"
            },
            {
              "physical_page": 1,
              "text": "Employment \n",
              "native_start": 2526,
              "native_end": 2538,
              "candidate_native_offset": 56,
              "candidate_start": 2582,
              "candidate_end": 2594,
              "candidate_path": "/private/tmp/geode-clean-archive-2f2b450/research/local_review/ebenezer-016-017-reconciliation-2026-09-12/historical-packet/baseline/EB-PDF-016/inputs/candidate.txt",
              "sha256": "48c270007bdcc89b9a1278f65c5b04d53c1eff2c95179a4feca871359aebb1f0"
            }
          ]
        },
        {
          "column_start": 8,
          "column_span": 1,
          "text": "Economic Adjustment Factor",
          "status": "native_bound_visible_text",
          "native_spans": [
            {
              "physical_page": 1,
              "text": "Economic \n",
              "native_start": 2578,
              "native_end": 2588,
              "candidate_native_offset": 56,
              "candidate_start": 2634,
              "candidate_end": 2644,
              "candidate_path": "/private/tmp/geode-clean-archive-2f2b450/research/local_review/ebenezer-016-017-reconciliation-2026-09-12/historical-packet/baseline/EB-PDF-016/inputs/candidate.txt",
              "sha256": "6620bdeaba8def94bb19e4ef33d22fe39f9563a18fa28aa1423dac1158623d1a"
            },
            {
              "physical_page": 1,
              "text": "Adjustment \n",
              "native_start": 2588,
              "native_end": 2600,
              "candidate_native_offset": 56,
              "candidate_start": 2644,
              "candidate_end": 2656,
              "candidate_path": "/private/tmp/geode-clean-archive-2f2b450/research/local_review/ebenezer-016-017-reconciliation-2026-09-12/historical-packet/baseline/EB-PDF-016/inputs/candidate.txt",
              "sha256": "87f3004ef745324328d651c131e8262a237057bc8c5129be0e791b9be0be44e1"
            },
            {
              "physical_page": 1,
              "text": "Factor \n",
              "native_start": 2600,
              "native_end": 2608,
              "candidate_native_offset": 56,
              "candidate_start": 2656,
              "candidate_end": 2664,
              "candidate_path": "/private/tmp/geode-clean-archive-2f2b450/research/local_review/ebenezer-016-017-reconciliation-2026-09-12/historical-packet/baseline/EB-PDF-016/inputs/candidate.txt",
              "sha256": "69ccb1fa630efe5f37ea15f1bd6e08bd5c8737cd10d51c256b29222bef73655e"
            }
          ]
        }
      ]
    },
    {
      "row_id": "eaf-weight",
      "physical_page": 1,
      "role": "weight",
      "cells": [
        {
          "column_start": 1,
          "column_span": 1,
          "text": "Weight",
          "status": "native_bound_visible_text",
          "native_spans": [
            {
              "physical_page": 1,
              "text": "Weight \n",
              "native_start": 2427,
              "native_end": 2435,
              "candidate_native_offset": 56,
              "candidate_start": 2483,
              "candidate_end": 2491,
              "candidate_path": "/private/tmp/geode-clean-archive-2f2b450/research/local_review/ebenezer-016-017-reconciliation-2026-09-12/historical-packet/baseline/EB-PDF-016/inputs/candidate.txt",
              "sha256": "c287f85d6bb11a12e963ee45a483714eb20d99f95f6928b060fa6eee04a29920"
            }
          ]
        },
        {
          "column_start": 2,
          "column_span": 1,
          "text": "25.0%",
          "status": "native_bound_visible_text",
          "native_spans": [
            {
              "physical_page": 1,
              "text": "25.0% \n",
              "native_start": 2538,
              "native_end": 2545,
              "candidate_native_offset": 56,
              "candidate_start": 2594,
              "candidate_end": 2601,
              "candidate_path": "/private/tmp/geode-clean-archive-2f2b450/research/local_review/ebenezer-016-017-reconciliation-2026-09-12/historical-packet/baseline/EB-PDF-016/inputs/candidate.txt",
              "sha256": "c625ffca0142806f5d0fddaebf0702dd4acefdd0b4c4002dcc08027242f022e8"
            }
          ]
        },
        {
          "column_start": 3,
          "column_span": 1,
          "text": "15.0%",
          "status": "native_bound_visible_text",
          "native_spans": [
            {
              "physical_page": 1,
              "text": "15.0% \n",
              "native_start": 2545,
              "native_end": 2552,
              "candidate_native_offset": 56,
              "candidate_start": 2601,
              "candidate_end": 2608,
              "candidate_path": "/private/tmp/geode-clean-archive-2f2b450/research/local_review/ebenezer-016-017-reconciliation-2026-09-12/historical-packet/baseline/EB-PDF-016/inputs/candidate.txt",
              "sha256": "5abcee7ad559189bc0494047edc875839813ebd851f2bb3902c7e3ed618d6599"
            }
          ]
        },
        {
          "column_start": 4,
          "column_span": 1,
          "text": "5.0%",
          "status": "native_bound_visible_text",
          "native_spans": [
            {
              "physical_page": 1,
              "text": "5.0% \n",
              "native_start": 2552,
              "native_end": 2558,
              "candidate_native_offset": 56,
              "candidate_start": 2608,
              "candidate_end": 2614,
              "candidate_path": "/private/tmp/geode-clean-archive-2f2b450/research/local_review/ebenezer-016-017-reconciliation-2026-09-12/historical-packet/baseline/EB-PDF-016/inputs/candidate.txt",
              "sha256": "a0aad943ac812635eb074c01b3ab37f8ba640d0ba4d1007d9011da88c179af04"
            }
          ]
        },
        {
          "column_start": 5,
          "column_span": 1,
          "text": "5.0%",
          "status": "native_bound_visible_text",
          "native_spans": [
            {
              "physical_page": 1,
              "text": "5.0% \n",
              "native_start": 2558,
              "native_end": 2564,
              "candidate_native_offset": 56,
              "candidate_start": 2614,
              "candidate_end": 2620,
              "candidate_path": "/private/tmp/geode-clean-archive-2f2b450/research/local_review/ebenezer-016-017-reconciliation-2026-09-12/historical-packet/baseline/EB-PDF-016/inputs/candidate.txt",
              "sha256": "a0aad943ac812635eb074c01b3ab37f8ba640d0ba4d1007d9011da88c179af04"
            }
          ]
        },
        {
          "column_start": 6,
          "column_span": 1,
          "text": "25.0%",
          "status": "native_bound_visible_text",
          "native_spans": [
            {
              "physical_page": 1,
              "text": "25.0% \n",
              "native_start": 2564,
              "native_end": 2571,
              "candidate_native_offset": 56,
              "candidate_start": 2620,
              "candidate_end": 2627,
              "candidate_path": "/private/tmp/geode-clean-archive-2f2b450/research/local_review/ebenezer-016-017-reconciliation-2026-09-12/historical-packet/baseline/EB-PDF-016/inputs/candidate.txt",
              "sha256": "c625ffca0142806f5d0fddaebf0702dd4acefdd0b4c4002dcc08027242f022e8"
            }
          ]
        },
        {
          "column_start": 7,
          "column_span": 1,
          "text": "25.0%",
          "status": "native_bound_visible_text",
          "native_spans": [
            {
              "physical_page": 1,
              "text": "25.0% \n",
              "native_start": 2571,
              "native_end": 2578,
              "candidate_native_offset": 56,
              "candidate_start": 2627,
              "candidate_end": 2634,
              "candidate_path": "/private/tmp/geode-clean-archive-2f2b450/research/local_review/ebenezer-016-017-reconciliation-2026-09-12/historical-packet/baseline/EB-PDF-016/inputs/candidate.txt",
              "sha256": "c625ffca0142806f5d0fddaebf0702dd4acefdd0b4c4002dcc08027242f022e8"
            }
          ]
        },
        {
          "column_start": 8,
          "column_span": 1,
          "text": "",
          "status": "visually_blank",
          "native_spans": []
        }
      ]
    },
    {
      "row_id": "eaf-change",
      "physical_page": 1,
      "role": "percent_change",
      "cells": [
        {
          "column_start": 1,
          "column_span": 1,
          "text": "% change",
          "status": "native_bound_visible_text",
          "native_spans": [
            {
              "physical_page": 1,
              "text": "% change\n",
              "native_start": 2608,
              "native_end": 2617,
              "candidate_native_offset": 56,
              "candidate_start": 2664,
              "candidate_end": 2673,
              "candidate_path": "/private/tmp/geode-clean-archive-2f2b450/research/local_review/ebenezer-016-017-reconciliation-2026-09-12/historical-packet/baseline/EB-PDF-016/inputs/candidate.txt",
              "sha256": "930d1836907339e8c9e4a41c2a8310dd17bbfa5c225d4741a891d8cb2ed31570"
            }
          ]
        },
        {
          "column_start": 2,
          "column_span": 1,
          "text": "-6.79%",
          "status": "native_bound_visible_text",
          "native_spans": [
            {
              "physical_page": 1,
              "text": "-6.79%\n",
              "native_start": 2617,
              "native_end": 2624,
              "candidate_native_offset": 56,
              "candidate_start": 2673,
              "candidate_end": 2680,
              "candidate_path": "/private/tmp/geode-clean-archive-2f2b450/research/local_review/ebenezer-016-017-reconciliation-2026-09-12/historical-packet/baseline/EB-PDF-016/inputs/candidate.txt",
              "sha256": "766b9bbfdd9a05953b1dac5fb20ea50bf77b235d8d67e47e8245741a2316d767"
            }
          ]
        },
        {
          "column_start": 3,
          "column_span": 1,
          "text": "-0.22%",
          "status": "native_bound_visible_text",
          "native_spans": [
            {
              "physical_page": 1,
              "text": "-0.22%\n",
              "native_start": 2624,
              "native_end": 2631,
              "candidate_native_offset": 56,
              "candidate_start": 2680,
              "candidate_end": 2687,
              "candidate_path": "/private/tmp/geode-clean-archive-2f2b450/research/local_review/ebenezer-016-017-reconciliation-2026-09-12/historical-packet/baseline/EB-PDF-016/inputs/candidate.txt",
              "sha256": "934779b03ed9b2a7e3a4cec1ce0d8c4a440ddd046b95eb14444e1fd0856e81ba"
            }
          ]
        },
        {
          "column_start": 4,
          "column_span": 1,
          "text": "-0.19%",
          "status": "native_bound_visible_text",
          "native_spans": [
            {
              "physical_page": 1,
              "text": "-0.19%\n",
              "native_start": 2631,
              "native_end": 2638,
              "candidate_native_offset": 56,
              "candidate_start": 2687,
              "candidate_end": 2694,
              "candidate_path": "/private/tmp/geode-clean-archive-2f2b450/research/local_review/ebenezer-016-017-reconciliation-2026-09-12/historical-packet/baseline/EB-PDF-016/inputs/candidate.txt",
              "sha256": "21650938d1e09e22a8f0efcb0fd7f97953cb90db442a8a51d88cf7dc792a1426"
            }
          ]
        },
        {
          "column_start": 5,
          "column_span": 1,
          "text": "5.28%",
          "status": "native_bound_visible_text",
          "native_spans": [
            {
              "physical_page": 1,
              "text": "5.28%\n",
              "native_start": 2638,
              "native_end": 2644,
              "candidate_native_offset": 56,
              "candidate_start": 2694,
              "candidate_end": 2700,
              "candidate_path": "/private/tmp/geode-clean-archive-2f2b450/research/local_review/ebenezer-016-017-reconciliation-2026-09-12/historical-packet/baseline/EB-PDF-016/inputs/candidate.txt",
              "sha256": "661e949fe4c330022681070585e61db6c5cb55f634d29b8fe72d4e580a875088"
            }
          ]
        },
        {
          "column_start": 6,
          "column_span": 1,
          "text": "-4.68%",
          "status": "native_bound_visible_text",
          "native_spans": [
            {
              "physical_page": 1,
              "text": "-4.68%\n",
              "native_start": 2644,
              "native_end": 2651,
              "candidate_native_offset": 56,
              "candidate_start": 2700,
              "candidate_end": 2707,
              "candidate_path": "/private/tmp/geode-clean-archive-2f2b450/research/local_review/ebenezer-016-017-reconciliation-2026-09-12/historical-packet/baseline/EB-PDF-016/inputs/candidate.txt",
              "sha256": "d52bcfd95753915d4204866c4a9c0a02dd579b485e1839f5f47009a70b59648d"
            }
          ]
        },
        {
          "column_start": 7,
          "column_span": 1,
          "text": "2.32%",
          "status": "native_bound_visible_text",
          "native_spans": [
            {
              "physical_page": 1,
              "text": "2.32%\n",
              "native_start": 2651,
              "native_end": 2657,
              "candidate_native_offset": 56,
              "candidate_start": 2707,
              "candidate_end": 2713,
              "candidate_path": "/private/tmp/geode-clean-archive-2f2b450/research/local_review/ebenezer-016-017-reconciliation-2026-09-12/historical-packet/baseline/EB-PDF-016/inputs/candidate.txt",
              "sha256": "4fb0810592a614e7f65c08124e83e3f1922c564ce9b3edeecbfee07c94126cea"
            }
          ]
        },
        {
          "column_start": 8,
          "column_span": 1,
          "text": "-2.07%",
          "status": "native_bound_visible_text",
          "native_spans": [
            {
              "physical_page": 1,
              "text": "-2.07%\n",
              "native_start": 2657,
              "native_end": 2664,
              "candidate_native_offset": 56,
              "candidate_start": 2713,
              "candidate_end": 2720,
              "candidate_path": "/private/tmp/geode-clean-archive-2f2b450/research/local_review/ebenezer-016-017-reconciliation-2026-09-12/historical-packet/baseline/EB-PDF-016/inputs/candidate.txt",
              "sha256": "2a1440966e1b690e2a8d3a9d4bf719952e23916fc88af7d7fcbac400fa9223de"
            }
          ]
        }
      ]
    },
    {
      "row_id": "fees-column-header",
      "physical_page": 2,
      "role": "column_header",
      "cells": [
        {
          "column_start": 1,
          "column_span": 2,
          "text": "Fee Structure",
          "status": "native_bound_visible_text",
          "native_spans": [
            {
              "physical_page": 2,
              "text": "Fee Structure \n",
              "native_start": 1578,
              "native_end": 1593,
              "candidate_native_offset": 2833,
              "candidate_start": 4411,
              "candidate_end": 4426,
              "candidate_path": "/private/tmp/geode-clean-archive-2f2b450/research/local_review/ebenezer-016-017-reconciliation-2026-09-12/historical-packet/baseline/EB-PDF-016/inputs/candidate.txt",
              "sha256": "d0e110ba37b30f8afb170152005731f3d2cfc9ae6f41a32e1065c83f2d8d6a08"
            }
          ]
        },
        {
          "column_start": 3,
          "column_span": 1,
          "text": "2025 Fee",
          "status": "native_bound_visible_text",
          "native_spans": [
            {
              "physical_page": 2,
              "text": "2025 \n",
              "native_start": 1593,
              "native_end": 1599,
              "candidate_native_offset": 2833,
              "candidate_start": 4426,
              "candidate_end": 4432,
              "candidate_path": "/private/tmp/geode-clean-archive-2f2b450/research/local_review/ebenezer-016-017-reconciliation-2026-09-12/historical-packet/baseline/EB-PDF-016/inputs/candidate.txt",
              "sha256": "4929c5f380db4e4e64244bb1627a910fe3e865746286961c3dcce2ed1254d609"
            },
            {
              "physical_page": 2,
              "text": "Fee \n",
              "native_start": 1608,
              "native_end": 1613,
              "candidate_native_offset": 2833,
              "candidate_start": 4441,
              "candidate_end": 4446,
              "candidate_path": "/private/tmp/geode-clean-archive-2f2b450/research/local_review/ebenezer-016-017-reconciliation-2026-09-12/historical-packet/baseline/EB-PDF-016/inputs/candidate.txt",
              "sha256": "625c42035f628b130c7d9bfb932180403f60f0619339980ea4a35dcf1d9bd2f3"
            }
          ]
        },
        {
          "column_start": 4,
          "column_span": 1,
          "text": "% Change",
          "status": "native_bound_visible_text",
          "native_spans": [
            {
              "physical_page": 2,
              "text": "% \n",
              "native_start": 1599,
              "native_end": 1602,
              "candidate_native_offset": 2833,
              "candidate_start": 4432,
              "candidate_end": 4435,
              "candidate_path": "/private/tmp/geode-clean-archive-2f2b450/research/local_review/ebenezer-016-017-reconciliation-2026-09-12/historical-packet/baseline/EB-PDF-016/inputs/candidate.txt",
              "sha256": "d39cf8cfab20e2e5431c71eb0b51aaa80741de7e28bc5af488e5de1239a068fb"
            },
            {
              "physical_page": 2,
              "text": "Change \n",
              "native_start": 1613,
              "native_end": 1621,
              "candidate_native_offset": 2833,
              "candidate_start": 4446,
              "candidate_end": 4454,
              "candidate_path": "/private/tmp/geode-clean-archive-2f2b450/research/local_review/ebenezer-016-017-reconciliation-2026-09-12/historical-packet/baseline/EB-PDF-016/inputs/candidate.txt",
              "sha256": "e87df8642f6080a43657a54d0976ebb1dde4c9970ae84b2e36ef20e0c0f5df13"
            }
          ]
        },
        {
          "column_start": 5,
          "column_span": 1,
          "text": "2026 Fee",
          "status": "native_bound_visible_text",
          "native_spans": [
            {
              "physical_page": 2,
              "text": "2026 \n",
              "native_start": 1602,
              "native_end": 1608,
              "candidate_native_offset": 2833,
              "candidate_start": 4435,
              "candidate_end": 4441,
              "candidate_path": "/private/tmp/geode-clean-archive-2f2b450/research/local_review/ebenezer-016-017-reconciliation-2026-09-12/historical-packet/baseline/EB-PDF-016/inputs/candidate.txt",
              "sha256": "c4362841f1265ed47991baebd539e7e82362332883e9f483aff1dd0c72c6164d"
            },
            {
              "physical_page": 2,
              "text": "Fee \n",
              "native_start": 1621,
              "native_end": 1626,
              "candidate_native_offset": 2833,
              "candidate_start": 4454,
              "candidate_end": 4459,
              "candidate_path": "/private/tmp/geode-clean-archive-2f2b450/research/local_review/ebenezer-016-017-reconciliation-2026-09-12/historical-packet/baseline/EB-PDF-016/inputs/candidate.txt",
              "sha256": "625c42035f628b130c7d9bfb932180403f60f0619339980ea4a35dcf1d9bd2f3"
            }
          ]
        }
      ]
    },
    {
      "row_id": "police-header",
      "physical_page": 2,
      "role": "group_header",
      "cells": [
        {
          "column_start": 1,
          "column_span": 1,
          "text": "Police Development Fee",
          "status": "native_bound_visible_text",
          "native_spans": [
            {
              "physical_page": 2,
              "text": "Police Development Fee \n",
              "native_start": 1626,
              "native_end": 1650,
              "candidate_native_offset": 2833,
              "candidate_start": 4459,
              "candidate_end": 4483,
              "candidate_path": "/private/tmp/geode-clean-archive-2f2b450/research/local_review/ebenezer-016-017-reconciliation-2026-09-12/historical-packet/baseline/EB-PDF-016/inputs/candidate.txt",
              "sha256": "185174f584de1898fdaeea980f7d7ade8f3546ac8406a75d77cddaf6f1cdd30c"
            }
          ]
        },
        {
          "column_start": 2,
          "column_span": 1,
          "text": "Unit",
          "status": "native_bound_visible_text",
          "native_spans": [
            {
              "physical_page": 2,
              "text": "Unit \n",
              "native_start": 1650,
              "native_end": 1656,
              "candidate_native_offset": 2833,
              "candidate_start": 4483,
              "candidate_end": 4489,
              "candidate_path": "/private/tmp/geode-clean-archive-2f2b450/research/local_review/ebenezer-016-017-reconciliation-2026-09-12/historical-packet/baseline/EB-PDF-016/inputs/candidate.txt",
              "sha256": "fa4f120c4a493e3e3c66cab9c58adcdf56ce1f2b4bfe7189c7195dd659086cdf"
            }
          ]
        },
        {
          "column_start": 3,
          "column_span": 1,
          "text": "",
          "status": "visually_blank",
          "native_spans": []
        },
        {
          "column_start": 4,
          "column_span": 1,
          "text": "",
          "status": "visually_blank",
          "native_spans": []
        },
        {
          "column_start": 5,
          "column_span": 1,
          "text": "",
          "status": "visually_blank",
          "native_spans": []
        }
      ]
    },
    {
      "row_id": "police-spacer",
      "physical_page": 2,
      "role": "spacer",
      "cells": [
        {
          "column_start": 1,
          "column_span": 5,
          "text": "",
          "status": "visually_blank",
          "native_spans": []
        }
      ]
    },
    {
      "row_id": "fire-header",
      "physical_page": 2,
      "role": "group_header",
      "cells": [
        {
          "column_start": 1,
          "column_span": 1,
          "text": "Fire Development Fee",
          "status": "native_bound_visible_text",
          "native_spans": [
            {
              "physical_page": 2,
              "text": "Fire Development Fee \n",
              "native_start": 2206,
              "native_end": 2228,
              "candidate_native_offset": 2833,
              "candidate_start": 5039,
              "candidate_end": 5061,
              "candidate_path": "/private/tmp/geode-clean-archive-2f2b450/research/local_review/ebenezer-016-017-reconciliation-2026-09-12/historical-packet/baseline/EB-PDF-016/inputs/candidate.txt",
              "sha256": "b7406c6c20dbd49599bd7ac380962c1cb929088480db9b569a379d365fd7493e"
            }
          ]
        },
        {
          "column_start": 2,
          "column_span": 1,
          "text": "Unit",
          "status": "native_bound_visible_text",
          "native_spans": [
            {
              "physical_page": 2,
              "text": "Unit \n",
              "native_start": 2228,
              "native_end": 2234,
              "candidate_native_offset": 2833,
              "candidate_start": 5061,
              "candidate_end": 5067,
              "candidate_path": "/private/tmp/geode-clean-archive-2f2b450/research/local_review/ebenezer-016-017-reconciliation-2026-09-12/historical-packet/baseline/EB-PDF-016/inputs/candidate.txt",
              "sha256": "fa4f120c4a493e3e3c66cab9c58adcdf56ce1f2b4bfe7189c7195dd659086cdf"
            }
          ]
        },
        {
          "column_start": 3,
          "column_span": 1,
          "text": "",
          "status": "visually_blank",
          "native_spans": []
        },
        {
          "column_start": 4,
          "column_span": 1,
          "text": "",
          "status": "visually_blank",
          "native_spans": []
        },
        {
          "column_start": 5,
          "column_span": 1,
          "text": "",
          "status": "visually_blank",
          "native_spans": []
        }
      ]
    },
    {
      "row_id": "fire-spacer",
      "physical_page": 2,
      "role": "spacer",
      "cells": [
        {
          "column_start": 1,
          "column_span": 5,
          "text": "",
          "status": "visually_blank",
          "native_spans": []
        }
      ]
    },
    {
      "row_id": "park-header",
      "physical_page": 2,
      "role": "group_header",
      "cells": [
        {
          "column_start": 1,
          "column_span": 2,
          "text": "Park Development Fee",
          "status": "native_bound_visible_text",
          "native_spans": [
            {
              "physical_page": 2,
              "text": "Park Development Fee \n",
              "native_start": 2790,
              "native_end": 2812,
              "candidate_native_offset": 2833,
              "candidate_start": 5623,
              "candidate_end": 5645,
              "candidate_path": "/private/tmp/geode-clean-archive-2f2b450/research/local_review/ebenezer-016-017-reconciliation-2026-09-12/historical-packet/baseline/EB-PDF-016/inputs/candidate.txt",
              "sha256": "63671070b625b192cca6af6e9681e97d9b5be0f2ed5264ddb7b0c3a4cd030f25"
            }
          ]
        },
        {
          "column_start": 3,
          "column_span": 1,
          "text": "",
          "status": "visually_blank",
          "native_spans": []
        },
        {
          "column_start": 4,
          "column_span": 1,
          "text": "",
          "status": "visually_blank",
          "native_spans": []
        },
        {
          "column_start": 5,
          "column_span": 1,
          "text": "",
          "status": "visually_blank",
          "native_spans": []
        }
      ]
    },
    {
      "row_id": "park-spacer",
      "physical_page": 2,
      "role": "spacer",
      "cells": [
        {
          "column_start": 1,
          "column_span": 5,
          "text": "",
          "status": "visually_blank",
          "native_spans": []
        }
      ]
    },
    {
      "row_id": "trails-header",
      "physical_page": 2,
      "role": "group_header",
      "cells": [
        {
          "column_start": 1,
          "column_span": 2,
          "text": "Trails Development Fee",
          "status": "native_bound_visible_text",
          "native_spans": [
            {
              "physical_page": 2,
              "text": "Trails Development Fee \n",
              "native_start": 3182,
              "native_end": 3206,
              "candidate_native_offset": 2833,
              "candidate_start": 6015,
              "candidate_end": 6039,
              "candidate_path": "/private/tmp/geode-clean-archive-2f2b450/research/local_review/ebenezer-016-017-reconciliation-2026-09-12/historical-packet/baseline/EB-PDF-016/inputs/candidate.txt",
              "sha256": "259d29ad90204fca13b604ffc5e8c89d6e28786ccefe7a0edecf6a12147ad4af"
            }
          ]
        },
        {
          "column_start": 3,
          "column_span": 1,
          "text": "",
          "status": "visually_blank",
          "native_spans": []
        },
        {
          "column_start": 4,
          "column_span": 1,
          "text": "",
          "status": "visually_blank",
          "native_spans": []
        },
        {
          "column_start": 5,
          "column_span": 1,
          "text": "",
          "status": "visually_blank",
          "native_spans": []
        }
      ]
    },
    {
      "row_id": "trails-spacer",
      "physical_page": 2,
      "role": "spacer",
      "cells": [
        {
          "column_start": 1,
          "column_span": 5,
          "text": "",
          "status": "visually_blank",
          "native_spans": []
        }
      ]
    },
    {
      "row_id": "storm-drainage-header",
      "physical_page": 2,
      "role": "group_header",
      "cells": [
        {
          "column_start": 1,
          "column_span": 1,
          "text": "Storm Drainage Development Fee",
          "status": "native_bound_visible_text",
          "native_spans": [
            {
              "physical_page": 2,
              "text": "Storm Drainage Development Fee \n",
              "native_start": 3560,
              "native_end": 3592,
              "candidate_native_offset": 2833,
              "candidate_start": 6393,
              "candidate_end": 6425,
              "candidate_path": "/private/tmp/geode-clean-archive-2f2b450/research/local_review/ebenezer-016-017-reconciliation-2026-09-12/historical-packet/baseline/EB-PDF-016/inputs/candidate.txt",
              "sha256": "2642066d0d6de5779a43a1b8608378aa1289fa8b200c71adde4b16ac5460139d"
            }
          ]
        },
        {
          "column_start": 2,
          "column_span": 1,
          "text": "Unit",
          "status": "native_bound_visible_text",
          "native_spans": [
            {
              "physical_page": 2,
              "text": "Unit \n",
              "native_start": 3592,
              "native_end": 3598,
              "candidate_native_offset": 2833,
              "candidate_start": 6425,
              "candidate_end": 6431,
              "candidate_path": "/private/tmp/geode-clean-archive-2f2b450/research/local_review/ebenezer-016-017-reconciliation-2026-09-12/historical-packet/baseline/EB-PDF-016/inputs/candidate.txt",
              "sha256": "fa4f120c4a493e3e3c66cab9c58adcdf56ce1f2b4bfe7189c7195dd659086cdf"
            }
          ]
        },
        {
          "column_start": 3,
          "column_span": 1,
          "text": "",
          "status": "visually_blank",
          "native_spans": []
        },
        {
          "column_start": 4,
          "column_span": 1,
          "text": "",
          "status": "visually_blank",
          "native_spans": []
        },
        {
          "column_start": 5,
          "column_span": 1,
          "text": "",
          "status": "visually_blank",
          "native_spans": []
        }
      ]
    },
    {
      "row_id": "transportation-header",
      "physical_page": 3,
      "role": "group_header",
      "cells": [
        {
          "column_start": 1,
          "column_span": 1,
          "text": "Transportation Development Fee",
          "status": "native_bound_visible_text",
          "native_spans": [
            {
              "physical_page": 3,
              "text": "Transportation Development Fee \n",
              "native_start": 231,
              "native_end": 263,
              "candidate_native_offset": 6613,
              "candidate_start": 6844,
              "candidate_end": 6876,
              "candidate_path": "/private/tmp/geode-clean-archive-2f2b450/research/local_review/ebenezer-016-017-reconciliation-2026-09-12/historical-packet/baseline/EB-PDF-016/inputs/candidate.txt",
              "sha256": "7654ea031eda308ef41b65b68eb9c44d8a7b969fb6ce55b5379e11a52c6000d5"
            }
          ]
        },
        {
          "column_start": 2,
          "column_span": 1,
          "text": "Unit",
          "status": "native_bound_visible_text",
          "native_spans": [
            {
              "physical_page": 3,
              "text": "Unit \n",
              "native_start": 263,
              "native_end": 269,
              "candidate_native_offset": 6613,
              "candidate_start": 6876,
              "candidate_end": 6882,
              "candidate_path": "/private/tmp/geode-clean-archive-2f2b450/research/local_review/ebenezer-016-017-reconciliation-2026-09-12/historical-packet/baseline/EB-PDF-016/inputs/candidate.txt",
              "sha256": "fa4f120c4a493e3e3c66cab9c58adcdf56ce1f2b4bfe7189c7195dd659086cdf"
            }
          ]
        },
        {
          "column_start": 3,
          "column_span": 1,
          "text": "",
          "status": "visually_blank",
          "native_spans": []
        },
        {
          "column_start": 4,
          "column_span": 1,
          "text": "",
          "status": "visually_blank",
          "native_spans": []
        },
        {
          "column_start": 5,
          "column_span": 1,
          "text": "",
          "status": "visually_blank",
          "native_spans": []
        }
      ]
    }
  ],
  "native_pages": [
    {
      "physical_page": 1,
      "text": " \n \n \n \n \n \n \n \n \n \n \n  \n  \n \n  \n \n \n \n \n  \n \n \n \n \n \n \n \n \n \n \n \n \n \n \n \n \n \n \n \n \n \n \n \n \n \n \n \n \n \n \n  \n \n \n \n \n \n \n \n \n \n \n \n \n \n \n \n \n \n \n \n  \n \n \n  \n \n \n \n \n \n \n \n \n \n \n \n \n \n \n \n \n \n \n \n \n \n \n \n \n \n \n \n \n \n \n \n \n \n \n \n \n \n \n  \n \n \n \n  \n \n \n \n \n \n \n \n \n \n \n  \n \n \n \n  \n \n \n \n \n \n \n \n \n \n  \n \n \n \n \n \n  \n \n \n \n \n \n \n \n \n \n  \n \n \n \n \n \n  \n \n \n \n \n \n \n \n \n \n  \n \n \n \n \n \n  \n \n \n \n \n \n \n \n \n \n \n \n \n \n  \n \n \n  \n  \n \n \n \n \n \n \n \n \n  \n  \n \n \n \n \n \n \n \n \n \n \n \n \n \n \n \n \n \n \n  \n \n \n  \n \n \n  \n \n \n \n \n \n \n \n \n \n \n \n \n \n \n \n \n \n \n \n  \n \n \n  \n \n \n \n \n \n \n \n \n \n \n \n \n \n \n \n \n \n \n \n \n \n \n \n \n \n \n \n \n-A\n2026 Development Impact Fee Schedule \nFINANCE DEPARTMENT \nMEMORANDUM \nDATE: \nNovember 1, 2025 \nFROM: \nCity of Greeley, Colorado \nRE: \n2026 Development Impact Fees \nIn the 2023 adoption of the Police, Fire, Park, Trails, Storm Drainage, and Transportation development \nimpact fees, the methodology to adjust fees annually was adopted. City of Greeley Code Chapter \n4.64.055(b) states that the fees will be recalculated by applying the Economic Adjustment Factor \n(EAF). \nThe EAF is determined on an annual basis, using six weighted data variables, considered to be \nrepresentative of economic growth, the cost of materials and services associated with constructing \ncapital projects, and general economic conditions. The variables include: \n Percent change in Greeley Utility Customer Accounts – representing the growth and scope of \npublic services; \n Percent change in CDOT Construction Cost Index – representing the cost of providing \ntransportation networks; \n Percent change in Engineering News Records Construction Cost Index – representing material \ncosts associated with capital projects; \n Percent change in Engineering News Records Building Cost Index – representing labor costs \nassociated with capital projects; \n Percent change in Assessed Value of Greeley Real Property – representing growth and the \neconomic value of real property assets; and \n Percent change in Greeley MSA Employment – representing a general indicator of the \neconomic health of the area. \nThe 2026 EAF was calculated using the most reliable and consistent annual data sets from the \nprevious full year. Since the EAF is calculated on November 1, 2025, for the 2026 fee year, the \npercent change was calculated using year end 2024 compared to year end 2023. \n2026 EAF – Weighting and Percent Change by Indicator \nWeight \nGreeley \nGreeley \nUtility \nCDOT \nENR \nENR \nAssessed \nMSA \nCustomers \nCCI \nCCI \nBCI \nValue \nEmployment \n25.0% \n15.0% \n5.0% \n5.0% \n25.0% \n25.0% \nEconomic \nAdjustment \nFactor \n% change\n-6.79%\n-0.22%\n-0.19%\n5.28%\n-4.68%\n2.32%\n-2.07%\n",
      "native_start": 0,
      "native_end": 2664,
      "candidate_native_offset": 56,
      "candidate_start": 56,
      "candidate_end": 2720,
      "candidate_path": "/private/tmp/geode-clean-archive-2f2b450/research/local_review/ebenezer-016-017-reconciliation-2026-09-12/historical-packet/baseline/EB-PDF-016/inputs/candidate.txt",
      "sha256": "2127571d8efdb63da69f4c277e2b134d5698d2f2c66c6e14fd954385d24bf169"
    },
    {
      "physical_page": 2,
      "text": " \n \n \n \n \n \n \n \n \n \n \n \n \n \n \n \n \n \n \n \n \n \n \n \n \n \n \n  \n \n \n \n \n \n \n \n \n \n \n \n \n \n \n \n \n \n \n \n \n \n  \n \n \n \n \n \n \n \n \n \n \n \n \n \n \n \n \n \n \n \n \n \n \n \n  \n  \n \n \n \n \n \n \n \n \n \n \n \n \n  \n \n \n  \n \n \n \n \n \n \n \n \n \n \n \n \n \n \n  \n \n \n \n \n  \n \n \n \n \n \n \n \n \n  \n  \n  \n \n \n \n \n \n \n \n \n \n \n \n \n \n \n \n \n \n \n \n \n \n \n \n \n \n \n \n \n \n \n \n \n \n \n \n \n \n \n \n \n \n \n \n \n \n \n \n \n \n \n \n \n \n \n  \n \n \n \n \n  \n \n \n \n  \n \n \n \n \n \n \n  \n \n \n \n \n  \n \n \n \n \n \n \n \n \n \n \n \n \n \n \n \n \n \n \n \n \n \n \n \n \n \n \n \n \n \n \n \n \n \n \n \n \n \n \n \n \n \n \n \n \n \n \n \n \n \n \n \n \n \n \n \n \n \n \n \n \n \n  \n \n \n \n \n  \n \n \n \n  \n \n \n \n \n \n \n  \n \n \n \n \n  \n \n \n \n \n \n \n \n \n \n \n \n \n \n \n \n \n \n \n \n \n \n \n \n \n \n \n \n \n \n \n \n \n \n \n \n \n \n \n \n \n \n \n \n \n \n \n \n \n \n \n \n \n \n \n \n \n \n \n   \n \n \n \n \n \n \n \n \n \n \n \n \n \n \n \n \n \n \n \n \n \n \n \n \n \n \n \n \n \n \n \n \n \n \n \n \n \n \n \n \n \n \n \n \n \n \n \n \n \n \n \n \n \n \n \n \n \n \n  \n \n \n \n \n \n \n  \n \n \n \n \n \n \n \n \n \n  \n  \n  \n  \n  \n  \n  \n  \n  \n  \n2026 Development Impact Fee Schedule \nFor 2026, based on the methodology (applying the economic adjustment factor to the 2025 fee, \nrounding the result to zero decimals and comparing it to the 2025 fee), the Police, Fire, Park, Trails, \nStorm Drainage, and Transportation development impact fees will decrease an average of -2.07%. \nThe Water and Sewer board establishes the Water and Sewer Plant Investment Fees (PIF), the \nequivalent to impact fees. These will be adopted in December. \nThe fee adjustment requires public notification approximately 120 days before the March 1, 2026 \neffective date. The fee changes by type of Development Impact Fee are presented on the attached \nschedule. \nFee Structure \n2025 \n% \n2026 \nFee \nChange \nFee \nPolice Development Fee \nUnit \nResidential 1,200 square feet or less of heated living space \n$156 \n-1.92% \n$153 \nResidential 1,201 square feet to 1,500 square feet of heated living space \n$276 \n-2.17% \n$270 \nResidential 1,501 square feet to 1,800 square feet of heated living space \n$314 \n-1.91% \n$308 \nResidential 1,801 square feet or more of heated living space \n$334 \n-2.10% \n$327 \nRetail/Restaurant \n1,000 Sq. Ft of Building \n$1,004 \n-2.09% \n$983 \nOffice & Other Services \n1,000 Sq. Ft of Building \n$539 \n-2.04% \n$528 \nIndustrial \n1,000 Sq. Ft of Building \n$275 \n-2.18% \n$269 \nFire Development Fee \nUnit \nResidential 1,200 square feet or less of heated living space \n$409 \n-1.96% \n$401 \nResidential 1,201 square feet to 1,500 square feet of heated living space \n$718 \n-2.09% \n$703 \nResidential 1,501 square feet to 1,800 square feet of heated living space \n$815 \n-2.09% \n$798 \nResidential 1,801 square feet or more of heated living space \n$869 \n-2.07% \n$851 \nRetail/Restaurant \n1,000 Sq. Ft of Building \n$2,235 \n-2.06% \n$2,189 \nOffice & Other Services \n1,000 Sq. Ft of Building \n$1,200 \n-2.08% \n$1,175 \nIndustrial \n1,000 Sq. Ft of Building \n$613 \n-2.12% \n$600 \nPark Development Fee \nResidential 1,200 square feet or less of heated living space \n$3,036 \n-2.08% \n$2,973 \nResidential 1,201 square feet to 1,500 square feet of heated living space \n$5,334 \n-2.06% \n$5,224 \nResidential 1,501 square feet to 1,800 square feet of heated living space \n$6,048 \n-2.07% \n$5,923 \nResidential 1,801 square feet or more of heated living space \n$6,449 \n-2.06% \n$6,316 \nTrails Development Fee \nResidential 1,200 square feet or less of heated living space \n$456 \n-1.97% \n$447 \nResidential 1,201 square feet to 1,500 square feet of heated living space \n$801 \n-2.12% \n$784 \nResidential 1,501 square feet to 1,800 square feet of heated living space \n$906 \n-2.10% \n$887 \nResidential 1,801 square feet or more of heated living space \n$967 \n-2.07% \n$947 \nStorm Drainage Development Fee \nUnit \nImpervious Area \nPer Impervious Square Foot \n$0.315 \n-2.22% \n$0.308 \n",
      "native_start": 0,
      "native_end": 3667,
      "candidate_native_offset": 2833,
      "candidate_start": 2833,
      "candidate_end": 6500,
      "candidate_path": "/private/tmp/geode-clean-archive-2f2b450/research/local_review/ebenezer-016-017-reconciliation-2026-09-12/historical-packet/baseline/EB-PDF-016/inputs/candidate.txt",
      "sha256": "9fd2f0b2ecf36ceb23ad6e352441043217f16700aea1e3b52ec7a84806577a40"
    },
    {
      "physical_page": 3,
      "text": " \n \n \n \n \n \n \n \n \n \n \n \n \n \n \n \n \n \n \n \n \n \n \n \n \n \n \n \n \n \n \n \n \n \n \n \n \n \n \n \n \n \n \n \n \n \n \n \n \n \n \n \n \n \n \n \n \n \n \n \n \n \n \n \n \n \n \n \n \n \n \n \n \n \n \n \n \n  \n \n \n \n \n \n \n \n \n \n \n \n \n \n \n \n \n \n \n2026 Development Impact Fee Schedule \nTransportation Development Fee \nUnit \nResidential 1,200 square feet or less of heated living space \nResidential 1,201 square feet to 1,500 square feet of heated living space \nResidential 1,501 square feet to 1,800 square feet of heated living space \nResidential 1,801 square feet or more of heated living space \nRetail/Restaurant \n1,000 Square Feet of Building \nOffice & Other Services \n1,000 Square Feet of Building \n$3,810 \n$7,037 \n$8,058 \n$8,609 \n$9,963 \n$6,426 \n-2.07% \n-2.06% \n-2.07% \n-2.07% \n-2.07% \n-2.07% \n$3,731 \n$6,892 \n$7,891 \n$8,431 \n$9,757 \n$6,293 \nIndustrial \n1,000 Square Feet of Building \n$3,273 \n-2.08% \n$3,205 \n",
      "native_start": 0,
      "native_end": 860,
      "candidate_native_offset": 6613,
      "candidate_start": 6613,
      "candidate_end": 7473,
      "candidate_path": "/private/tmp/geode-clean-archive-2f2b450/research/local_review/ebenezer-016-017-reconciliation-2026-09-12/historical-packet/baseline/EB-PDF-016/inputs/candidate.txt",
      "sha256": "35f777dfc486122072173e0038f44091b9cdb49d9a30e4c27aab80df436aa94a"
    }
  ],
  "matched_context_ids": [],
  "date_statements": [
    {
      "id": "memo-identity",
      "role": "date_claim",
      "statement": "The source identifies a Finance Department memorandum dated November 1, 2025, from City of Greeley, Colorado, concerning 2026 Development Impact Fees.",
      "qualification": "The memorandum date and subject year do not independently establish an adopted ordinance or current fees.",
      "native_spans": [
        {
          "physical_page": 1,
          "text": "2026 Development Impact Fee Schedule \nFINANCE DEPARTMENT \nMEMORANDUM \nDATE: \nNovember 1, 2025 \nFROM: \nCity of Greeley, Colorado \nRE: \n2026 Development Impact Fees \n",
          "native_start": 598,
          "native_end": 762,
          "candidate_native_offset": 56,
          "candidate_start": 654,
          "candidate_end": 818,
          "candidate_path": "/private/tmp/geode-clean-archive-2f2b450/research/local_review/ebenezer-016-017-reconciliation-2026-09-12/historical-packet/baseline/EB-PDF-016/inputs/candidate.txt",
          "sha256": "b841f8afa8a796729d38ebe74069364865082bb400edfba529c6218e3bd89c47"
        }
      ],
      "page_image_paths": [
        "/private/tmp/geode-clean-archive-2f2b450/research/local_review/ebenezer-016-017-reconciliation-2026-09-12/historical-packet/baseline/EB-PDF-016/inputs/page-0001.png"
      ]
    },
    {
      "id": "eaf-data-period",
      "role": "date_claim",
      "statement": "The source says the EAF is calculated on November 1, 2025 for fee year 2026 using year end 2024 compared with year end 2023.",
      "qualification": "Calculation date, fee year and underlying annual comparison periods remain separate. No newer source was opened.",
      "native_spans": [
        {
          "physical_page": 1,
          "text": "The 2026 EAF was calculated using the most reliable and consistent annual data sets from the \nprevious full year. Since the EAF is calculated on November 1, 2025, for the 2026 fee year, the \npercent change was calculated using year end 2024 compared to year end 2023. \n",
          "native_start": 2102,
          "native_end": 2371,
          "candidate_native_offset": 56,
          "candidate_start": 2158,
          "candidate_end": 2427,
          "candidate_path": "/private/tmp/geode-clean-archive-2f2b450/research/local_review/ebenezer-016-017-reconciliation-2026-09-12/historical-packet/baseline/EB-PDF-016/inputs/candidate.txt",
          "sha256": "30c445ce43488a6012fd62113a808c0c2ab1e65864f459c49f109dc962fb36ae"
        }
      ],
      "page_image_paths": [
        "/private/tmp/geode-clean-archive-2f2b450/research/local_review/ebenezer-016-017-reconciliation-2026-09-12/historical-packet/baseline/EB-PDF-016/inputs/page-0001.png"
      ]
    },
    {
      "id": "utility-separate-future-adoption",
      "role": "date_claim",
      "statement": "The Water and Sewer board is described as establishing Water and Sewer Plant Investment Fees, followed by These will be adopted in December.",
      "qualification": "The statement is future-facing relative to the memo; no explicit December year is supplied. This three-page source supplies no water or sewer rates, and the statement does not prove later adoption.",
      "native_spans": [
        {
          "physical_page": 2,
          "text": "The Water and Sewer board establishes the Water and Sewer Plant Investment Fees (PIF), the \nequivalent to impact fees. These will be adopted in December. \n",
          "native_start": 1218,
          "native_end": 1373,
          "candidate_native_offset": 2833,
          "candidate_start": 4051,
          "candidate_end": 4206,
          "candidate_path": "/private/tmp/geode-clean-archive-2f2b450/research/local_review/ebenezer-016-017-reconciliation-2026-09-12/historical-packet/baseline/EB-PDF-016/inputs/candidate.txt",
          "sha256": "81f76b670bbc403068c117961152a0c2a0301581651c61f54a2631551d745acf"
        }
      ],
      "page_image_paths": [
        "/private/tmp/geode-clean-archive-2f2b450/research/local_review/ebenezer-016-017-reconciliation-2026-09-12/historical-packet/baseline/EB-PDF-016/inputs/page-0002.png"
      ]
    },
    {
      "id": "notification-effective-date",
      "role": "date_claim",
      "statement": "The source describes public notification approximately 120 days before the March 1, 2026 effective date and refers to the attached fee schedule.",
      "qualification": "The approximate notification interval and stated effective date are source claims. No exact notice date, compliance finding or present applicability is inferred.",
      "native_spans": [
        {
          "physical_page": 2,
          "text": "The fee adjustment requires public notification approximately 120 days before the March 1, 2026 \neffective date. The fee changes by type of Development Impact Fee are presented on the attached \nschedule. \n",
          "native_start": 1373,
          "native_end": 1578,
          "candidate_native_offset": 2833,
          "candidate_start": 4206,
          "candidate_end": 4411,
          "candidate_path": "/private/tmp/geode-clean-archive-2f2b450/research/local_review/ebenezer-016-017-reconciliation-2026-09-12/historical-packet/baseline/EB-PDF-016/inputs/candidate.txt",
          "sha256": "096c60a9bc04536bacb38225752e15a5e45e22c58f241b27344f580c2caa9764"
        }
      ],
      "page_image_paths": [
        "/private/tmp/geode-clean-archive-2f2b450/research/local_review/ebenezer-016-017-reconciliation-2026-09-12/historical-packet/baseline/EB-PDF-016/inputs/page-0002.png"
      ]
    }
  ],
  "observations": [
    "This is a three-page visual/native fidelity review, not an adopted-fee or current-law certification.",
    "The source is a memorandum with schedules, not the independently checked adoption instrument. The quoted code and subsequent amendments were not opened.",
    "No fee totals, recalculated percentages, independent economic checks or jurisdiction-wide completeness claims are produced.",
    "Image-only logo words, non-visible native -A, table layout and native bullet encoding are disclosed separately from unchanged source wording.",
    "The source and candidate are exact copies from the frozen EB015–017 packet. The canonical retained original was byte-equal at review time.",
    "No network acquisition occurred in this review. The packet preserves upstream claims and actual repository intake separately; this review does not independently verify the original HTTP event.",
    "The copied packet manifest contains other assignment references for context. Verification here intentionally checks only this source and its three images and native pages; other packet documents are outside scope.",
    "The superseding disposition retains visible running titles on all three EB016 pages. The withdrawn not-visible conclusions must not be used.",
    "External chronology is not authenticated; EB017 PASS1_NOTES bytes remain missing. Review dispositions are source QA, not legal-currentness findings."
  ],
  "mandatory_qualification": "Greeley Finance Department memorandum, dated November 1, 2025, for the 2026 fee year; March 1, 2026 is a source-stated effective date, not independently verified. The memo's separate Water and Sewer adoption in December is prospective, with no explicit December year or rates, and does not establish adoption of the distinct 2020 PIF notice.",
  "boundary": "The preserved source states these reviewed rows, not current law, a computed charge or a determination of applicability. Printed columns, merged cells, blank cells and source qualifications remain distinct. No match does not establish free, exempt or unregulated activity. Legal dates and later adoption remain unverified.",
  "legal_currentness": "not_verified",
  "external_review_status": "reconciled_with_superseding_qualification",
  "answer_safe": false,
  "adoption_date": null,
  "effective_date": null,
  "source_edition_date": null
}
